account_id,open_date,statement_frequency,district_id,district_name,region,owner_client_id,gender,age_at_1998,avg_balance_1998,balance_dec98,min_balance_1998,negative_months_1998,txn_count_1998,cards,top_card,loan_id,loan_amount,loan_status,loan_is_bad,tier
3255,1993-09-15,Monthly statement,1,Hl.m. Praha,Prague,3938,M,18,107351.675,127379.3,84046.3,0,23,1,junior,,,,,Premium
200,1994-07-03,Monthly statement,17,Pelhrimov,south Bohemia,242,F,37,104308.25833333335,98905.8,96468.7,0,58,1,classic,,,,,Premium
5891,1993-01-25,Monthly statement,54,Brno - mesto,south Moravia,7127,M,41,103711.59999999999,106849.2,69348.79999999999,0,84,1,gold,6202.0,65184.0,A,0.0,Premium
7944,1993-12-27,Monthly statement,59,Kromeriz,south Moravia,9820,F,30,103242.38333333335,113983.4,94589.9,0,64,0,,,,,,Premium
3413,1993-07-13,Monthly statement,70,Karvina,north Moravia,4126,M,23,102786.88333333332,101641.59999999999,89992.5,0,102,0,,,,,,Premium
6148,1993-12-27,Monthly statement,74,Ostrava - mesto,north Moravia,7422,M,40,102149.00833333335,117837.6,86153.7,0,86,1,classic,6253.0,59760.0,A,0.0,Premium
3654,1993-07-13,Monthly statement,47,Pardubice,east Bohemia,4405,F,39,100021.76666666666,102960.5,87223.6,0,79,1,gold,,,,,Premium
1305,1993-08-25,Monthly statement,57,Hodonin,south Moravia,1579,M,35,99828.0,107871.7,84920.8,0,65,1,gold,,,,,Premium
1610,1993-05-17,Monthly statement,52,Usti nad Orlici,east Bohemia,1952,F,27,99635.075,101337.0,82967.40000000001,0,81,0,,,,,,Premium
9236,1993-08-18,Monthly statement,11,Praha - zapad,central Bohemia,11372,M,37,99241.16666666667,109184.0,83080.1,0,107,0,,6876.0,86616.0,A,0.0,Premium
3785,1993-03-24,Monthly statement,10,Praha - vychod,central Bohemia,4563,F,27,99192.01666666666,64642.4,64642.4,0,81,0,,,,,,Premium
8212,1993-08-21,Statement after transaction,52,Usti nad Orlici,east Bohemia,10145,F,33,98812.64166666666,100373.09999999999,80318.79999999999,0,74,1,classic,,,,,Premium
1016,1993-09-29,Monthly statement,40,Teplice,north Bohemia,1220,F,45,98710.90000000001,119384.9,83657.3,0,84,1,gold,,,,,Premium
1151,1995-06-23,Monthly statement,40,Teplice,north Bohemia,1384,F,45,98282.74166666665,97894.5,77844.2,0,75,1,classic,,,,,Premium
1485,1993-10-03,Monthly statement,36,Liberec,north Bohemia,1799,M,39,97896.5,109357.1,73199.00000000001,0,92,1,gold,,,,,Premium
1919,1994-12-04,Monthly statement,18,Pisek,south Bohemia,2329,M,25,97077.68333333335,107652.1,80889.0,0,94,1,classic,,,,,Premium
33,1993-08-26,Monthly statement,22,Domazlice,west Bohemia,41,M,30,96631.93333333333,112406.0,82684.5,0,64,1,gold,,,,,Premium
3693,1993-01-29,Monthly statement,61,Trebic,south Moravia,4453,F,22,96365.45000000001,99453.90000000001,50583.0,0,75,0,,,,,,Premium
4078,1993-01-30,Monthly statement,40,Teplice,north Bohemia,4915,M,35,96361.57500000001,117561.6,83425.5,0,54,1,classic,,,,,Premium
1378,1993-03-04,Monthly statement,59,Kromeriz,south Moravia,1668,F,49,96289.65833333334,99419.1,85708.6,0,108,1,gold,,,,,Premium
648,1993-11-09,Monthly statement,13,Rakovnik,central Bohemia,778,M,58,96281.03333333333,109049.2,72928.3,0,77,1,classic,,,,,Premium
1695,1993-01-03,Monthly statement,76,Sumperk,north Moravia,2058,M,27,95792.46666666666,106897.2,68223.79999999999,0,95,1,gold,,,,,Premium
4321,1993-04-18,Monthly statement,47,Pardubice,east Bohemia,5204,M,35,95755.54166666669,113400.60000000002,63374.80000000001,0,88,1,classic,,,,,Premium
950,1993-08-26,Monthly statement,49,Semily,east Bohemia,1146,M,33,95611.74166666668,85923.6,60411.8,0,72,1,classic,,,,,Premium
8856,1994-12-18,Monthly statement,15,Cesky Krumlov,south Bohemia,10912,M,35,95261.68333333335,138317.80000000002,54678.10000000001,0,101,1,gold,,,,,Premium
8132,1993-04-17,Weekly statement,5,Kolin,central Bohemia,10046,F,52,94291.31666666667,124603.5,69343.09999999999,0,73,0,,,,,,Premium
4350,1993-04-04,Monthly statement,63,Vyskov,south Moravia,5241,M,20,94282.84999999999,108934.4,68575.0,0,69,0,,,,,,Premium
2647,1993-02-08,Monthly statement,73,Opava,north Moravia,3193,F,48,94229.90000000001,104800.4,80086.7,0,78,0,,,,,,Premium
2867,1993-11-04,Monthly statement,30,Sokolov,west Bohemia,3465,M,56,94040.20833333333,90679.9,60473.8,0,81,1,gold,,,,,Premium
2245,1993-03-30,Monthly statement,29,Rokycany,west Bohemia,2719,F,34,93882.69166666665,125281.29999999999,46104.59999999999,0,92,0,,5418.0,347952.0,C,0.0,Premium
5868,1993-02-02,Monthly statement,44,Chrudim,east Bohemia,7100,F,37,93142.5666666667,101977.50000000001,62828.400000000016,0,80,0,,,,,,Premium
3367,1993-04-01,Monthly statement,1,Hl.m. Praha,Prague,4071,F,56,93025.34166666667,64856.000000000015,61993.10000000001,0,83,0,,,,,,Premium
4000,1993-08-02,Monthly statement,7,Melnik,central Bohemia,4823,M,16,92952.21666666667,106119.3,63183.3,0,76,1,junior,,,,,Premium
2574,1993-02-02,Monthly statement,68,Frydek - Mistek,north Moravia,3105,M,51,92804.65833333333,108723.2,45626.9,0,76,0,,,,,,Premium
2894,1993-08-28,Monthly statement,17,Pelhrimov,south Bohemia,3498,M,60,92675.49999999999,59943.69999999998,59943.69999999998,0,82,0,,,,,,Premium
437,1993-12-03,Monthly statement,43,Hradec Kralove,east Bohemia,526,M,34,92644.76666666666,83553.7,71103.9,0,94,0,,,,,,Premium
3999,1993-05-06,Monthly statement,35,Jablonec n. Nisou,north Bohemia,4821,F,59,92561.24166666665,105154.8,62340.5,0,93,1,classic,,,,,Premium
1392,1993-04-28,Monthly statement,60,Prostejov,south Moravia,1685,F,54,92215.76666666666,64969.3,64969.3,0,83,0,,,,,,Premium
1813,1994-02-11,Monthly statement,47,Pardubice,east Bohemia,2197,F,36,92013.125,91008.0,56597.600000000006,0,104,0,,,,,,Premium
3151,1996-02-21,Monthly statement,6,Kutna Hora,central Bohemia,3811,M,46,91921.26666666666,107238.8,72351.2,0,85,1,classic,,,,,Premium
1404,1993-09-22,Weekly statement,7,Melnik,central Bohemia,1700,M,49,91352.65000000001,58637.50000000001,58637.50000000001,0,113,0,,,,,,Premium
2072,1993-10-17,Monthly statement,41,Usti nad Labem,north Bohemia,2513,M,57,90631.56666666667,114646.8,66531.7,0,67,1,classic,,,,,Premium
3923,1993-03-30,Monthly statement,52,Usti nad Orlici,east Bohemia,4731,F,25,90177.075,114260.1,65824.6,0,68,0,,,,,,Premium
3617,1993-11-15,Monthly statement,22,Domazlice,west Bohemia,4364,M,21,90056.54166666667,92026.8,75288.40000000001,0,98,0,,,,,,Premium
397,1993-10-26,Monthly statement,11,Praha - zapad,central Bohemia,479,M,51,89697.83333333333,105471.5,65872.59999999999,0,60,0,,,,,,Premium
816,1993-08-05,Monthly statement,52,Usti nad Orlici,east Bohemia,980,M,37,89423.14999999998,100957.29999999999,34661.59999999999,0,97,0,,5131.0,48624.0,A,0.0,Premium
1272,1993-05-25,Weekly statement,40,Teplice,north Bohemia,1535,M,62,89262.96666666666,93598.29999999999,70145.4,0,46,0,,,,,,Premium
1332,1993-03-25,Monthly statement,59,Kromeriz,south Moravia,1613,M,37,89097.14166666668,95531.8,79248.90000000001,0,72,0,,,,,,Premium
596,1994-10-13,Monthly statement,31,Tachov,west Bohemia,714,M,28,89058.34999999999,87915.4,49158.899999999994,0,64,1,classic,,,,,Premium
1780,1993-04-02,Monthly statement,1,Hl.m. Praha,Prague,2157,M,53,89000.0,96580.5,67952.70000000001,0,76,1,classic,,,,,Premium
1518,1993-04-21,Monthly statement,67,Bruntal,north Moravia,1841,F,45,88983.13333333335,114544.6,78638.6,0,63,0,,,,,,Premium
981,1995-03-25,Monthly statement,66,Zdar nad Sazavou,south Moravia,1182,F,52,88945.13333333335,104435.2,76383.1,0,83,1,classic,,,,,Premium
463,1995-05-08,Monthly statement,51,Trutnov,east Bohemia,557,M,59,88864.16666666667,105340.70000000001,77179.40000000001,0,75,0,,,,,,Premium
498,1993-11-21,Monthly statement,1,Hl.m. Praha,Prague,598,M,28,88358.02500000001,100027.2,52366.6,0,64,0,,,,,,Premium
363,1994-05-06,Monthly statement,1,Hl.m. Praha,Prague,441,M,39,87757.34166666667,103497.0,37421.3,0,90,1,classic,,,,,Premium
759,1993-08-01,Monthly statement,23,Cheb,west Bohemia,909,M,23,87741.73333333334,107632.59999999999,74983.9,0,75,0,,,,,,Premium
1005,1993-02-23,Weekly statement,54,Brno - mesto,south Moravia,1209,F,41,87734.89166666668,107122.5,63624.90000000001,0,80,0,,,,,,Premium
1779,1993-08-15,Monthly statement,33,Decin,north Bohemia,2156,F,32,87621.43333333333,78687.1,66799.3,0,101,1,gold,,,,,Premium
2008,1993-04-16,Monthly statement,52,Usti nad Orlici,east Bohemia,2438,F,52,87390.56666666667,90720.7,78832.4,0,84,0,,,,,,Premium
2838,1993-04-13,Weekly statement,3,Beroun,central Bohemia,3430,M,47,87318.41666666667,98694.7,47109.0,0,107,0,,,,,,Premium
2790,1994-10-18,Monthly statement,1,Hl.m. Praha,Prague,3369,M,46,87069.275,62381.7,62381.7,0,74,0,,,,,,Premium
886,1993-06-23,Monthly statement,1,Hl.m. Praha,Prague,1067,M,46,86927.47499999999,93910.1,73706.7,0,69,1,gold,,,,,Premium
3225,1993-11-01,Monthly statement,1,Hl.m. Praha,Prague,3900,M,55,86863.25,85171.8,72625.7,0,72,0,,,,,,Premium
3778,1993-07-04,Monthly statement,52,Usti nad Orlici,east Bohemia,4555,M,38,86841.25833333333,96578.7,60020.3,0,79,1,classic,,,,,Premium
651,1993-11-28,Monthly statement,72,Olomouc,north Moravia,781,M,53,86774.28333333334,44213.5,44213.5,0,80,0,,,,,,Premium
3609,1993-08-03,Monthly statement,28,Plzen - sever,west Bohemia,4353,F,19,86630.90833333334,106815.3,67001.20000000001,0,85,1,junior,,,,,Premium
2282,1993-09-17,Weekly statement,29,Rokycany,west Bohemia,2762,F,45,86600.41666666667,104051.5,41055.0,0,83,1,classic,,,,,Premium
11295,1993-01-21,Monthly statement,74,Ostrava - mesto,north Moravia,13886,F,44,86496.73333333334,103757.09999999999,67960.8,0,97,0,,,,,,Premium
3713,1993-06-08,Weekly statement,14,Ceske Budejovice,south Bohemia,4477,M,41,86430.23333333335,109751.00000000003,52785.80000000002,0,76,0,,,,,,Premium
627,1993-02-05,Monthly statement,63,Vyskov,south Moravia,754,F,51,86041.27500000001,100084.0,78069.2,0,70,0,,,,,,Premium
2884,1993-02-08,Monthly statement,1,Hl.m. Praha,Prague,3486,M,36,85902.66666666667,105066.6,65035.8,0,71,0,,,,,,Premium
1417,1994-12-20,Monthly statement,75,Prerov,north Moravia,1718,M,60,85854.31666666667,102352.6,74123.8,0,73,1,gold,,,,,Premium
4255,1993-11-08,Weekly statement,70,Karvina,north Moravia,5128,M,35,85807.34166666666,105110.5,61035.4,0,75,1,gold,,,,,Premium
2749,1994-05-23,Monthly statement,1,Hl.m. Praha,Prague,3319,F,19,85777.075,98505.7,49984.8,0,95,1,junior,,,,,Premium
10670,1993-11-18,Monthly statement,60,Prostejov,south Moravia,13123,F,20,85767.2,109956.29999999999,71092.7,0,85,0,,,,,,Premium
2641,1993-05-02,Monthly statement,7,Melnik,central Bohemia,3187,M,46,85705.21666666666,112332.5,69931.9,0,74,1,classic,,,,,Premium
1540,1995-03-29,Monthly statement,1,Hl.m. Praha,Prague,1867,F,54,85649.18333333333,99431.5,72572.9,0,83,0,,,,,,Premium
1039,1993-05-10,Weekly statement,70,Karvina,north Moravia,1246,M,36,85414.04166666667,105477.5,54952.5,0,73,1,gold,,,,,Premium
1464,1996-10-21,Monthly statement,73,Opava,north Moravia,1775,M,55,85372.69166666667,42321.299999999996,42321.299999999996,0,86,0,,,,,,Premium
4484,1993-02-03,Monthly statement,54,Brno - mesto,south Moravia,5409,M,50,85189.52500000001,82003.6,67644.3,0,77,0,,,,,,Premium
4342,1996-04-29,Monthly statement,74,Ostrava - mesto,north Moravia,5232,F,50,85175.01666666666,62482.9,52904.799999999996,0,100,1,classic,5862.0,100128.0,C,0.0,Premium
3107,1993-11-20,Monthly statement,5,Kolin,central Bohemia,3757,M,76,85158.15000000001,101046.5,69164.7,0,63,0,,,,,,Premium
1750,1993-01-26,Monthly statement,1,Hl.m. Praha,Prague,2122,F,28,85114.10833333334,88148.6,63012.80000000001,0,86,1,gold,,,,,Premium
2195,1994-10-08,Monthly statement,73,Opava,north Moravia,2657,M,50,85058.40000000001,85547.8,68048.1,0,59,1,classic,,,,,Premium
2824,1993-10-20,Monthly statement,11,Praha - zapad,central Bohemia,3414,F,51,85022.70833333333,98065.8,62706.8,0,84,1,gold,5549.0,50460.0,C,0.0,Premium
160,1993-09-04,Monthly statement,23,Cheb,west Bohemia,193,M,36,84893.15000000001,48937.7,48937.7,0,88,0,,,,,,Premium
977,1993-04-26,Monthly statement,1,Hl.m. Praha,Prague,1178,F,27,84892.8,99680.1,66270.20000000001,0,73,0,,,,,,Premium
468,1996-03-19,Monthly statement,49,Semily,east Bohemia,562,F,23,84832.28333333334,86492.3,74618.9,0,81,1,gold,,,,,Premium
3315,1995-08-24,Monthly statement,23,Cheb,west Bohemia,4007,M,50,84781.78333333334,101628.5,59419.9,0,53,1,classic,,,,,Premium
748,1993-04-08,Monthly statement,10,Praha - vychod,central Bohemia,896,F,25,84725.425,95782.9,56618.3,0,72,0,,,,,,Premium
3672,1996-03-19,Monthly statement,26,Plzen - mesto,west Bohemia,4426,F,29,84240.2,97347.4,66630.8,0,86,1,classic,,,,,Premium
6636,1993-08-04,Weekly statement,72,Olomouc,north Moravia,8013,M,56,83965.52500000001,88645.3,57153.8,0,86,0,,,,,,Premium
863,1993-05-16,Monthly statement,71,Novy Jicin,north Moravia,1040,M,38,83935.45833333333,55734.7,55734.7,0,86,1,classic,,,,,Premium
1411,1993-07-09,Monthly statement,54,Brno - mesto,south Moravia,1710,M,54,83838.43333333333,98188.1,66728.5,0,76,0,,,,,,Premium
6226,1993-07-26,Weekly statement,74,Ostrava - mesto,north Moravia,7521,F,38,83825.78333333334,94871.3,65608.40000000001,0,79,0,,6272.0,398640.0,C,0.0,Premium
501,1995-10-21,Monthly statement,13,Rakovnik,central Bohemia,603,F,32,83790.07500000001,81773.90000000001,61719.80000000001,0,100,0,,5082.0,262980.0,C,0.0,Premium
3771,1993-06-11,Monthly statement,22,Domazlice,west Bohemia,4547,F,55,83736.39166666668,94046.2,47231.00000000001,0,80,0,,,,,,Premium
6030,1993-08-24,Monthly statement,47,Pardubice,east Bohemia,7286,F,28,83624.84166666667,75745.90000000001,64045.40000000001,0,69,1,gold,6227.0,28248.0,A,0.0,Premium
11021,1993-08-10,Monthly statement,1,Hl.m. Praha,Prague,13548,M,22,83470.28333333333,108431.29999999999,42448.299999999996,0,109,0,,7241.0,168984.0,B,1.0,Premium
441,1993-12-17,Weekly statement,27,Plzen - jih,west Bohemia,531,M,22,83368.75833333332,107550.4,50530.09999999999,0,91,1,junior,,,,,Premium
1869,1996-06-14,Monthly statement,1,Hl.m. Praha,Prague,2267,F,32,83258.175,93167.4,73220.4,0,72,1,classic,5332.0,37944.0,C,0.0,Premium
4894,1993-06-20,Monthly statement,14,Ceske Budejovice,south Bohemia,5911,M,63,82915.76666666665,81624.19999999998,54818.59999999999,0,76,1,classic,5997.0,117024.0,A,0.0,Premium
7907,1996-07-27,Monthly statement,70,Karvina,north Moravia,9775,M,38,82904.18333333333,58825.299999999996,54930.0,0,99,0,,6612.0,97392.0,A,0.0,Premium
1286,1993-11-23,Statement after transaction,66,Zdar nad Sazavou,south Moravia,1556,M,48,82868.84166666663,55535.09999999998,55535.09999999998,0,105,0,,,,,,Premium
1922,1996-02-09,Monthly statement,60,Prostejov,south Moravia,2332,F,49,82751.93333333333,53902.700000000004,53902.700000000004,0,65,1,classic,,,,,Premium
2087,1993-01-08,Weekly statement,7,Melnik,central Bohemia,2530,M,48,82725.9,61954.899999999994,61954.899999999994,0,75,0,,,,,,Premium
2419,1993-11-27,Monthly statement,24,Karlovy Vary,west Bohemia,2922,M,58,82723.04166666667,79097.20000000001,31594.60000000001,0,84,0,,5464.0,95808.0,A,0.0,Premium
1939,1996-04-19,Weekly statement,6,Kutna Hora,central Bohemia,2355,F,50,82688.6,83417.1,66216.5,0,96,0,,,,,,Premium
1746,1997-03-11,Monthly statement,1,Hl.m. Praha,Prague,2118,M,28,82588.65833333333,54031.899999999994,48577.6,0,61,0,,,,,,Premium
277,1994-05-01,Statement after transaction,32,Ceska Lipa,north Bohemia,334,M,29,82430.39166666668,90297.20000000001,41465.0,0,87,1,classic,,,,,Premium
1127,1993-01-27,Monthly statement,27,Plzen - jih,west Bohemia,1353,M,39,82135.91666666667,52465.49999999999,52465.49999999999,0,70,1,classic,,,,,Premium
4343,1993-11-22,Monthly statement,31,Tachov,west Bohemia,5233,M,31,81741.39166666666,101348.1,72279.9,0,59,1,classic,,,,,Premium
3424,1993-02-16,Monthly statement,74,Ostrava - mesto,north Moravia,4139,M,29,81724.79166666667,95297.5,66067.8,0,111,0,,,,,,Premium
862,1993-02-02,Weekly statement,64,Zlin,south Moravia,1039,F,18,81709.71666666666,103054.9,37262.8,0,78,1,junior,,,,,Premium
2111,1995-01-25,Weekly statement,42,Havlickuv Brod,east Bohemia,2555,M,35,81681.89166666665,107270.79999999999,43819.09999999999,0,77,1,classic,,,,,Premium
699,1993-09-17,Monthly statement,1,Hl.m. Praha,Prague,839,F,43,81574.075,113340.4,54651.29999999999,0,69,0,,,,,,Premium
2726,1995-04-20,Monthly statement,18,Pisek,south Bohemia,3292,M,58,81571.64166666666,77232.5,67783.8,0,74,1,gold,,,,,Premium
68,1994-12-20,Statement after transaction,37,Litomerice,north Bohemia,79,F,29,81392.54166666667,97117.50000000001,46491.90000000001,0,113,1,gold,,,,,Premium
1091,1993-09-09,Monthly statement,16,Jindrichuv Hradec,south Bohemia,1309,M,23,81077.98333333334,91519.4,72665.4,0,23,0,,,,,,Premium
9203,1993-02-27,Monthly statement,70,Karvina,north Moravia,11331,F,54,81034.15833333334,90389.1,54222.200000000004,0,97,1,gold,,,,,Premium
2501,1994-02-26,Monthly statement,30,Sokolov,west Bohemia,3019,M,29,81001.45833333333,97607.5,61382.700000000004,0,90,1,classic,,,,,Premium
9814,1995-01-19,Weekly statement,64,Zlin,south Moravia,12079,F,26,80982.61666666667,81606.3,23388.000000000004,0,116,1,gold,6995.0,96168.0,A,0.0,Premium
270,1995-01-23,Monthly statement,27,Plzen - jih,west Bohemia,326,F,31,80830.8,89226.8,68208.9,0,71,1,gold,,,,,Premium
96,1993-02-18,Monthly statement,68,Frydek - Mistek,north Moravia,114,F,29,80545.56666666667,84860.99999999999,55813.09999999999,0,118,1,classic,,,,,Premium
1074,1996-05-16,Monthly statement,59,Kromeriz,south Moravia,1289,M,52,80433.075,105596.2,65562.8,0,59,1,gold,,,,,Premium
2592,1993-09-01,Monthly statement,69,Jesenik,north Moravia,3128,F,54,80374.275,89140.59999999999,50681.79999999999,0,71,1,gold,,,,,Premium
9640,1993-03-13,Monthly statement,1,Hl.m. Praha,Prague,11866,M,61,80311.16666666666,111743.79999999999,30769.599999999995,0,96,0,,6960.0,76416.0,A,0.0,Premium
9869,1993-08-21,Monthly statement,12,Pribram,central Bohemia,12144,M,18,79879.71666666666,85701.5,71193.09999999999,0,91,1,junior,7004.0,331560.0,C,0.0,Premium
846,1996-03-09,Monthly statement,72,Olomouc,north Moravia,1020,F,21,79873.15833333334,114007.40000000002,52825.20000000001,0,90,1,classic,5136.0,187104.0,A,0.0,Premium
2472,1994-02-08,Monthly statement,60,Prostejov,south Moravia,2984,F,35,79834.71666666667,84777.0,55133.600000000006,0,73,1,classic,,,,,Premium
7774,1993-09-14,Statement after transaction,74,Ostrava - mesto,north Moravia,9616,M,36,79770.0666666667,47644.40000000002,47644.40000000002,0,85,0,,,,,,Premium
11069,1995-06-02,Monthly statement,37,Litomerice,north Bohemia,13608,F,35,79756.70833333334,117210.80000000002,34120.600000000006,0,85,0,,7250.0,119136.0,C,0.0,Premium
3968,1996-01-01,Monthly statement,36,Liberec,north Bohemia,4787,M,36,79443.325,105315.0,64004.7,0,59,0,,,,,,Premium
154,1994-06-21,Monthly statement,46,Nachod,east Bohemia,186,F,37,79350.89166666666,92360.3,72783.1,0,71,0,,,,,,Premium
2938,1993-08-04,Monthly statement,1,Hl.m. Praha,Prague,3548,M,23,79290.48333333332,50202.89999999999,44541.799999999996,0,116,0,,,,,,Premium
1169,1994-03-02,Statement after transaction,49,Semily,east Bohemia,1408,M,29,79093.92499999999,98260.4,27113.999999999993,0,111,0,,,,,,Premium
4276,1994-07-09,Monthly statement,43,Hradec Kralove,east Bohemia,5152,F,23,79045.34166666669,93934.20000000001,28043.300000000014,0,87,0,,,,,,Premium
1146,1993-09-12,Monthly statement,67,Bruntal,north Moravia,1378,F,57,79023.45833333333,68038.0,46671.9,0,88,1,classic,,,,,Premium
1805,1993-02-02,Monthly statement,1,Hl.m. Praha,Prague,2186,F,56,79015.25,85141.0,34832.1,0,76,0,,,,,,Premium
1063,1996-09-19,Monthly statement,68,Frydek - Mistek,north Moravia,1276,F,56,78942.19166666667,89300.1,56860.4,0,61,0,,,,,,Premium
1934,1994-10-05,Monthly statement,46,Nachod,east Bohemia,2349,F,30,78928.29166666667,75526.4,61659.9,0,111,0,,,,,,Premium
11111,1993-05-20,Monthly statement,1,Hl.m. Praha,Prague,13657,F,35,78916.48333333332,109173.29999999999,39153.799999999996,0,102,0,,7259.0,108144.0,A,0.0,Premium
7859,1995-03-14,Monthly statement,52,Usti nad Orlici,east Bohemia,9717,F,46,78890.40833333335,124542.40000000002,41938.20000000002,0,71,1,gold,6599.0,72120.0,A,0.0,Premium
1634,1994-06-04,Monthly statement,77,Vsetin,north Moravia,1980,M,39,78864.54166666667,100512.5,61945.2,0,60,1,classic,,,,,Premium
1410,1993-09-11,Monthly statement,74,Ostrava - mesto,north Moravia,1709,F,46,78804.125,86235.2,71468.59999999999,0,74,0,,,,,,Premium
3618,1993-09-29,Monthly statement,29,Rokycany,west Bohemia,4365,M,37,78767.1,95278.40000000001,52667.700000000004,0,85,0,,,,,,Premium
2179,1994-01-14,Weekly statement,1,Hl.m. Praha,Prague,2638,M,56,78756.2,61129.79999999999,56621.2,0,126,0,,,,,,Premium
3788,1993-04-10,Monthly statement,70,Karvina,north Moravia,4568,M,16,78719.075,88634.2,53302.6,0,71,1,junior,,,,,Premium
3869,1994-09-13,Monthly statement,72,Olomouc,north Moravia,4663,M,56,78694.8,115663.3,52919.6,0,95,1,classic,,,,,Premium
991,1993-05-18,Monthly statement,39,Most,north Bohemia,1195,F,59,78690.69166666667,54662.8,54662.8,0,71,0,,,,,,Premium
10650,1997-09-09,Monthly statement,76,Sumperk,north Moravia,13095,M,48,78533.4,41832.2,41832.2,0,81,1,gold,7171.0,196224.0,C,0.0,Premium
1891,1993-04-10,Monthly statement,32,Ceska Lipa,north Bohemia,2294,F,46,78466.93333333333,89510.9,64437.3,0,96,0,,,,,,Premium
2218,1994-11-21,Monthly statement,19,Prachatice,south Bohemia,2686,F,47,78211.31666666667,81659.3,28095.299999999996,0,80,1,classic,5409.0,182040.0,C,0.0,Premium
211,1997-07-19,Monthly statement,28,Plzen - sever,west Bohemia,254,M,35,78207.40833333334,68537.4,60670.3,0,71,1,classic,,,,,Premium
885,1993-06-25,Monthly statement,1,Hl.m. Praha,Prague,1066,M,58,77976.925,88361.6,68469.1,0,85,1,classic,,,,,Premium
665,1995-09-03,Monthly statement,8,Mlada Boleslav,central Bohemia,797,M,50,77961.11666666667,86745.5,54283.7,0,74,1,classic,,,,,Premium
1073,1994-02-27,Monthly statement,73,Opava,north Moravia,1288,M,26,77862.41666666667,95933.2,45657.9,0,73,0,,,,,,Premium
4361,1996-03-11,Monthly statement,69,Jesenik,north Moravia,5253,F,52,77819.58333333333,102768.9,54062.09999999999,0,80,1,gold,5868.0,90156.0,A,0.0,Premium
5477,1995-12-17,Monthly statement,57,Hodonin,south Moravia,6610,M,44,77751.02500000001,95113.20000000001,35927.600000000006,0,111,1,classic,6118.0,349392.0,C,0.0,Premium
2067,1994-04-07,Monthly statement,76,Sumperk,north Moravia,2506,M,22,77730.8,86927.9,52335.5,0,67,0,,,,,,Premium
1646,1996-05-27,Weekly statement,1,Hl.m. Praha,Prague,1996,M,61,77603.23333333332,86933.4,44174.399999999994,0,115,0,,,,,,Premium
2222,1993-05-01,Monthly statement,47,Pardubice,east Bohemia,2691,M,34,77422.54166666666,100251.59999999999,42099.899999999994,0,82,0,,,,,,Premium
3746,1996-06-04,Monthly statement,70,Karvina,north Moravia,4519,F,47,77364.45833333333,104119.7,65407.1,0,78,0,,,,,,Premium
776,1996-05-18,Monthly statement,66,Zdar nad Sazavou,south Moravia,928,F,47,77349.11666666667,90023.0,56598.4,0,96,1,gold,,,,,Premium
756,1995-01-13,Monthly statement,65,Znojmo,south Moravia,906,M,20,77301.28333333334,87421.2,70887.6,0,21,1,junior,,,,,Premium
521,1995-10-08,Monthly statement,9,Nymburk,central Bohemia,626,M,18,76970.40000000001,82609.90000000001,43659.3,0,109,1,junior,,,,,Premium
9583,1994-05-22,Weekly statement,31,Tachov,west Bohemia,11794,F,28,76882.25833333332,66507.49999999999,38020.7,0,112,0,,6949.0,104712.0,A,0.0,Premium
2167,1993-08-08,Monthly statement,16,Jindrichuv Hradec,south Bohemia,2623,F,33,76861.14166666666,72725.5,66210.3,0,78,1,classic,5390.0,170256.0,A,0.0,Premium
10738,1993-04-17,Weekly statement,45,Jicin,east Bohemia,13201,M,61,76853.94166666667,54988.1,37667.700000000004,0,124,1,classic,7192.0,115992.0,A,0.0,Premium
2262,1997-02-08,Monthly statement,13,Rakovnik,central Bohemia,2739,M,48,76818.31666666667,111214.5,38112.09999999999,0,102,1,classic,5428.0,230220.0,C,0.0,Premium
645,1997-08-21,Monthly statement,70,Karvina,north Moravia,774,M,25,76768.45,90536.7,29734.000000000004,0,93,0,,,,,,Premium
3003,1993-11-27,Monthly statement,18,Pisek,south Bohemia,3627,F,17,76766.61666666667,91828.0,55787.1,0,49,1,junior,,,,,Premium
3510,1993-01-07,Monthly statement,41,Usti nad Labem,north Bohemia,4238,F,27,76698.61666666668,47529.80000000001,44973.600000000006,0,85,0,,,,,,Premium
1963,1996-02-03,Monthly statement,42,Havlickuv Brod,east Bohemia,2388,M,27,76642.06666666667,81415.0,64149.3,0,76,1,gold,,,,,Premium
2227,1994-05-22,Weekly statement,31,Tachov,west Bohemia,2698,F,28,76476.59999999999,54972.09999999999,43924.69999999999,0,112,1,classic,5413.0,92976.0,A,0.0,Premium
3993,1996-01-24,Monthly statement,54,Brno - mesto,south Moravia,4814,M,36,76466.22499999999,82138.5,65987.7,0,72,0,,,,,,Premium
9707,1993-04-24,Monthly statement,70,Karvina,north Moravia,11947,M,34,76452.25,99872.5,46277.1,0,98,0,,,,,,Premium
3781,1993-03-26,Monthly statement,31,Tachov,west Bohemia,4559,F,40,76390.45,100773.8,69955.7,0,64,1,gold,,,,,Premium
8899,1994-09-05,Weekly statement,1,Hl.m. Praha,Prague,10963,M,54,76373.67499999999,64741.79999999999,39720.69999999999,0,120,0,,6785.0,125340.0,C,0.0,Premium
186,1993-07-29,Weekly statement,1,Hl.m. Praha,Prague,226,M,56,76321.26666666668,74437.8,38116.100000000006,0,88,0,,,,,,Premium
2803,1995-12-01,Monthly statement,58,Jihlava,south Moravia,3387,M,55,76276.9,81417.2,30607.799999999992,0,85,1,classic,,,,,Premium
610,1994-08-11,Monthly statement,74,Ostrava - mesto,north Moravia,731,F,19,76247.33333333334,98512.1,55114.100000000006,0,55,1,junior,,,,,Premium
6897,1993-04-23,Monthly statement,48,Rychnov nad Kneznou,east Bohemia,8327,F,53,76216.55833333335,93830.20000000001,47269.400000000016,0,82,0,,,,,,Premium
8316,1994-06-04,Monthly statement,70,Karvina,north Moravia,10269,F,58,76157.30833333333,121827.6,44268.80000000001,0,107,0,,6694.0,134784.0,A,0.0,Premium
11138,1995-08-18,Weekly statement,70,Karvina,north Moravia,13690,M,35,76139.80833333333,56022.399999999994,40611.1,0,100,1,classic,7263.0,89880.0,A,0.0,Premium
7861,1995-04-22,Monthly statement,34,Chomutov,north Bohemia,9721,M,44,76108.89166666668,90366.40000000001,58259.4,0,121,1,classic,6600.0,21852.0,A,0.0,Premium
1281,1997-04-14,Monthly statement,8,Mlada Boleslav,central Bohemia,1550,F,52,76098.9,101378.2,48344.299999999996,0,62,0,,,,,,Premium
7011,1993-10-08,Monthly statement,75,Prerov,north Moravia,8463,M,51,75953.33333333334,63317.600000000006,24106.90000000001,0,83,0,,,,,,Premium
8260,1993-03-24,Monthly statement,31,Tachov,west Bohemia,10198,M,22,75861.96666666666,68309.79999999999,27943.8,0,85,1,junior,6686.0,224604.0,A,0.0,Premium
2695,1993-09-16,Monthly statement,16,Jindrichuv Hradec,south Bohemia,3253,M,52,75821.09999999999,86295.59999999999,60220.9,0,73,1,gold,,,,,Premium
2219,1993-03-11,Monthly statement,60,Prostejov,south Moravia,2688,F,31,75771.80833333333,44178.59999999999,43701.299999999996,0,84,1,gold,,,,,Premium
2598,1996-03-14,Monthly statement,1,Hl.m. Praha,Prague,3134,M,60,75757.12499999999,108565.49999999999,35566.59999999999,0,87,1,gold,,,,,Premium
3069,1993-03-20,Monthly statement,66,Zdar nad Sazavou,south Moravia,3711,M,30,75611.94166666667,83497.90000000001,70831.7,0,77,0,,,,,,Premium
4616,1997-09-24,Monthly statement,1,Hl.m. Praha,Prague,5563,M,22,75580.25833333333,63445.5,41768.7,0,111,1,classic,5930.0,66696.0,C,0.0,Premium
2527,1993-03-19,Monthly statement,38,Louny,north Bohemia,3049,M,31,75563.35833333334,66682.5,60565.200000000004,0,84,0,,,,,,Premium
334,1993-05-24,Monthly statement,1,Hl.m. Praha,Prague,408,F,20,75536.8,96801.2,62800.3,0,84,0,,,,,,Premium
2977,1996-06-20,Monthly statement,28,Plzen - sever,west Bohemia,3595,M,33,75447.25833333335,80343.8,36125.600000000006,0,73,0,,,,,,Premium
2681,1995-01-19,Monthly statement,28,Plzen - sever,west Bohemia,3236,F,38,75415.59166666666,95253.09999999999,64958.7,0,75,1,gold,,,,,Premium
2796,1997-12-08,Weekly statement,5,Kolin,central Bohemia,3378,M,41,75374.72499999999,48601.799999999996,48601.799999999996,0,74,1,gold,,,,,Premium
285,1995-05-08,Monthly statement,17,Pelhrimov,south Bohemia,345,M,45,75240.56666666667,101148.8,64830.5,0,56,0,,,,,,Premium
3051,1996-01-01,Monthly statement,9,Nymburk,central Bohemia,3689,F,19,75215.75,53124.2,53124.2,0,118,1,junior,,,,,Premium
11186,1994-11-24,Monthly statement,12,Pribram,central Bohemia,13750,F,18,75212.86666666667,84778.8,43185.7,0,90,1,junior,7271.0,392460.0,C,0.0,Premium
3141,1995-01-06,Weekly statement,1,Hl.m. Praha,Prague,3798,F,44,75193.91666666667,101775.8,28922.5,0,70,0,,,,,,Premium
3906,1997-07-08,Monthly statement,52,Usti nad Orlici,east Bohemia,4710,F,37,75186.14166666666,93126.2,40825.799999999996,0,71,0,,5772.0,334620.0,C,0.0,Premium
339,1996-09-11,Weekly statement,46,Nachod,east Bohemia,414,F,51,75185.175,97985.8,55160.3,0,102,1,classic,5043.0,468060.0,C,0.0,Premium
2779,1993-06-15,Monthly statement,73,Opava,north Moravia,3356,M,24,75174.70833333334,78166.40000000001,69812.3,0,100,1,classic,,,,,Premium
969,1994-01-08,Monthly statement,19,Prachatice,south Bohemia,1168,M,20,75140.89166666668,65467.10000000001,51734.40000000001,0,69,1,junior,,,,,Premium
3086,1993-11-02,Monthly statement,1,Hl.m. Praha,Prague,3733,F,52,75118.54166666667,108917.4,43716.7,0,66,1,classic,,,,,Premium
1203,1995-08-09,Monthly statement,72,Olomouc,north Moravia,1452,F,58,75072.38333333333,90816.9,61930.3,0,110,1,gold,,,,,Premium
2912,1994-07-30,Monthly statement,74,Ostrava - mesto,north Moravia,3519,M,49,75047.31666666668,58694.30000000001,41232.00000000001,0,94,1,classic,5563.0,380160.0,C,0.0,Premium
1801,1993-02-13,Monthly statement,46,Nachod,east Bohemia,2181,M,30,74663.65833333334,93628.90000000001,32637.70000000001,0,121,0,,5316.0,165960.0,A,0.0,Premium
1338,1993-01-11,Monthly statement,74,Ostrava - mesto,north Moravia,1619,F,56,74615.95000000001,108977.3,40284.100000000006,0,118,0,,,,,,Premium
766,1996-04-21,Monthly statement,3,Beroun,central Bohemia,916,M,40,74563.65,91545.3,48114.9,0,75,0,,,,,,Premium
1407,1997-04-11,Statement after transaction,19,Prachatice,south Bohemia,1705,F,52,74510.89166666668,74174.50000000001,50542.50000000001,0,116,0,,5245.0,125472.0,C,0.0,Premium
2170,1994-05-19,Statement after transaction,1,Hl.m. Praha,Prague,2626,M,58,74394.30833333333,78047.5,60042.1,0,106,1,classic,,,,,Premium
4408,1994-04-11,Weekly statement,71,Novy Jicin,north Moravia,5312,M,51,74326.025,30221.099999999988,30221.099999999988,0,84,0,,,,,,Premium
1494,1997-10-08,Monthly statement,1,Hl.m. Praha,Prague,1811,M,59,74304.77500000001,79700.5,69054.2,0,54,1,gold,,,,,Premium
3402,1995-03-16,Weekly statement,76,Sumperk,north Moravia,4113,F,51,74261.33333333333,109411.70000000001,43377.9,0,109,0,,,,,,Premium
2288,1996-01-01,Monthly statement,69,Jesenik,north Moravia,2769,M,61,74260.725,80621.3,61540.8,0,72,0,,,,,,Premium
2966,1997-03-27,Monthly statement,33,Decin,north Bohemia,3581,M,31,74213.64166666668,77737.7,34748.00000000001,0,92,1,gold,,,,,Premium
2436,1993-05-25,Monthly statement,67,Bruntal,north Moravia,2942,F,32,74194.27500000001,77507.2,64465.799999999996,0,58,0,,,,,,Premium
3745,1993-08-04,Monthly statement,5,Kolin,central Bohemia,4518,F,46,74164.825,55575.4,48433.799999999996,0,99,1,classic,,,,,Premium
4743,1993-05-05,Monthly statement,64,Zlin,south Moravia,5722,F,39,74128.44166666667,91470.4,44136.09999999999,0,87,0,,,,,,Premium
188,1993-04-20,Monthly statement,54,Brno - mesto,south Moravia,228,F,42,74099.85833333332,100009.9,57867.6,0,73,0,,,,,,Premium
940,1994-11-15,Monthly statement,37,Litomerice,north Bohemia,1133,F,40,74071.84166666666,109138.79999999999,52390.89999999999,0,73,1,gold,5148.0,284280.0,C,0.0,Premium
1452,1995-09-16,Monthly statement,45,Jicin,east Bohemia,1761,M,50,74032.40000000001,102868.6,55154.0,0,58,0,,,,,,Premium
1592,1994-08-18,Monthly statement,38,Louny,north Bohemia,1930,F,64,74029.95833333333,86172.3,63787.1,0,72,1,gold,,,,,Premium
1174,1995-03-21,Monthly statement,70,Karvina,north Moravia,1414,F,24,74025.58333333333,81298.3,53847.6,0,98,0,,,,,,Premium
7769,1993-10-03,Monthly statement,23,Cheb,west Bohemia,9611,M,40,73934.39166666668,43924.30000000001,33220.50000000001,0,86,0,,6580.0,196080.0,A,0.0,Premium
9333,1996-11-08,Monthly statement,36,Liberec,north Bohemia,11491,F,40,73928.56666666667,71053.5,46319.5,0,100,1,classic,,,,,Premium
3526,1996-07-22,Monthly statement,1,Hl.m. Praha,Prague,4257,F,30,73748.69166666667,94224.4,53856.09999999999,0,96,0,,,,,,Premium
3200,1995-10-20,Statement after transaction,17,Pelhrimov,south Bohemia,3869,F,52,73724.19166666667,53351.00000000001,21515.700000000004,0,85,0,,,,,,Premium
904,1994-03-20,Monthly statement,1,Hl.m. Praha,Prague,1089,M,59,73597.77500000001,106048.6,58859.7,0,56,1,gold,,,,,Premium
2930,1996-08-24,Monthly statement,1,Hl.m. Praha,Prague,3538,F,54,73572.74166666667,85858.5,32901.600000000006,0,80,0,,,,,,Premium
2853,1995-09-08,Monthly statement,54,Brno - mesto,south Moravia,3447,F,49,73413.89166666666,77446.6,67861.3,0,69,0,,,,,,Premium
3364,1994-12-08,Weekly statement,21,Tabor,south Bohemia,4067,F,39,73355.35833333332,88928.9,44759.7,0,112,0,,,,,,Premium
4631,1996-12-12,Statement after transaction,77,Vsetin,north Moravia,5579,M,47,73328.10833333332,77200.5,31008.899999999998,0,72,1,classic,5933.0,87528.0,C,0.0,Premium
3579,1994-09-02,Monthly statement,53,Blansko,south Moravia,4317,F,20,73324.90833333334,76907.7,47740.9,0,74,0,,,,,,Premium
1519,1995-06-14,Monthly statement,9,Nymburk,central Bohemia,1842,M,55,73319.86666666667,75864.40000000001,61261.5,0,74,1,gold,,,,,Premium
5593,1996-02-27,Monthly statement,15,Cesky Krumlov,south Bohemia,6753,M,36,73282.72499999999,62671.8,48580.6,0,110,1,classic,6144.0,44376.0,A,0.0,Premium
3505,1993-09-23,Monthly statement,46,Nachod,east Bohemia,4233,M,60,73252.55,91313.1,56815.100000000006,0,72,0,,,,,,Premium
4434,1994-12-09,Monthly statement,41,Usti nad Labem,north Bohemia,5347,M,49,73238.80833333333,71576.29999999999,47027.6,0,100,0,,,,,,Premium
978,1993-08-18,Monthly statement,73,Opava,north Moravia,1179,F,68,73225.45,82240.3,57174.0,0,57,1,gold,,,,,Premium
10963,1995-05-20,Monthly statement,16,Jindrichuv Hradec,south Bohemia,13480,M,45,73193.15833333333,79061.5,45761.99999999999,0,81,0,,7233.0,115812.0,C,0.0,Premium
2729,1995-01-16,Monthly statement,40,Teplice,north Bohemia,3295,F,32,73167.96666666666,81794.59999999999,67370.9,0,69,0,,,,,,Premium
1835,1994-12-24,Monthly statement,74,Ostrava - mesto,north Moravia,2226,F,34,72985.31666666667,91379.3,56046.4,0,81,1,classic,,,,,Premium
403,1993-07-29,Monthly statement,1,Hl.m. Praha,Prague,487,F,76,72982.84166666666,79050.5,65060.0,0,59,1,classic,,,,,Premium
2023,1993-01-26,Monthly statement,68,Frydek - Mistek,north Moravia,2457,M,58,72968.475,95837.9,59479.700000000004,0,106,0,,,,,,Premium
3290,1996-12-09,Monthly statement,19,Prachatice,south Bohemia,3981,M,19,72846.56666666667,68383.6,49606.100000000006,0,61,1,junior,,,,,Premium
3368,1995-09-14,Monthly statement,24,Karlovy Vary,west Bohemia,4073,M,43,72820.59166666666,93445.0,54825.9,0,98,0,,,,,,Premium
3258,1993-06-05,Monthly statement,53,Blansko,south Moravia,3942,M,46,72743.09166666666,88804.2,46402.399999999994,0,96,0,,,,,,Premium
404,1995-04-28,Monthly statement,41,Usti nad Labem,north Bohemia,489,M,58,72716.38333333333,74017.0,35078.9,0,94,1,classic,,,,,Premium
1446,1995-01-18,Monthly statement,57,Hodonin,south Moravia,1754,M,19,72651.10833333334,93766.0,60652.1,0,70,1,junior,,,,,Premium
6289,1995-04-05,Monthly statement,64,Zlin,south Moravia,7594,F,49,72644.81666666667,73347.6,45536.6,0,95,0,,6283.0,85632.0,C,0.0,Premium
2844,1996-01-19,Monthly statement,43,Hradec Kralove,east Bohemia,3438,M,56,72509.04166666667,88165.20000000001,44274.5,0,59,0,,,,,,Premium
3727,1996-01-19,Monthly statement,66,Zdar nad Sazavou,south Moravia,4495,M,19,72501.65000000001,78671.5,65089.700000000004,0,91,1,junior,,,,,Premium
1819,1996-10-21,Weekly statement,55,Brno - venkov,south Moravia,2205,M,46,72472.90833333333,105345.0,23170.6,0,116,0,,5320.0,143676.0,C,0.0,Premium
1297,1993-07-27,Monthly statement,70,Karvina,north Moravia,1569,F,42,72432.44166666667,104133.4,52007.5,0,87,0,,,,,,Premium
1772,1995-02-20,Weekly statement,31,Tachov,west Bohemia,2148,F,45,72422.66666666667,76546.30000000002,44007.30000000001,0,92,0,,5312.0,202788.0,C,0.0,Premium
1032,1993-04-26,Monthly statement,11,Praha - zapad,central Bohemia,1239,F,22,72395.16666666667,99922.5,47698.8,0,72,1,junior,,,,,Premium
9307,1993-01-24,Monthly statement,68,Frydek - Mistek,north Moravia,11461,M,24,72393.49999999999,111644.79999999999,47696.79999999999,0,122,0,,6895.0,41904.0,A,0.0,Premium
1132,1993-02-03,Weekly statement,1,Hl.m. Praha,Prague,1359,F,47,72326.61666666665,70388.29999999999,15864.4,0,73,1,classic,,,,,Premium
3466,1995-02-16,Monthly statement,64,Zlin,south Moravia,4189,M,57,72297.09166666666,105687.2,56864.200000000004,0,98,0,,,,,,Premium
10436,1996-03-21,Monthly statement,60,Prostejov,south Moravia,12840,M,59,72294.99166666667,85104.4,60489.5,0,73,0,,7136.0,54396.0,C,0.0,Premium
1782,1993-05-12,Monthly statement,8,Mlada Boleslav,central Bohemia,2159,F,68,72256.86666666667,81239.1,61960.4,0,61,0,,,,,,Premium
2450,1996-04-10,Monthly statement,48,Rychnov nad Kneznou,east Bohemia,2958,M,23,72200.575,90241.90000000001,56361.4,0,86,1,gold,,,,,Premium
3562,1996-07-19,Monthly statement,50,Svitavy,east Bohemia,4299,F,21,72194.47500000002,53322.400000000016,37922.90000000001,0,90,0,,5699.0,174960.0,C,0.0,Premium
2467,1993-05-29,Monthly statement,33,Decin,north Bohemia,2978,F,50,72134.3,88658.1,57427.8,0,72,1,classic,,,,,Premium
3450,1996-12-13,Monthly statement,1,Hl.m. Praha,Prague,4172,F,53,72086.84166666667,62730.90000000001,28558.900000000005,0,93,0,,,,,,Premium
1732,1996-02-20,Monthly statement,51,Trutnov,east Bohemia,2102,M,57,72032.25833333333,64838.7,56272.9,0,66,1,classic,,,,,Premium
3690,1996-10-18,Statement after transaction,67,Bruntal,north Moravia,4450,F,49,72004.96666666666,58257.7,55133.899999999994,0,79,0,,,,,,Premium
253,1995-12-05,Monthly statement,46,Nachod,east Bohemia,305,M,60,71971.51666666666,106815.09999999999,52205.4,0,60,1,classic,,,,,Premium
3770,1995-09-20,Monthly statement,23,Cheb,west Bohemia,4546,F,47,71881.85833333334,75540.2,54026.700000000004,0,72,1,classic,,,,,Premium
1112,1995-02-03,Monthly statement,48,Rychnov nad Kneznou,east Bohemia,1333,M,49,71863.03333333334,84478.3,49438.8,0,59,1,classic,,,,,Premium
1910,1996-09-06,Monthly statement,60,Prostejov,south Moravia,2320,M,47,71801.34166666667,96251.2,49458.4,0,86,1,gold,,,,,Premium
3372,1994-05-26,Monthly statement,23,Cheb,west Bohemia,4078,M,47,71746.99166666667,87891.1,50652.0,0,68,1,classic,,,,,Premium
1861,1993-07-02,Monthly statement,54,Brno - mesto,south Moravia,2257,F,19,71612.8,89777.2,44055.200000000004,0,81,0,,,,,,Premium
3135,1993-12-27,Monthly statement,72,Olomouc,north Moravia,3791,M,59,71511.38333333333,87938.0,61961.700000000004,0,63,0,,,,,,Premium
2831,1997-11-10,Monthly statement,1,Hl.m. Praha,Prague,3422,F,47,71507.83333333333,72194.5,62368.2,0,88,0,,,,,,Premium
1022,1994-08-01,Weekly statement,33,Decin,north Bohemia,1226,F,47,71506.85833333332,86837.79999999999,38528.69999999999,0,82,0,,,,,,Premium
2583,1993-05-11,Monthly statement,62,Uherske Hradiste,south Moravia,3117,F,57,71502.56666666667,78054.9,62747.7,0,23,0,,,,,,Premium
2827,1996-12-18,Monthly statement,70,Karvina,north Moravia,3418,F,35,71466.325,70654.0,53094.5,0,60,0,,,,,,Premium
3674,1993-03-12,Monthly statement,38,Louny,north Bohemia,4428,M,44,71449.15,88580.79999999999,36826.39999999999,0,112,0,,5723.0,23628.0,A,0.0,Premium
2611,1996-03-06,Monthly statement,1,Hl.m. Praha,Prague,3151,F,47,71446.50833333333,67766.5,66443.2,0,51,1,classic,,,,,Premium
7795,1995-01-05,Monthly statement,64,Zlin,south Moravia,9641,M,53,71436.97499999999,73183.5,42414.4,0,94,1,gold,6585.0,372120.0,C,0.0,Premium
386,1997-08-11,Monthly statement,1,Hl.m. Praha,Prague,466,F,51,71408.04166666667,80664.0,56299.899999999994,0,71,1,classic,,,,,Premium
7181,1996-07-02,Statement after transaction,77,Vsetin,north Moravia,8667,F,31,71407.7,83607.2,43628.9,0,135,0,,6470.0,49872.0,C,0.0,Premium
3552,1995-09-06,Monthly statement,62,Uherske Hradiste,south Moravia,4287,F,45,71364.45,73386.2,61432.5,0,96,0,,,,,,Premium
5357,1994-12-18,Monthly statement,70,Karvina,north Moravia,6468,M,54,71349.20833333333,86565.2,57835.7,0,61,1,classic,,,,,Premium
2466,1997-04-11,Monthly statement,39,Most,north Bohemia,2977,M,35,71333.09999999999,76530.9,62911.2,0,84,1,gold,,,,,Premium
6363,1993-08-01,Monthly statement,74,Ostrava - mesto,north Moravia,7683,M,52,71293.11666666667,70539.6,47543.1,0,68,1,gold,6297.0,17508.0,A,0.0,Premium
3558,1993-05-23,Monthly statement,4,Kladno,central Bohemia,4293,F,39,71281.71666666667,66658.3,58326.700000000004,0,109,1,classic,,,,,Premium
3487,1993-01-08,Monthly statement,41,Usti nad Labem,north Bohemia,4215,F,46,71227.45,80705.1,58472.600000000006,0,81,0,,,,,,Premium
1066,1996-09-15,Weekly statement,16,Jindrichuv Hradec,south Bohemia,1279,M,42,71191.58333333333,79348.90000000001,21293.299999999996,0,83,0,,,,,,Premium
2859,1993-10-23,Monthly statement,11,Praha - zapad,central Bohemia,3454,F,49,71191.5,70929.5,49024.40000000001,0,83,0,,,,,,Premium
6273,1993-07-21,Monthly statement,38,Louny,north Bohemia,7576,M,36,71174.03333333334,65643.4,59185.0,0,83,1,classic,6279.0,87360.0,A,0.0,Premium
3166,1993-08-10,Monthly statement,71,Novy Jicin,north Moravia,3829,M,26,71151.86666666665,65365.29999999999,41140.49999999999,0,91,1,classic,5624.0,177744.0,D,1.0,Premium
2338,1997-08-08,Monthly statement,59,Kromeriz,south Moravia,2826,M,63,71109.74166666667,54543.5,23590.800000000003,0,70,0,,,,,,Premium
2571,1997-01-15,Monthly statement,61,Trebic,south Moravia,3102,F,19,71101.55833333333,102739.79999999999,14984.19999999999,0,65,1,junior,,,,,Premium
2250,1993-11-02,Monthly statement,35,Jablonec n. Nisou,north Bohemia,2724,M,23,71100.90833333334,92031.40000000001,48244.200000000004,0,70,1,classic,,,,,Premium
196,1993-11-14,Monthly statement,4,Kladno,central Bohemia,238,F,37,71083.36666666667,73933.09999999999,61918.1,0,103,1,classic,,,,,Premium
11079,1995-11-10,Monthly statement,16,Jindrichuv Hradec,south Bohemia,13620,M,28,70957.99166666668,101757.20000000001,46904.600000000006,0,78,1,classic,7253.0,98304.0,A,0.0,Premium
2543,1993-02-13,Monthly statement,68,Frydek - Mistek,north Moravia,3070,M,78,70933.90833333334,84304.3,56476.2,0,63,0,,,,,,Premium
4253,1996-01-16,Monthly statement,43,Hradec Kralove,east Bohemia,5126,M,33,70920.43333333333,59652.69999999999,23201.5,0,71,1,classic,,,,,Premium
388,1995-02-11,Monthly statement,59,Kromeriz,south Moravia,469,F,28,70897.125,99934.0,42316.5,0,70,1,classic,,,,,Premium
2410,1993-05-11,Monthly statement,54,Brno - mesto,south Moravia,2911,M,66,70872.48333333334,80485.8,64795.8,0,54,1,gold,,,,,Premium
412,1996-01-21,Monthly statement,74,Ostrava - mesto,north Moravia,497,M,45,70846.91666666667,63576.50000000001,49829.9,0,88,1,classic,,,,,Premium
2550,1995-11-11,Monthly statement,67,Bruntal,north Moravia,3079,M,55,70760.96666666666,96195.7,55882.1,0,107,1,classic,,,,,Premium
2493,1993-03-29,Monthly statement,62,Uherske Hradiste,south Moravia,3009,F,41,70739.54166666667,80559.9,38664.6,0,68,0,,,,,,Premium
3723,1996-06-14,Monthly statement,2,Benesov,central Bohemia,4491,F,21,70673.675,75132.8,46496.3,0,63,0,,,,,,Premium
2444,1997-09-07,Monthly statement,76,Sumperk,north Moravia,2951,F,48,70654.86666666667,78753.20000000001,38050.4,0,69,1,gold,,,,,Premium
1080,1993-12-27,Monthly statement,55,Brno - venkov,south Moravia,1296,F,39,70645.85833333332,103905.09999999999,46758.5,0,74,1,classic,,,,,Premium
1526,1995-01-22,Monthly statement,52,Usti nad Orlici,east Bohemia,1850,F,56,70464.99166666667,80730.8,55344.0,0,66,1,classic,,,,,Premium
1467,1994-04-27,Monthly statement,37,Litomerice,north Bohemia,1779,M,63,70416.39166666668,77758.40000000001,65165.600000000006,0,63,1,classic,,,,,Premium
4416,1994-02-12,Monthly statement,14,Ceske Budejovice,south Bohemia,5323,F,22,70409.90833333333,73242.0,50219.39999999999,0,77,1,junior,,,,,Premium
51,1996-05-11,Monthly statement,67,Bruntal,north Moravia,60,M,18,70248.86666666667,98222.7,54263.9,0,81,1,junior,,,,,Premium
5622,1993-02-08,Monthly statement,70,Karvina,north Moravia,6789,M,19,70199.32499999998,68045.19999999998,44109.999999999985,0,83,1,junior,6150.0,83016.0,A,0.0,Premium
2386,1996-12-17,Monthly statement,12,Pribram,central Bohemia,2881,F,31,70143.625,83260.2,51971.3,0,85,0,,,,,,Premium
1581,1995-10-12,Monthly statement,39,Most,north Bohemia,1914,F,56,70106.52500000001,81327.7,53814.3,0,70,1,classic,,,,,Premium
1067,1996-09-10,Monthly statement,34,Chomutov,north Bohemia,1280,M,46,70102.68333333333,71967.90000000001,45270.000000000015,0,97,1,classic,,,,,Premium
1965,1993-02-08,Statement after transaction,57,Hodonin,south Moravia,2390,M,60,70051.65833333334,51865.80000000001,27134.70000000001,0,96,0,,,,,,Premium
1970,1993-12-08,Monthly statement,8,Mlada Boleslav,central Bohemia,2395,M,45,70030.9,96246.0,53919.299999999996,0,86,1,classic,,,,,Premium
5372,1993-05-08,Monthly statement,48,Rychnov nad Kneznou,east Bohemia,6485,F,36,70029.63333333333,91160.8,26463.1,0,52,0,,,,,,Premium
4143,1997-10-07,Monthly statement,55,Brno - venkov,south Moravia,4992,F,26,70023.49166666667,78361.8,60982.5,0,52,0,,,,,,Premium
1237,1994-03-13,Monthly statement,9,Nymburk,central Bohemia,1492,F,30,69961.31666666667,59877.399999999994,37078.0,0,74,1,classic,,,,,Premium
3311,1996-08-18,Monthly statement,8,Mlada Boleslav,central Bohemia,4003,M,49,69919.13333333335,77481.2,20709.000000000007,0,115,0,,,,,,Premium
3235,1995-01-26,Monthly statement,8,Mlada Boleslav,central Bohemia,3913,M,47,69879.49166666665,95598.7,47205.1,0,70,1,classic,,,,,Premium
757,1993-07-19,Monthly statement,50,Svitavy,east Bohemia,907,M,50,69772.91666666667,78011.5,64159.6,0,77,1,classic,,,,,Premium
408,1993-07-21,Monthly statement,41,Usti nad Labem,north Bohemia,493,F,56,69759.45833333333,84848.8,48566.700000000004,0,73,1,classic,,,,,Premium
1700,1995-11-18,Monthly statement,64,Zlin,south Moravia,2065,M,20,69751.95833333333,93990.5,54870.6,0,69,1,junior,,,,,Premium
1050,1993-02-24,Statement after transaction,57,Hodonin,south Moravia,1260,F,53,69731.7,103727.7,44285.09999999999,0,71,0,,,,,,Premium
2908,1997-03-16,Monthly statement,61,Trebic,south Moravia,3515,F,23,69660.29166666667,80332.6,54731.9,0,70,1,classic,,,,,Premium
9790,1995-11-09,Monthly statement,52,Usti nad Orlici,east Bohemia,12050,M,55,69572.06666666667,64329.600000000006,45742.90000000001,0,134,1,classic,6992.0,133968.0,C,0.0,Premium
4318,1993-04-13,Weekly statement,33,Decin,north Bohemia,5200,F,38,69551.25833333333,58043.4,50267.5,0,76,1,classic,,,,,Premium
6555,1993-03-05,Weekly statement,38,Louny,north Bohemia,7914,F,32,69538.76666666666,61620.7,47306.2,0,78,0,,6336.0,212400.0,A,0.0,Premium
1745,1996-10-19,Monthly statement,53,Blansko,south Moravia,2117,M,53,69537.1,62283.600000000006,27981.9,0,74,1,classic,,,,,Premium
6463,1995-09-11,Monthly statement,16,Jindrichuv Hradec,south Bohemia,7800,F,41,69481.59166666666,115620.7,47461.4,0,92,0,,,,,,Premium
3980,1993-04-03,Monthly statement,75,Prerov,north Moravia,4799,F,52,69420.55833333333,67535.1,53898.600000000006,0,84,0,,,,,,Premium
8982,1993-09-25,Monthly statement,64,Zlin,south Moravia,11063,F,43,69380.68333333333,92038.8,36714.00000000001,0,96,0,,6808.0,227880.0,A,0.0,Premium
9265,1993-02-04,Monthly statement,1,Hl.m. Praha,Prague,11409,F,18,69379.58333333333,85905.4,40981.299999999996,0,105,1,junior,6888.0,39576.0,A,0.0,Premium
1029,1996-06-25,Monthly statement,26,Plzen - mesto,west Bohemia,1236,F,31,69349.50833333335,57891.80000000002,30914.100000000013,0,116,0,,,,,,Premium
411,1993-02-05,Monthly statement,70,Karvina,north Moravia,496,F,47,69319.575,69204.2,58533.7,0,72,1,classic,,,,,Premium
1204,1993-12-03,Monthly statement,29,Rokycany,west Bohemia,1453,F,32,69223.96666666666,82802.5,59139.299999999996,0,83,1,gold,,,,,Premium
6910,1995-04-04,Monthly statement,76,Sumperk,north Moravia,8342,M,19,69211.11666666668,69026.20000000001,8541.900000000018,0,89,1,junior,,,,,Premium
447,1996-08-14,Monthly statement,5,Kolin,central Bohemia,538,F,50,69179.925,83313.0,59868.399999999994,0,66,0,,,,,,Premium
4784,1997-08-08,Monthly statement,46,Nachod,east Bohemia,5774,F,38,69156.33333333333,76124.0,56637.899999999994,0,66,0,,5973.0,219456.0,C,0.0,Premium
18,1993-05-26,Weekly statement,43,Hradec Kralove,east Bohemia,24,F,59,69149.65000000001,81558.30000000002,51382.70000000001,0,58,0,,,,,,Premium
319,1995-10-17,Weekly statement,47,Pardubice,east Bohemia,389,F,24,69136.66666666667,78773.2,28518.2,0,150,0,,5041.0,369000.0,C,0.0,Premium
697,1993-02-23,Monthly statement,28,Plzen - sever,west Bohemia,835,F,55,69130.11666666665,99804.59999999999,47321.59999999999,0,68,0,,,,,,Premium
4035,1993-07-25,Monthly statement,1,Hl.m. Praha,Prague,4863,F,24,69021.55833333335,78153.50000000001,23795.500000000015,0,66,1,classic,,,,,Premium
3395,1997-11-05,Monthly statement,16,Jindrichuv Hradec,south Bohemia,4105,F,18,69004.3,85853.90000000001,55765.9,0,63,0,,,,,,Premium
4092,1996-03-13,Monthly statement,74,Ostrava - mesto,north Moravia,4929,M,55,68998.84166666666,82824.7,52742.9,0,56,1,classic,,,,,Premium
3053,1993-08-23,Monthly statement,11,Praha - zapad,central Bohemia,3691,M,33,68975.06666666667,86982.6,53990.799999999996,0,86,0,,,,,,Premium
730,1993-08-28,Monthly statement,4,Kladno,central Bohemia,876,M,38,68951.68333333333,82695.1,21060.799999999992,0,78,1,classic,,,,,Premium
733,1995-05-17,Weekly statement,49,Semily,east Bohemia,880,M,38,68913.34166666667,84400.1,47994.20000000001,0,91,0,,,,,,Premium
10065,1996-03-30,Monthly statement,76,Sumperk,north Moravia,12378,F,52,68907.54999999999,93432.69999999998,38458.29999999999,0,101,1,classic,7050.0,311232.0,C,0.0,Premium
1196,1996-01-16,Monthly statement,29,Rokycany,west Bohemia,1443,M,63,68896.63333333333,68613.5,37373.6,0,85,0,,,,,,Premium
3776,1996-10-16,Monthly statement,1,Hl.m. Praha,Prague,4553,F,53,68894.76666666666,72622.59999999999,63423.7,0,84,1,gold,,,,,Premium
1043,1997-08-13,Monthly statement,1,Hl.m. Praha,Prague,1251,M,39,68888.49166666667,76235.2,64341.5,0,65,1,classic,,,,,Premium
10001,1995-05-28,Monthly statement,24,Karlovy Vary,west Bohemia,12303,F,24,68887.41666666667,78919.7,50264.9,0,73,0,,7034.0,19044.0,C,0.0,Premium
9627,1994-07-22,Statement after transaction,65,Znojmo,south Moravia,11851,M,28,68850.85833333334,77033.3,46188.1,0,90,0,,6955.0,244368.0,C,0.0,Premium
1837,1993-06-24,Monthly statement,23,Cheb,west Bohemia,2228,F,58,68837.43333333333,78056.8,55321.5,0,73,0,,,,,,Premium
4225,1993-05-18,Monthly statement,55,Brno - venkov,south Moravia,5093,F,49,68809.3,78797.6,57550.0,0,59,0,,,,,,Premium
1323,1996-05-20,Monthly statement,43,Hradec Kralove,east Bohemia,1599,M,34,68742.11666666665,75901.59999999999,60160.399999999994,0,74,0,,,,,,Premium
3130,1996-03-20,Monthly statement,13,Rakovnik,central Bohemia,3786,M,78,68730.8,88995.4,46634.1,0,60,0,,,,,,Premium
10439,1993-11-21,Monthly statement,66,Zdar nad Sazavou,south Moravia,12843,M,45,68713.425,96741.59999999999,44626.299999999996,0,87,1,gold,7137.0,151560.0,A,0.0,Premium
2099,1993-01-12,Weekly statement,3,Beroun,central Bohemia,2542,M,54,68661.80833333333,96475.40000000001,34324.30000000001,0,59,1,classic,,,,,Premium
1247,1993-06-08,Monthly statement,25,Klatovy,west Bohemia,1505,F,27,68629.11666666667,101403.8,28729.600000000002,0,96,0,,5208.0,99696.0,D,1.0,Premium
1156,1997-12-09,Monthly statement,59,Kromeriz,south Moravia,1390,F,19,68622.63333333333,86455.0,47287.600000000006,0,46,1,junior,,,,,Premium
893,1995-04-12,Monthly statement,53,Blansko,south Moravia,1076,F,19,68602.09166666666,91227.2,59440.0,0,60,0,,,,,,Premium
3914,1995-09-05,Monthly statement,33,Decin,north Bohemia,4720,F,52,68569.16666666667,98488.0,54318.40000000001,0,71,0,,,,,,Premium
8776,1994-08-24,Monthly statement,64,Zlin,south Moravia,10818,M,26,68447.06666666667,85738.90000000001,58493.600000000006,0,86,0,,6764.0,33984.0,C,0.0,Premium
4283,1994-10-16,Monthly statement,39,Most,north Bohemia,5159,M,34,68266.20833333333,100638.4,48156.9,0,59,1,classic,,,,,Premium
9225,1996-01-01,Monthly statement,11,Praha - zapad,central Bohemia,11359,M,26,68243.7,88862.7,37652.1,0,109,0,,6871.0,164256.0,C,0.0,Premium
1718,1997-09-23,Monthly statement,71,Novy Jicin,north Moravia,2083,M,55,68221.34166666667,112409.90000000001,47801.0,0,72,0,,5304.0,172272.0,C,0.0,Premium
10105,1993-04-28,Monthly statement,55,Brno - venkov,south Moravia,12432,M,33,68213.90000000001,72452.8,44966.2,0,103,0,,7061.0,121896.0,A,0.0,Premium
2187,1996-02-26,Weekly statement,9,Nymburk,central Bohemia,2647,M,58,68183.56666666667,108556.4,31758.199999999997,0,73,0,,5398.0,53472.0,A,0.0,Premium
7,1996-11-24,Monthly statement,60,Prostejov,south Moravia,9,M,63,68050.83333333333,68495.9,50259.0,0,70,1,gold,,,,,Premium
1786,1993-05-25,Monthly statement,1,Hl.m. Praha,Prague,2164,M,57,68047.97499999999,79751.3,56517.899999999994,0,72,1,classic,,,,,Premium
3296,1996-03-15,Monthly statement,67,Bruntal,north Moravia,3987,M,38,68046.04166666667,60468.20000000001,33071.20000000001,0,91,1,classic,,,,,Premium
3897,1997-04-16,Monthly statement,13,Rakovnik,central Bohemia,4699,F,35,68022.56666666667,87149.7,47366.0,0,75,1,classic,,,,,Premium
4034,1993-01-18,Monthly statement,1,Hl.m. Praha,Prague,4862,F,55,68012.74166666667,74888.8,49723.90000000001,0,60,1,gold,,,,,Premium
10789,1996-09-18,Monthly statement,75,Prerov,north Moravia,13261,M,54,67973.25833333333,75279.90000000001,20802.800000000003,0,131,0,,7199.0,45768.0,A,0.0,Premium
1651,1997-01-23,Monthly statement,34,Chomutov,north Bohemia,2001,F,21,67824.19166666667,78381.7,44791.3,0,64,0,,,,,,Premium
8127,1994-10-13,Monthly statement,37,Litomerice,north Bohemia,10040,F,30,67798.75,106120.4,45436.899999999994,0,98,1,classic,6667.0,155880.0,A,0.0,Premium
10807,1996-03-13,Monthly statement,34,Chomutov,north Bohemia,13285,M,63,67684.76666666666,98820.4,56269.1,0,72,0,,7201.0,67464.0,A,0.0,Premium
2547,1995-04-28,Monthly statement,74,Ostrava - mesto,north Moravia,3075,M,57,67669.91666666667,89305.6,42856.5,0,72,1,gold,,,,,Premium
67,1994-10-19,Monthly statement,16,Jindrichuv Hradec,south Bohemia,78,F,54,67669.88333333333,39709.99999999999,39709.99999999999,0,94,0,,4973.0,165960.0,A,0.0,Premium
3580,1993-08-01,Monthly statement,43,Hradec Kralove,east Bohemia,4318,F,56,67651.66666666667,93158.00000000001,41672.100000000006,0,82,1,classic,,,,,Premium
3891,1993-08-18,Monthly statement,1,Hl.m. Praha,Prague,4690,F,36,67651.46666666666,86488.7,42287.799999999996,0,76,0,,,,,,Premium
10364,1993-01-17,Monthly statement,55,Brno - venkov,south Moravia,12754,M,38,67637.625,50991.4,48750.1,0,85,0,,7121.0,21924.0,A,0.0,Premium
3612,1994-08-27,Monthly statement,70,Karvina,north Moravia,4358,M,56,67529.22499999999,75732.09999999999,55858.4,0,97,0,,,,,,Premium
4949,1996-10-14,Monthly statement,33,Decin,north Bohemia,5978,F,54,67527.98333333334,64557.799999999996,13539.399999999998,0,81,1,gold,6007.0,289920.0,C,0.0,Premium
7231,1993-03-14,Monthly statement,10,Praha - vychod,central Bohemia,8726,M,45,67514.08333333333,89643.0,28130.2,0,84,0,,,,,,Premium
897,1993-04-26,Monthly statement,38,Louny,north Bohemia,1080,F,48,67458.08333333333,71682.5,41141.100000000006,0,110,1,classic,,,,,Premium
420,1995-08-26,Monthly statement,75,Prerov,north Moravia,506,M,52,67421.74166666667,78698.2,52046.7,0,71,0,,,,,,Premium
3546,1997-02-03,Monthly statement,55,Brno - venkov,south Moravia,4280,F,54,67384.125,86013.8,60350.6,0,85,0,,,,,,Premium
427,1994-07-24,Monthly statement,8,Mlada Boleslav,central Bohemia,513,F,24,67371.53333333334,86880.1,42651.6,0,75,1,classic,,,,,Premium
3839,1995-02-21,Monthly statement,1,Hl.m. Praha,Prague,4627,M,56,67339.03333333333,77093.5,42755.99999999999,0,66,1,classic,,,,,Premium
3361,1993-08-26,Monthly statement,45,Jicin,east Bohemia,4063,F,32,67253.04166666667,73605.4,33445.799999999996,0,71,0,,,,,,Premium
738,1993-06-21,Monthly statement,34,Chomutov,north Bohemia,886,M,50,67229.04166666667,63939.6,59534.0,0,93,1,gold,,,,,Premium
3348,1994-12-08,Monthly statement,4,Kladno,central Bohemia,4049,M,53,67125.95,70459.2,45791.7,0,72,0,,,,,,Premium
3507,1996-12-01,Monthly statement,9,Nymburk,central Bohemia,4235,F,23,67079.95,58952.5,44044.0,0,109,1,classic,,,,,Premium
2581,1993-03-11,Monthly statement,72,Olomouc,north Moravia,3115,M,37,67054.7,95404.5,43527.6,0,71,1,classic,,,,,Premium
2051,1995-11-08,Weekly statement,64,Zlin,south Moravia,2489,F,23,67049.72499999999,92530.79999999999,39400.29999999999,0,94,1,gold,5363.0,293880.0,D,1.0,Premium
3578,1996-02-17,Monthly statement,1,Hl.m. Praha,Prague,4316,F,55,67043.45,84695.40000000001,32682.700000000004,0,72,1,classic,,,,,Premium
3967,1996-09-22,Monthly statement,54,Brno - mesto,south Moravia,4786,M,60,66938.89166666666,85375.5,19079.699999999997,0,100,0,,5784.0,84600.0,D,1.0,Premium
2384,1994-12-23,Monthly statement,40,Teplice,north Bohemia,2879,M,21,66818.75833333333,68155.4,30836.599999999995,0,61,0,,,,,,Premium
1948,1996-04-08,Monthly statement,64,Zlin,south Moravia,2368,F,55,66790.99166666668,76499.3,30693.800000000007,0,100,0,,,,,,Premium
2079,1997-09-06,Monthly statement,55,Brno - venkov,south Moravia,2521,F,51,66736.03333333334,79129.7,55930.1,0,60,0,,,,,,Premium
2109,1996-02-02,Monthly statement,34,Chomutov,north Bohemia,2553,M,22,66724.45,103989.0,34692.09999999999,0,39,0,,,,,,Premium
10558,1996-02-01,Monthly statement,40,Teplice,north Bohemia,12986,F,25,66673.54166666667,77452.8,15464.699999999993,0,120,1,classic,,,,,Premium
3427,1996-08-23,Monthly statement,36,Liberec,north Bohemia,4142,M,38,66648.075,100311.1,49430.2,0,66,0,,,,,,Premium
10711,1996-07-08,Monthly statement,36,Liberec,north Bohemia,13172,M,60,66640.7,82019.9,57168.799999999996,0,111,0,,7187.0,24180.0,C,0.0,Premium
1243,1996-01-07,Monthly statement,1,Hl.m. Praha,Prague,1500,M,17,66627.20833333333,110553.0,50574.1,0,32,1,junior,,,,,Premium
1953,1997-05-15,Weekly statement,9,Nymburk,central Bohemia,2374,M,30,66601.72499999999,53923.899999999994,41525.7,0,92,1,classic,,,,,Premium
2854,1997-01-18,Monthly statement,1,Hl.m. Praha,Prague,3448,M,44,66580.23333333334,69875.6,46687.5,0,71,1,gold,,,,,Premium
3516,1997-09-07,Weekly statement,36,Liberec,north Bohemia,4246,F,18,66574.7,85846.1,37173.5,0,83,1,junior,,,,,Premium
2599,1993-04-20,Monthly statement,48,Rychnov nad Kneznou,east Bohemia,3135,M,29,66463.71666666667,124641.6,35307.9,0,88,1,classic,,,,,Premium
532,1995-09-02,Monthly statement,26,Plzen - mesto,west Bohemia,640,M,19,66439.28333333334,74358.4,47240.0,0,87,0,,,,,,Premium
2175,1993-04-27,Monthly statement,1,Hl.m. Praha,Prague,2633,F,31,66412.775,94571.3,39719.69999999999,0,70,0,,,,,,Premium
1289,1996-07-07,Monthly statement,72,Olomouc,north Moravia,1559,M,58,66412.03333333334,85938.1,56196.40000000001,0,71,0,,,,,,Premium
82,1994-05-03,Monthly statement,26,Plzen - mesto,west Bohemia,97,M,33,66301.48333333334,83929.1,32503.300000000007,0,84,0,,,,,,Premium
3503,1994-07-17,Monthly statement,1,Hl.m. Praha,Prague,4231,F,39,66290.05833333333,84221.0,52296.5,0,60,1,classic,,,,,Premium
3465,1993-07-16,Monthly statement,1,Hl.m. Praha,Prague,4188,M,22,66278.54166666667,85559.8,50998.200000000004,0,71,1,classic,,,,,Premium
990,1995-10-11,Monthly statement,17,Pelhrimov,south Bohemia,1194,F,59,66244.0,86497.1,59803.1,0,69,1,classic,,,,,Premium
3038,1996-04-28,Monthly statement,10,Praha - vychod,central Bohemia,3671,M,55,66189.85,63912.200000000004,31975.600000000002,0,77,1,classic,,,,,Premium
4131,1994-08-19,Monthly statement,5,Kolin,central Bohemia,4974,F,36,66131.64166666666,81169.2,51339.2,0,116,1,classic,,,,,Premium
354,1993-10-28,Monthly statement,59,Kromeriz,south Moravia,432,F,46,66131.275,82653.2,46330.5,0,72,0,,,,,,Premium
1591,1996-01-10,Monthly statement,65,Znojmo,south Moravia,1929,F,43,66114.29166666667,68108.1,44704.5,0,118,1,classic,,,,,Premium
278,1996-04-08,Monthly statement,73,Opava,north Moravia,335,F,31,66087.3,96842.1,53929.600000000006,0,70,1,classic,,,,,Premium
2124,1993-02-20,Monthly statement,69,Jesenik,north Moravia,2569,M,50,66003.05,80991.7,48987.4,0,83,1,classic,,,,,Premium
390,1996-02-16,Monthly statement,44,Chrudim,east Bohemia,471,M,21,65936.63333333333,109621.5,26109.699999999997,0,95,1,classic,,,,,Premium
1461,1996-04-07,Monthly statement,73,Opava,north Moravia,1772,F,19,65919.28333333333,99223.0,42045.399999999994,0,77,0,,,,,,Premium
7562,1995-01-17,Weekly statement,72,Olomouc,north Moravia,9366,M,23,65903.57500000001,79312.40000000001,40839.00000000001,0,81,0,,6540.0,309600.0,C,0.0,Premium
523,1993-08-11,Monthly statement,1,Hl.m. Praha,Prague,629,M,22,65875.2,70703.3,58123.6,0,61,1,junior,,,,,Premium
2818,1993-07-21,Monthly statement,40,Teplice,north Bohemia,3405,M,49,65868.675,88531.4,41609.49999999999,0,80,1,classic,,,,,Premium
8931,1996-01-01,Weekly statement,63,Vyskov,south Moravia,11004,M,51,65862.25833333333,61458.7,32381.599999999995,0,132,1,classic,6793.0,186300.0,C,0.0,Premium
3472,1996-07-21,Monthly statement,55,Brno - venkov,south Moravia,4196,F,47,65784.10833333334,55101.0,44513.6,0,96,0,,,,,,Premium
1513,1993-08-23,Monthly statement,30,Sokolov,west Bohemia,1833,M,32,65779.27500000001,82854.6,54807.3,0,107,1,classic,,,,,Premium
23,1993-05-22,Monthly statement,30,Sokolov,west Bohemia,29,F,47,65738.60833333334,83101.6,56734.3,0,67,0,,,,,,Premium
1614,1996-05-07,Monthly statement,63,Vyskov,south Moravia,1957,M,26,65697.28333333334,104069.1,39700.0,0,76,0,,,,,,Premium
2321,1993-05-13,Monthly statement,35,Jablonec n. Nisou,north Bohemia,2808,F,24,65688.65833333333,64830.6,36051.79999999999,0,85,1,classic,,,,,Premium
2126,1997-02-09,Monthly statement,1,Hl.m. Praha,Prague,2572,M,45,65685.40833333334,61695.50000000001,30865.300000000007,0,71,1,classic,,,,,Premium
3646,1995-10-20,Weekly statement,63,Vyskov,south Moravia,4396,F,24,65584.13333333333,76994.90000000001,27426.2,0,103,0,,,,,,Premium
1375,1994-04-27,Monthly statement,19,Prachatice,south Bohemia,1663,M,41,65570.03333333333,84826.7,45472.6,0,80,0,,5237.0,45336.0,A,0.0,Premium
9006,1994-09-02,Weekly statement,40,Teplice,north Bohemia,11093,M,39,65517.38333333334,77265.10000000002,40990.20000000001,0,94,0,,6810.0,186384.0,C,0.0,Premium
4383,1996-11-10,Monthly statement,73,Opava,north Moravia,5281,M,57,65478.14166666667,74384.9,28845.000000000004,0,112,0,,,,,,Premium
3455,1996-03-13,Monthly statement,34,Chomutov,north Bohemia,4177,M,63,65467.68333333334,100118.3,53402.3,0,72,0,,5682.0,67464.0,A,0.0,Premium
1273,1994-03-25,Monthly statement,37,Litomerice,north Bohemia,1536,F,31,65450.23333333334,79497.7,53281.3,0,73,1,gold,,,,,Premium
2817,1993-04-07,Monthly statement,56,Breclav,south Moravia,3404,F,58,65367.275,76238.3,49381.8,0,61,1,classic,,,,,Premium
2332,1996-09-24,Monthly statement,77,Vsetin,north Moravia,2820,M,32,65364.48333333334,66702.3,52349.0,0,65,1,gold,,,,,Premium
10562,1996-08-21,Monthly statement,51,Trutnov,east Bohemia,12991,M,51,65362.29999999998,26583.299999999974,26583.299999999974,0,93,1,classic,,,,,Premium
128,1993-02-19,Monthly statement,2,Benesov,central Bohemia,153,F,17,65247.30833333334,74713.5,50710.0,0,62,1,junior,,,,,Premium
2885,1996-09-04,Monthly statement,1,Hl.m. Praha,Prague,3487,M,39,65221.48333333334,96784.2,44325.9,0,70,0,,,,,,Premium
225,1993-07-28,Monthly statement,1,Hl.m. Praha,Prague,270,M,51,65187.475000000006,92940.6,37417.5,0,85,0,,,,,,Premium
655,1993-03-24,Monthly statement,53,Blansko,south Moravia,786,M,20,65147.14166666666,59520.7,59520.7,0,110,1,junior,,,,,Premium
2600,1996-02-13,Monthly statement,1,Hl.m. Praha,Prague,3136,M,35,65107.55000000001,84167.80000000002,32311.00000000001,0,101,1,gold,,,,,Premium
8041,1993-10-10,Monthly statement,1,Hl.m. Praha,Prague,9933,M,57,65092.075000000004,101804.5,39803.100000000006,0,87,1,classic,6645.0,140400.0,A,0.0,Premium
9548,1996-06-07,Monthly statement,62,Uherske Hradiste,south Moravia,11754,M,32,65078.1,91829.2,52280.9,0,78,0,,6944.0,46176.0,C,0.0,Premium
545,1993-11-24,Monthly statement,54,Brno - mesto,south Moravia,656,M,42,64998.525,85459.8,49169.5,0,67,0,,,,,,Premium
3664,1996-04-28,Monthly statement,1,Hl.m. Praha,Prague,4417,M,22,64898.01666666667,73355.6,38158.00000000001,0,84,1,classic,5719.0,271584.0,C,0.0,Premium
8038,1996-08-17,Monthly statement,47,Pardubice,east Bohemia,9929,F,31,64896.666666666664,77282.3,49263.5,0,76,1,classic,6643.0,35856.0,C,0.0,Premium
10644,1997-07-12,Monthly statement,16,Jindrichuv Hradec,south Bohemia,13089,F,19,64884.475,81252.5,35009.6,0,94,1,junior,7167.0,269964.0,C,0.0,Premium
3467,1996-08-25,Monthly statement,17,Pelhrimov,south Bohemia,4190,M,56,64853.30000000001,66704.6,43189.5,0,104,1,classic,,,,,Premium
5215,1993-07-01,Monthly statement,55,Brno - venkov,south Moravia,6301,F,49,64812.98333333334,69283.3,57218.600000000006,0,122,1,classic,6064.0,14628.0,A,0.0,Premium
10215,1996-04-12,Monthly statement,38,Louny,north Bohemia,12561,M,32,64811.075000000004,82176.2,47953.9,0,94,0,,7087.0,44304.0,C,0.0,Premium
135,1993-06-15,Monthly statement,75,Prerov,north Moravia,162,M,57,64733.799999999996,73702.8,48710.8,0,59,0,,,,,,Premium
1914,1995-01-24,Monthly statement,27,Plzen - jih,west Bohemia,2324,M,20,64729.28333333333,79418.3,37291.4,0,86,1,junior,,,,,Premium
3437,1996-11-13,Monthly statement,1,Hl.m. Praha,Prague,4157,M,26,64660.61666666667,51434.6,23106.3,0,105,1,classic,,,,,Premium
2464,1993-07-02,Statement after transaction,33,Decin,north Bohemia,2975,F,55,64614.799999999996,85721.2,14155.700000000003,0,91,0,,,,,,Premium
1867,1995-11-15,Monthly statement,52,Usti nad Orlici,east Bohemia,2265,M,21,64573.24166666667,87883.8,48369.3,0,62,1,gold,,,,,Premium
3089,1996-07-02,Weekly statement,12,Pribram,central Bohemia,3737,M,50,64560.524999999994,93069.7,42648.899999999994,0,98,0,,,,,,Premium
7857,1993-08-04,Monthly statement,75,Prerov,north Moravia,9715,F,21,64514.1,79128.7,31242.0,0,111,0,,6598.0,68112.0,A,0.0,Premium
761,1994-04-09,Monthly statement,43,Hradec Kralove,east Bohemia,911,M,59,64473.24166666667,69230.2,60417.600000000006,0,21,0,,,,,,Premium
3682,1993-06-07,Monthly statement,70,Karvina,north Moravia,4439,M,23,64435.98333333334,86400.2,47256.5,0,68,0,,,,,,Premium
5283,1997-09-18,Monthly statement,15,Cesky Krumlov,south Bohemia,6383,M,28,64416.80833333333,57825.6,42699.5,0,82,0,,6078.0,170832.0,C,0.0,Premium
1636,1997-04-08,Monthly statement,53,Blansko,south Moravia,1982,M,21,64379.549999999996,76676.5,53730.899999999994,0,72,0,,,,,,Premium
3112,1994-08-12,Monthly statement,38,Louny,north Bohemia,3763,F,21,64329.958333333336,77828.8,33594.8,0,91,1,junior,5610.0,123216.0,C,0.0,Premium
3253,1994-03-15,Statement after transaction,71,Novy Jicin,north Moravia,3935,M,59,64319.299999999996,65646.4,4667.199999999997,0,82,0,,,,,,Premium
772,1993-01-21,Monthly statement,45,Jicin,east Bohemia,924,M,45,64305.93333333334,72717.6,56547.3,0,95,0,,,,,,Premium
1641,1996-04-22,Monthly statement,50,Svitavy,east Bohemia,1989,F,59,64297.68333333333,56361.0,34677.7,0,118,0,,,,,,Premium
2514,1995-08-13,Monthly statement,16,Jindrichuv Hradec,south Bohemia,3036,F,57,64275.291666666664,82336.4,46981.1,0,74,1,classic,,,,,Premium
2044,1994-11-23,Monthly statement,6,Kutna Hora,central Bohemia,2481,M,50,64270.23333333334,68369.2,56397.2,0,68,1,classic,,,,,Premium
1242,1996-11-24,Statement after transaction,74,Ostrava - mesto,north Moravia,1499,F,47,64145.174999999996,32270.300000000003,32270.300000000003,0,131,0,,5206.0,128544.0,C,0.0,Premium
3608,1994-08-30,Weekly statement,72,Olomouc,north Moravia,4352,M,27,64141.95833333334,39044.700000000004,39044.700000000004,0,96,0,,5706.0,161496.0,C,0.0,Premium
5270,1993-01-13,Monthly statement,44,Chrudim,east Bohemia,6367,M,28,64133.05000000001,95340.7,38779.100000000006,0,79,0,,6077.0,79608.0,A,0.0,Premium
4423,1995-04-26,Monthly statement,39,Most,north Bohemia,5333,F,31,64114.458333333336,68846.59999999999,36403.399999999994,0,128,1,classic,5880.0,73836.0,A,0.0,Premium
4626,1996-06-15,Monthly statement,9,Nymburk,central Bohemia,5574,F,28,64075.05833333333,59645.2,23252.499999999996,0,74,0,,5932.0,33348.0,A,0.0,Premium
3877,1996-10-22,Monthly statement,59,Kromeriz,south Moravia,4674,F,20,64013.11666666667,91949.5,49542.100000000006,0,69,1,junior,,,,,Premium
452,1995-11-29,Monthly statement,63,Vyskov,south Moravia,544,M,50,63910.083333333336,76221.7,28397.999999999996,0,104,0,,,,,,Premium
3344,1997-05-15,Monthly statement,70,Karvina,north Moravia,4043,F,45,63816.50000000001,86311.80000000002,18210.40000000001,0,99,0,,,,,,Premium
1261,1995-03-18,Monthly statement,52,Usti nad Orlici,east Bohemia,1522,F,30,63781.424999999996,92267.0,45560.399999999994,0,73,1,classic,,,,,Premium
3513,1993-03-03,Monthly statement,20,Strakonice,south Bohemia,4241,F,48,63720.11666666667,79231.8,52188.200000000004,0,79,0,,,,,,Premium
3820,1993-11-14,Monthly statement,1,Hl.m. Praha,Prague,4604,M,30,63718.18333333334,77255.6,37438.200000000004,0,71,0,,,,,,Premium
777,1997-12-28,Monthly statement,30,Sokolov,west Bohemia,929,M,63,63712.791666666664,70547.3,36986.4,0,78,0,,,,,,Premium
1660,1995-09-22,Monthly statement,1,Hl.m. Praha,Prague,2013,F,58,63686.225,106914.99999999999,22274.999999999996,0,74,1,classic,,,,,Premium
9377,1995-09-17,Monthly statement,1,Hl.m. Praha,Prague,11545,F,32,63652.81666666666,43207.69999999999,42482.09999999999,0,110,1,classic,6913.0,99936.0,C,0.0,Premium
1834,1993-08-03,Monthly statement,62,Uherske Hradiste,south Moravia,2225,F,38,63650.375,80273.9,49259.2,0,73,0,,,,,,Premium
1808,1997-05-16,Monthly statement,28,Plzen - sever,west Bohemia,2190,M,24,63630.458333333336,47885.6,18252.499999999996,0,87,0,,5318.0,385584.0,C,0.0,Premium
10906,1993-11-14,Monthly statement,76,Sumperk,north Moravia,13406,F,20,63576.083333333314,101553.29999999997,13720.399999999987,0,74,1,junior,,,,,Premium
4537,1996-07-18,Weekly statement,53,Blansko,south Moravia,5472,M,42,63502.38333333334,51915.700000000004,22575.800000000007,0,50,0,,,,,,Premium
2144,1995-07-21,Statement after transaction,55,Brno - venkov,south Moravia,2594,M,35,63483.18333333333,11554.299999999992,11554.299999999992,0,73,0,,,,,,Premium
1754,1996-12-01,Monthly statement,52,Usti nad Orlici,east Bohemia,2126,F,23,63456.899999999994,59131.899999999994,36097.6,0,64,1,classic,,,,,Premium
2697,1993-06-26,Monthly statement,8,Mlada Boleslav,central Bohemia,3255,F,28,63414.63333333333,75161.09999999999,52187.7,0,95,0,,,,,,Premium
1124,1996-06-02,Monthly statement,26,Plzen - mesto,west Bohemia,1349,F,30,63400.49166666666,76639.09999999999,22949.89999999999,0,114,0,,,,,,Premium
7733,1996-07-08,Weekly statement,19,Prachatice,south Bohemia,9569,F,48,63380.841666666674,75116.6,33774.00000000001,0,85,1,classic,6571.0,140064.0,C,0.0,Premium
41,1997-08-02,Monthly statement,72,Olomouc,north Moravia,49,F,39,63378.916666666664,100767.7,45326.5,0,54,0,,,,,,Premium
2263,1996-03-12,Monthly statement,36,Liberec,north Bohemia,2740,F,31,63366.375,90924.2,42047.7,0,72,1,classic,,,,,Premium
2640,1996-09-21,Monthly statement,1,Hl.m. Praha,Prague,3186,F,43,63318.416666666664,70206.6,51351.3,0,75,1,classic,,,,,Premium
3606,1996-04-18,Monthly statement,1,Hl.m. Praha,Prague,4349,F,39,63310.583333333336,69791.7,39206.8,0,55,1,classic,,,,,Premium
1097,1996-06-22,Monthly statement,67,Bruntal,north Moravia,1316,F,52,63309.36666666667,95400.3,31745.4,0,109,1,classic,,,,,Premium
3896,1995-08-17,Monthly statement,45,Jicin,east Bohemia,4698,M,35,63303.43333333333,68701.79999999999,30392.3,0,80,0,,,,,,Premium
3634,1997-04-16,Monthly statement,21,Tabor,south Bohemia,4383,M,35,63300.60833333334,98009.20000000001,34650.100000000006,0,66,0,,,,,,Premium
4009,1994-02-20,Monthly statement,56,Breclav,south Moravia,4832,F,41,63279.958333333336,89066.09999999999,53224.0,0,61,1,classic,,,,,Premium
6701,1993-03-15,Weekly statement,49,Semily,east Bohemia,8091,M,27,63231.43333333335,42264.60000000001,25493.900000000012,0,65,0,,6356.0,95400.0,A,0.0,Premium
5428,1993-04-14,Monthly statement,24,Karlovy Vary,west Bohemia,6551,F,50,63219.36666666666,94420.59999999999,23408.1,0,98,0,,6111.0,174744.0,B,1.0,Premium
276,1997-12-08,Monthly statement,38,Louny,north Bohemia,333,M,27,63217.68333333333,59376.0,48325.0,0,62,1,classic,5027.0,160920.0,C,0.0,Premium
2209,1996-08-15,Monthly statement,65,Znojmo,south Moravia,2673,M,39,63174.82499999999,25663.79999999999,25018.099999999995,0,93,0,,,,,,Premium
4533,1997-08-03,Monthly statement,68,Frydek - Mistek,north Moravia,5468,F,54,63142.64166666666,88143.29999999999,22285.1,0,107,1,classic,5906.0,81144.0,C,0.0,Premium
3789,1996-08-18,Monthly statement,6,Kutna Hora,central Bohemia,4569,F,27,63131.55833333333,46696.1,25883.899999999994,0,92,0,,,,,,Premium
1962,1996-02-24,Monthly statement,77,Vsetin,north Moravia,2387,F,53,63120.91666666666,104343.2,22846.799999999992,0,96,0,,,,,,Premium
139,1997-05-15,Weekly statement,38,Louny,north Bohemia,167,F,20,63094.924999999996,54229.6,18538.1,0,68,1,junior,,,,,Premium
2001,1994-05-19,Monthly statement,75,Prerov,north Moravia,2431,M,32,63085.76666666666,86494.59999999999,41259.99999999999,0,75,1,classic,,,,,Premium
1803,1995-07-29,Monthly statement,24,Karlovy Vary,west Bohemia,2184,M,28,63044.625,74829.0,50473.0,0,84,1,classic,,,,,Premium
2122,1993-01-08,Monthly statement,68,Frydek - Mistek,north Moravia,2566,F,35,63022.216666666674,41804.200000000004,28083.000000000007,0,71,0,,,,,,Premium
3836,1997-12-09,Monthly statement,68,Frydek - Mistek,north Moravia,4623,M,31,62983.44166666667,67686.40000000001,50965.200000000004,0,74,0,,,,,,Premium
2506,1996-07-12,Statement after transaction,22,Domazlice,west Bohemia,3026,M,51,62899.5,93023.4,14638.4,0,80,1,classic,,,,,Premium
1709,1996-04-23,Monthly statement,24,Karlovy Vary,west Bohemia,2074,F,37,62827.13333333333,75477.2,40247.9,0,73,1,classic,,,,,Premium
3957,1996-06-13,Weekly statement,33,Decin,north Bohemia,4773,F,46,62791.625,68779.7,35118.700000000004,0,60,0,,,,,,Premium
3898,1994-02-07,Monthly statement,70,Karvina,north Moravia,4700,F,61,62788.958333333336,81940.3,43232.6,0,59,0,,,,,,Premium
6157,1996-11-11,Monthly statement,34,Chomutov,north Bohemia,7434,F,56,62784.57500000001,61230.80000000002,19362.200000000008,0,109,1,classic,6254.0,247920.0,C,0.0,Premium
2929,1996-04-06,Monthly statement,51,Trutnov,east Bohemia,3537,M,52,62782.225,70148.7,36379.3,0,87,0,,,,,,Premium
59,1994-03-27,Monthly statement,43,Hradec Kralove,east Bohemia,68,M,52,62739.275,79811.9,25306.7,0,84,0,,,,,,Premium
510,1993-06-02,Weekly statement,1,Hl.m. Praha,Prague,613,F,21,62653.69999999999,68545.89999999998,25741.599999999995,0,108,0,,,,,,Premium
2819,1994-07-16,Monthly statement,35,Jablonec n. Nisou,north Bohemia,3407,F,25,62642.45000000001,60105.100000000006,59165.200000000004,0,87,0,,,,,,Premium
1749,1995-10-14,Monthly statement,64,Zlin,south Moravia,2121,M,19,62631.5,70720.3,41713.200000000004,0,86,1,junior,,,,,Premium
2490,1995-02-21,Monthly statement,22,Domazlice,west Bohemia,3006,F,25,62627.49166666667,68229.5,48735.3,0,84,0,,,,,,Premium
2897,1997-10-11,Monthly statement,51,Trutnov,east Bohemia,3501,M,34,62623.375,91401.3,31027.500000000004,0,100,1,classic,,,,,Premium
2840,1994-10-09,Monthly statement,15,Cesky Krumlov,south Bohemia,3432,M,25,62620.19166666667,40104.700000000004,23828.800000000003,0,75,0,,,,,,Premium
5878,1996-11-19,Monthly statement,76,Sumperk,north Moravia,7112,M,37,62610.458333333336,81769.8,44527.9,0,58,0,,,,,,Premium
577,1994-09-20,Monthly statement,29,Rokycany,west Bohemia,694,M,62,62579.458333333336,80483.90000000001,45859.7,0,72,1,gold,,,,,Premium
574,1993-07-30,Monthly statement,70,Karvina,north Moravia,689,M,34,62492.283333333326,103231.49999999999,14268.799999999997,0,75,0,,,,,,Premium
3269,1995-09-03,Monthly statement,37,Litomerice,north Bohemia,3958,F,52,62465.21666666667,74964.8,32944.8,0,85,1,classic,,,,,Premium
2972,1993-11-23,Monthly statement,12,Pribram,central Bohemia,3589,F,37,62443.10833333333,75999.7,47384.799999999996,0,71,1,classic,,,,,Premium
1598,1997-04-12,Monthly statement,15,Cesky Krumlov,south Bohemia,1936,F,43,62374.799999999996,53887.7,25476.1,0,103,0,,,,,,Premium
8026,1997-03-23,Monthly statement,36,Liberec,north Bohemia,9914,M,56,62370.80833333333,72510.8,47321.200000000004,0,67,1,classic,6641.0,128268.0,C,0.0,Premium
4079,1993-11-03,Monthly statement,52,Usti nad Orlici,east Bohemia,4916,M,59,62310.99999999999,29352.099999999988,19500.79999999999,0,116,0,,5804.0,158976.0,C,0.0,Premium
2375,1994-05-16,Monthly statement,29,Rokycany,west Bohemia,2870,M,39,62289.083333333336,94298.4,44798.8,0,78,0,,,,,,Premium
11327,1997-10-15,Monthly statement,7,Melnik,central Bohemia,13923,F,19,62263.075000000004,77352.8,47350.200000000004,0,68,0,,7294.0,39168.0,C,0.0,Premium
3241,1993-07-16,Monthly statement,44,Chrudim,east Bohemia,3920,F,73,62261.549999999996,72395.5,48159.4,0,60,0,,,,,,Premium
4448,1993-06-02,Monthly statement,60,Prostejov,south Moravia,5366,F,27,62209.083333333336,77160.8,38129.1,0,68,1,classic,5887.0,192744.0,A,0.0,Premium
8492,1994-06-29,Monthly statement,2,Benesov,central Bohemia,10479,F,43,62144.28333333333,79561.3,36038.799999999996,0,98,1,classic,6726.0,85860.0,C,0.0,Premium
3861,1997-01-30,Monthly statement,2,Benesov,central Bohemia,4654,F,48,62103.19166666667,91366.4,43782.0,0,71,1,classic,,,,,Premium
11141,1997-02-11,Weekly statement,1,Hl.m. Praha,Prague,13694,F,22,62080.76666666667,92959.5,36240.8,0,86,1,classic,7264.0,44940.0,A,0.0,Premium
1180,1993-05-19,Monthly statement,20,Strakonice,south Bohemia,1421,F,42,62063.40833333333,84376.6,37107.9,0,58,0,,,,,,Premium
1218,1996-12-12,Monthly statement,1,Hl.m. Praha,Prague,1470,M,56,62055.01666666666,74717.4,38228.6,0,62,0,,,,,,Premium
3446,1996-09-27,Statement after transaction,6,Kutna Hora,central Bohemia,4167,F,49,61977.966666666674,95674.00000000001,26236.50000000001,0,102,1,classic,,,,,Premium
9928,1995-11-09,Monthly statement,60,Prostejov,south Moravia,12220,F,27,61942.333333333336,66212.2,46110.1,0,84,0,,7013.0,89340.0,C,0.0,Premium
3136,1993-08-07,Monthly statement,69,Jesenik,north Moravia,3792,M,26,61941.56666666666,70003.7,49900.1,0,83,0,,,,,,Premium
299,1993-04-05,Monthly statement,77,Vsetin,north Moravia,364,F,56,61933.98333333334,84369.6,39880.8,0,45,0,,,,,,Premium
3375,1997-01-15,Monthly statement,9,Nymburk,central Bohemia,4081,M,20,61910.40833333333,60716.100000000006,57610.3,0,58,1,junior,,,,,Premium
345,1993-11-20,Monthly statement,5,Kolin,central Bohemia,422,M,52,61867.275,82884.5,48073.5,0,72,0,,,,,,Premium
327,1993-06-02,Monthly statement,54,Brno - mesto,south Moravia,399,M,46,61808.799999999996,64598.0,51902.7,0,86,0,,,,,,Premium
3468,1996-02-14,Monthly statement,32,Ceska Lipa,north Bohemia,4191,F,41,61801.049999999996,84173.1,39611.3,0,88,0,,,,,,Premium
1139,1996-01-20,Statement after transaction,34,Chomutov,north Bohemia,1370,F,33,61742.208333333336,89444.8,26125.8,0,126,0,,,,,,Premium
2555,1993-03-10,Monthly statement,53,Blansko,south Moravia,3085,F,52,61712.424999999996,83884.0,34168.7,0,82,1,classic,,,,,Premium
1730,1993-01-09,Monthly statement,1,Hl.m. Praha,Prague,2099,M,80,61691.68333333333,67163.2,54018.0,0,63,0,,,,,,Premium
3849,1994-10-21,Monthly statement,75,Prerov,north Moravia,4640,F,42,61650.05000000001,74659.20000000001,51551.00000000001,0,74,0,,,,,,Premium
3471,1997-01-22,Monthly statement,63,Vyskov,south Moravia,4194,F,58,61639.80833333333,83719.3,41781.0,0,83,1,classic,,,,,Premium
2521,1995-05-19,Monthly statement,63,Vyskov,south Moravia,3043,F,47,61634.36666666666,80356.0,51472.6,0,73,0,,,,,,Premium
1536,1993-01-22,Weekly statement,41,Usti nad Labem,north Bohemia,1862,F,21,61623.166666666664,69689.6,38881.0,0,72,0,,,,,,Premium
1254,1995-03-28,Monthly statement,74,Ostrava - mesto,north Moravia,1513,M,39,61611.19999999999,96054.59999999999,25861.899999999994,0,68,0,,,,,,Premium
2762,1993-03-20,Monthly statement,19,Prachatice,south Bohemia,3335,M,31,61589.525,49769.20000000001,31248.40000000001,0,108,0,,5533.0,111384.0,A,0.0,Premium
1756,1995-10-26,Monthly statement,38,Louny,north Bohemia,2128,F,43,61560.541666666664,79550.8,47931.8,0,72,1,classic,,,,,Premium
1011,1994-12-17,Monthly statement,45,Jicin,east Bohemia,1215,M,54,61510.26666666666,56593.5,46847.7,0,86,0,,5160.0,204000.0,C,0.0,Premium
1654,1996-08-05,Monthly statement,30,Sokolov,west Bohemia,2005,M,19,61487.950000000004,40873.200000000004,40814.3,0,64,1,junior,,,,,Premium
10445,1996-05-29,Monthly statement,72,Olomouc,north Moravia,12850,M,43,61482.674999999996,77584.1,49277.4,0,86,1,classic,7139.0,23412.0,C,0.0,Premium
3756,1994-10-17,Weekly statement,39,Most,north Bohemia,4532,M,45,61482.549999999996,69958.6,43665.5,0,92,1,classic,,,,,Premium
1913,1996-06-06,Monthly statement,48,Rychnov nad Kneznou,east Bohemia,2323,F,56,61481.80833333333,69124.9,52012.0,0,64,0,,,,,,Premium
963,1996-08-09,Monthly statement,7,Melnik,central Bohemia,1161,M,25,61459.06666666667,83225.1,49884.3,0,65,0,,,,,,Premium
10297,1996-01-19,Monthly statement,14,Ceske Budejovice,south Bohemia,12662,M,45,61448.6,77686.9,38199.4,0,81,1,classic,7101.0,421008.0,C,0.0,Premium
48,1996-11-17,Monthly statement,21,Tabor,south Bohemia,56,M,38,61399.708333333336,70915.7,42258.9,0,80,1,classic,,,,,Premium
3160,1994-06-19,Monthly statement,22,Domazlice,west Bohemia,3821,M,59,61367.06666666666,95155.5,48990.299999999996,0,76,1,classic,,,,,Premium
191,1997-03-17,Monthly statement,41,Usti nad Labem,north Bohemia,231,M,57,61351.25,93241.8,37301.5,0,62,1,classic,,,,,Premium
3589,1996-11-13,Monthly statement,5,Kolin,central Bohemia,4331,M,39,61342.125,63565.0,22852.9,0,88,0,,,,,,Premium
3212,1993-07-25,Monthly statement,70,Karvina,north Moravia,3885,F,58,61296.025,62612.6,57825.4,0,107,1,classic,,,,,Premium
1662,1997-08-11,Monthly statement,1,Hl.m. Praha,Prague,2015,F,30,61294.25833333333,56686.4,55202.9,0,72,1,classic,,,,,Premium
3010,1995-09-13,Monthly statement,46,Nachod,east Bohemia,3636,M,20,61288.46666666667,81055.8,44854.0,0,40,1,junior,,,,,Premium
32,1995-08-28,Monthly statement,5,Kolin,central Bohemia,40,F,41,61224.30000000001,89719.7,45457.3,0,57,0,,,,,,Premium
3725,1995-06-11,Monthly statement,33,Decin,north Bohemia,4493,M,51,61215.61666666667,80799.1,51368.1,0,71,1,classic,,,,,Premium
2580,1995-11-09,Monthly statement,60,Prostejov,south Moravia,3113,F,27,61172.46666666667,65427.4,45341.6,0,84,0,,5495.0,89340.0,C,0.0,Premium
8073,1993-09-03,Statement after transaction,24,Karlovy Vary,west Bohemia,9973,F,53,61154.099999999984,90064.69999999998,23337.199999999986,0,105,0,,6650.0,49320.0,B,1.0,Premium
1077,1993-03-03,Monthly statement,14,Ceske Budejovice,south Bohemia,1292,M,21,61146.65,98011.1,42633.50000000001,0,64,1,classic,,,,,Premium
5735,1995-01-25,Monthly statement,52,Usti nad Orlici,east Bohemia,6936,F,39,61144.31666666666,89025.09999999999,24834.299999999996,0,72,0,,6175.0,290700.0,D,1.0,Premium
3163,1997-05-24,Monthly statement,41,Usti nad Labem,north Bohemia,3824,M,27,61071.80000000001,88494.20000000001,22504.500000000007,0,106,1,gold,,,,,Premium
3049,1994-09-08,Monthly statement,61,Trebic,south Moravia,3686,F,36,61062.76666666666,62963.799999999996,43165.1,0,71,0,,,,,,Premium
3278,1996-01-02,Monthly statement,4,Kladno,central Bohemia,3969,F,47,60938.25,83193.5,51408.5,0,52,0,,,,,,Premium
3039,1993-12-10,Monthly statement,1,Hl.m. Praha,Prague,3673,F,47,60910.725,78241.2,36208.4,0,84,0,,,,,,Premium
2480,1997-09-07,Monthly statement,35,Jablonec n. Nisou,north Bohemia,2995,F,57,60847.36666666667,8169.000000000002,8169.000000000002,0,80,1,classic,,,,,Premium
8957,1993-11-13,Monthly statement,1,Hl.m. Praha,Prague,11034,M,26,60824.31666666666,62311.399999999994,21563.899999999998,0,75,0,,,,,,Premium
795,1995-01-27,Monthly statement,25,Klatovy,west Bohemia,953,M,61,60824.19166666667,75695.5,51149.1,0,71,0,,,,,,Premium
71,1994-03-05,Monthly statement,1,Hl.m. Praha,Prague,83,F,20,60817.48333333333,69570.9,38090.5,0,108,1,junior,,,,,Premium
108,1995-03-10,Monthly statement,53,Blansko,south Moravia,130,M,56,60762.51666666666,56976.5,55340.6,0,66,1,classic,,,,,Premium
855,1994-03-28,Monthly statement,1,Hl.m. Praha,Prague,1030,M,51,60747.71666666667,71758.2,41393.9,0,75,1,classic,,,,,Premium
1076,1994-10-30,Monthly statement,1,Hl.m. Praha,Prague,1291,F,34,60747.71666666667,83638.0,45073.8,0,84,0,,,,,,Premium
1632,1996-01-13,Weekly statement,18,Pisek,south Bohemia,1978,F,46,60742.325000000004,42316.399999999994,27274.6,0,69,0,,,,,,Premium
1532,1996-09-19,Monthly statement,54,Brno - mesto,south Moravia,1856,F,30,60738.23333333334,91680.09999999999,26450.5,0,72,0,,,,,,Premium
512,1997-01-14,Monthly statement,68,Frydek - Mistek,north Moravia,615,F,49,60706.34166666667,69237.4,42245.5,0,71,1,classic,,,,,Premium
1828,1994-09-28,Monthly statement,1,Hl.m. Praha,Prague,2216,F,26,60690.50000000001,64384.400000000016,24606.60000000001,0,117,0,,,,,,Premium
3404,1997-11-04,Monthly statement,33,Decin,north Bohemia,4115,M,55,60673.09166666667,78973.3,52024.9,0,52,1,classic,,,,,Premium
2328,1995-06-14,Monthly statement,35,Jablonec n. Nisou,north Bohemia,2815,M,68,60670.40833333333,65133.4,57892.4,0,71,1,gold,,,,,Premium
4478,1993-07-23,Monthly statement,70,Karvina,north Moravia,5402,F,30,60646.825000000004,91087.8,55834.1,0,61,0,,,,,,Premium
2954,1997-04-08,Monthly statement,1,Hl.m. Praha,Prague,3568,M,57,60645.53333333333,86794.0,49318.4,0,72,1,classic,,,,,Premium
7990,1996-08-30,Monthly statement,9,Nymburk,central Bohemia,9872,F,31,60582.40833333333,59933.3,29344.0,0,94,0,,6632.0,144960.0,C,0.0,Premium
3167,1994-08-08,Monthly statement,18,Pisek,south Bohemia,3830,F,30,60572.4,100113.5,46828.5,0,56,1,classic,,,,,Premium
685,1995-01-04,Weekly statement,37,Litomerice,north Bohemia,822,F,39,60560.50833333334,81565.0,24863.500000000007,0,62,1,classic,,,,,Premium
1314,1993-12-03,Monthly statement,48,Rychnov nad Kneznou,east Bohemia,1589,F,47,60488.083333333336,50345.200000000004,50345.200000000004,0,64,1,classic,,,,,Premium
3355,1994-02-26,Monthly statement,70,Karvina,north Moravia,4057,F,76,60465.666666666664,70325.7,50261.6,0,61,0,,,,,,Premium
3724,1997-08-06,Monthly statement,16,Jindrichuv Hradec,south Bohemia,4492,F,33,60462.75,32621.500000000004,32621.500000000004,0,44,1,classic,,,,,Premium
3421,1995-02-01,Monthly statement,31,Tachov,west Bohemia,4136,M,39,60409.94166666667,67367.6,50160.4,0,70,0,,,,,,Premium
3637,1995-10-28,Monthly statement,53,Blansko,south Moravia,4386,F,53,60392.68333333333,74336.09999999999,47718.1,0,95,0,,5718.0,14028.0,A,0.0,Premium
1360,1994-08-14,Monthly statement,71,Novy Jicin,north Moravia,1647,F,20,60375.225000000006,62722.3,49018.7,0,62,1,junior,,,,,Premium
384,1997-09-14,Weekly statement,24,Karlovy Vary,west Bohemia,464,F,39,60345.01666666666,73666.0,2184.800000000001,0,77,1,classic,,,,,Premium
6985,1995-07-27,Monthly statement,38,Louny,north Bohemia,8432,F,30,60324.383333333324,64959.39999999999,8077.799999999992,0,82,0,,6421.0,96768.0,C,0.0,Premium
2905,1994-10-03,Monthly statement,74,Ostrava - mesto,north Moravia,3511,M,35,60297.125,59375.0,41338.299999999996,0,60,0,,,,,,Premium
1408,1996-09-07,Monthly statement,10,Praha - vychod,central Bohemia,1707,M,47,60215.591666666674,91943.90000000001,23085.200000000004,0,67,1,gold,,,,,Premium
4352,1993-07-05,Monthly statement,2,Benesov,central Bohemia,5243,M,28,60142.783333333326,64463.799999999996,51327.0,0,66,1,classic,,,,,Premium
775,1994-12-18,Monthly statement,1,Hl.m. Praha,Prague,927,M,24,60047.75833333333,85125.40000000001,45966.200000000004,0,84,0,,,,,,Premium
4259,1994-04-08,Monthly statement,66,Zdar nad Sazavou,south Moravia,5133,F,39,60032.51666666667,59419.200000000004,31908.400000000005,0,101,0,,5836.0,79632.0,A,0.0,Premium
2638,1994-06-02,Monthly statement,5,Kolin,central Bohemia,3184,F,39,60031.15833333333,86523.1,31823.9,0,93,1,classic,,,,,Premium
2385,1996-11-15,Monthly statement,60,Prostejov,south Moravia,2880,M,46,60007.46666666667,67063.0,50548.9,0,59,1,classic,,,,,Premium
1535,1993-03-20,Monthly statement,46,Nachod,east Bohemia,1861,M,41,59972.17500000001,58026.8,52487.4,0,72,1,classic,,,,,Premium
7765,1994-07-10,Weekly statement,52,Usti nad Orlici,east Bohemia,9606,M,49,59965.44166666668,54416.00000000001,34697.90000000001,0,102,0,,6578.0,27984.0,A,0.0,Premium
741,1994-07-14,Monthly statement,54,Brno - mesto,south Moravia,889,F,17,59939.549999999996,56589.1,48692.09999999999,0,69,0,,,,,,Premium
718,1996-03-03,Monthly statement,1,Hl.m. Praha,Prague,861,F,42,59915.141666666656,43652.79999999999,21505.599999999995,0,131,1,classic,5117.0,76944.0,A,0.0,Premium
3286,1996-02-26,Monthly statement,8,Mlada Boleslav,central Bohemia,3977,M,23,59895.83333333335,38063.40000000002,31264.900000000016,0,96,0,,,,,,Premium
3217,1997-04-23,Statement after transaction,75,Prerov,north Moravia,3891,M,40,59865.725000000006,84952.50000000001,30770.800000000007,0,79,0,,,,,,Premium
2694,1993-03-08,Monthly statement,7,Melnik,central Bohemia,3251,F,36,59836.86666666666,82254.09999999999,36649.1,0,85,0,,5519.0,91632.0,A,0.0,Premium
11317,1997-07-11,Monthly statement,50,Svitavy,east Bohemia,13912,M,23,59830.21666666667,90506.3,17563.5,0,113,0,,7292.0,317460.0,C,0.0,Premium
3948,1993-11-09,Monthly statement,1,Hl.m. Praha,Prague,4763,F,54,59800.68333333334,75406.6,34854.5,0,107,1,classic,,,,,Premium
517,1993-09-22,Monthly statement,76,Sumperk,north Moravia,621,M,59,59748.083333333336,88376.0,46765.1,0,70,0,,,,,,Premium
3662,1997-05-26,Monthly statement,4,Kladno,central Bohemia,4415,M,21,59737.38333333333,98099.8,44819.799999999996,0,58,0,,,,,,Premium
6592,1996-10-20,Monthly statement,1,Hl.m. Praha,Prague,7959,F,20,59717.4,87955.7,29202.3,0,105,1,junior,6338.0,390660.0,C,0.0,Premium
106,1994-11-27,Monthly statement,63,Vyskov,south Moravia,128,F,25,59683.200000000004,64941.8,54726.8,0,72,1,classic,,,,,Premium
2378,1993-01-01,Monthly statement,16,Jindrichuv Hradec,south Bohemia,2873,F,23,59655.43333333333,93349.89999999998,31058.4,0,68,0,,,,,,Premium
3014,1995-03-03,Weekly statement,75,Prerov,north Moravia,3640,M,20,59643.32499999999,31665.899999999994,30670.799999999996,0,87,1,junior,,,,,Premium
1758,1996-07-08,Monthly statement,21,Tabor,south Bohemia,2130,F,53,59634.60833333334,83305.5,26800.7,0,92,0,,,,,,Premium
353,1995-08-30,Monthly statement,24,Karlovy Vary,west Bohemia,431,F,71,59586.083333333336,70291.0,48226.5,0,69,0,,,,,,Premium
3850,1993-08-09,Monthly statement,8,Mlada Boleslav,central Bohemia,4641,M,40,59554.88333333333,91314.59999999999,33462.899999999994,0,85,0,,,,,,Premium
8784,1996-10-16,Monthly statement,1,Hl.m. Praha,Prague,10828,F,41,59549.600000000006,66628.40000000001,38557.200000000004,0,99,0,,6766.0,74352.0,C,0.0,Premium
2295,1996-06-25,Monthly statement,57,Hodonin,south Moravia,2778,M,34,59544.38333333334,87505.3,1725.700000000002,0,84,0,,,,,,Premium
593,1996-07-16,Monthly statement,48,Rychnov nad Kneznou,east Bohemia,711,F,35,59483.61666666667,69166.90000000001,28600.7,0,61,0,,,,,,Premium
2623,1993-10-09,Monthly statement,58,Jihlava,south Moravia,3165,F,22,59453.63333333333,70654.8,41805.5,0,74,0,,,,,,Premium
3796,1993-05-25,Monthly statement,53,Blansko,south Moravia,4576,M,40,59435.89166666667,74488.2,51837.200000000004,0,74,0,,,,,,Premium
1611,1996-02-11,Monthly statement,69,Jesenik,north Moravia,1954,M,46,59424.74166666667,61869.1,53752.6,0,82,1,classic,,,,,Premium
3314,1996-10-14,Monthly statement,25,Klatovy,west Bohemia,4006,F,20,59423.19166666666,52682.399999999994,45726.899999999994,0,26,0,,,,,,Premium
1154,1997-08-29,Weekly statement,5,Kolin,central Bohemia,1388,F,36,59407.11666666667,52728.8,44323.600000000006,0,98,1,gold,,,,,Premium
566,1997-11-13,Monthly statement,8,Mlada Boleslav,central Bohemia,679,M,58,59322.333333333336,69513.6,20850.5,0,77,1,classic,,,,,Premium
2586,1997-04-16,Monthly statement,57,Hodonin,south Moravia,3121,F,42,59292.36666666667,83012.2,24378.9,0,83,0,,,,,,Premium
1789,1993-10-23,Monthly statement,46,Nachod,east Bohemia,2168,F,35,59282.23333333334,53144.0,53144.0,0,22,1,classic,,,,,Premium
5228,1993-06-23,Statement after transaction,77,Vsetin,north Moravia,6317,F,41,59279.55833333335,36308.80000000001,35651.30000000001,0,87,0,,6066.0,173808.0,A,0.0,Premium
1079,1993-09-14,Monthly statement,74,Ostrava - mesto,north Moravia,1295,F,54,59246.333333333336,74824.9,29630.4,0,69,0,,,,,,Premium
486,1995-11-21,Monthly statement,33,Decin,north Bohemia,584,F,22,59244.65833333333,105292.5,38350.9,0,64,1,junior,,,,,Premium
1734,1997-04-10,Monthly statement,37,Litomerice,north Bohemia,2104,M,50,59228.1,71699.5,35575.5,0,73,1,classic,,,,,Premium
4161,1995-02-23,Monthly statement,1,Hl.m. Praha,Prague,5016,F,52,59220.649999999994,75307.09999999999,47474.899999999994,0,59,1,classic,,,,,Premium
5395,1996-04-26,Monthly statement,47,Pardubice,east Bohemia,6511,M,45,59199.99166666667,37970.600000000006,30034.500000000004,0,80,0,,6104.0,158184.0,C,0.0,Premium
649,1994-05-17,Weekly statement,69,Jesenik,north Moravia,779,F,54,59190.974999999984,52133.599999999984,22264.89999999999,0,70,0,,,,,,Premium
66,1993-12-03,Statement after transaction,48,Rychnov nad Kneznou,east Bohemia,77,F,42,59144.333333333336,100253.1,14786.000000000002,0,60,1,classic,,,,,Premium
2086,1996-08-09,Weekly statement,70,Karvina,north Moravia,2529,M,59,59022.08333333334,69485.0,29990.800000000007,0,72,1,classic,,,,,Premium
3586,1993-03-27,Monthly statement,59,Kromeriz,south Moravia,4328,F,22,59012.46666666667,86713.1,37775.1,0,57,1,junior,,,,,Premium
5358,1995-05-18,Monthly statement,4,Kladno,central Bohemia,6469,M,45,58960.98333333334,68246.3,43981.100000000006,0,77,0,,6095.0,68340.0,C,0.0,Premium
4969,1996-08-19,Weekly statement,60,Prostejov,south Moravia,6001,M,61,58940.950000000004,101522.8,12371.099999999999,0,110,0,,6010.0,150180.0,C,0.0,Premium
3325,1997-11-03,Monthly statement,11,Praha - zapad,central Bohemia,4019,M,53,58938.825000000004,90040.40000000001,22835.200000000004,0,60,1,classic,,,,,Premium
3387,1996-12-28,Weekly statement,25,Klatovy,west Bohemia,4095,M,24,58929.916666666664,68626.2,18070.9,0,74,0,,,,,,Premium
5120,1993-06-21,Monthly statement,1,Hl.m. Praha,Prague,6178,F,58,58929.03333333333,65186.0,41273.9,0,99,1,classic,6038.0,323472.0,A,0.0,Premium
993,1996-11-14,Monthly statement,6,Kutna Hora,central Bohemia,1197,F,32,58925.666666666664,104413.3,21174.8,0,74,1,classic,5154.0,108720.0,C,0.0,Premium
11053,1997-05-27,Monthly statement,46,Nachod,east Bohemia,13588,M,24,58923.475000000006,48751.700000000004,27129.600000000002,0,89,0,,,,,,Premium
461,1993-02-18,Monthly statement,30,Sokolov,west Bohemia,554,F,73,58910.833333333336,74262.7,41775.4,0,63,0,,,,,,Premium
1951,1997-08-07,Monthly statement,23,Cheb,west Bohemia,2372,F,27,58905.125,70371.2,48258.1,0,98,0,,,,,,Premium
2095,1995-12-19,Monthly statement,56,Breclav,south Moravia,2538,M,18,58877.00833333333,54892.7,52483.4,0,62,1,junior,,,,,Premium
10365,1995-09-02,Monthly statement,22,Domazlice,west Bohemia,12756,F,49,58876.174999999996,55275.700000000004,33995.4,0,155,0,,7122.0,260640.0,D,1.0,Premium
2003,1995-11-27,Monthly statement,32,Ceska Lipa,north Bohemia,2433,M,34,58874.61666666667,68333.90000000001,34203.4,0,69,0,,,,,,Premium
1003,1996-10-10,Monthly statement,28,Plzen - sever,west Bohemia,1207,F,59,58844.958333333336,70430.90000000001,50596.200000000004,0,79,0,,,,,,Premium
3766,1996-10-18,Statement after transaction,29,Rokycany,west Bohemia,4542,M,44,58832.51666666667,107951.8,23565.9,0,72,0,,,,,,Premium
625,1995-07-12,Monthly statement,70,Karvina,north Moravia,751,M,39,58763.95000000001,79512.70000000001,21851.40000000001,0,93,0,,,,,,Premium
4264,1993-12-07,Monthly statement,28,Plzen - sever,west Bohemia,5138,F,24,58746.208333333336,89449.0,46753.4,0,61,1,junior,,,,,Premium
2164,1996-09-12,Monthly statement,63,Vyskov,south Moravia,2619,F,29,58688.94166666667,78158.9,47435.9,0,71,1,classic,,,,,Premium
2808,1994-12-18,Monthly statement,1,Hl.m. Praha,Prague,3392,F,23,58587.458333333336,60727.200000000004,42701.4,0,46,0,,,,,,Premium
3058,1994-10-23,Monthly statement,44,Chrudim,east Bohemia,3698,M,27,58585.13333333333,62492.0,52611.1,0,57,0,,,,,,Premium
300,1993-06-23,Monthly statement,1,Hl.m. Praha,Prague,365,M,68,58541.30833333333,73255.7,45135.8,0,66,1,classic,,,,,Premium
2649,1993-09-08,Monthly statement,2,Benesov,central Bohemia,3195,F,27,58536.98333333334,68408.8,46907.7,0,103,0,,,,,,Premium
3689,1995-11-29,Monthly statement,8,Mlada Boleslav,central Bohemia,4449,M,49,58495.35000000001,85515.90000000002,10035.300000000016,0,88,0,,,,,,Premium
2084,1996-09-08,Monthly statement,44,Chrudim,east Bohemia,2527,F,51,58494.80833333333,84957.5,45779.0,0,68,1,classic,,,,,Premium
3147,1995-04-05,Monthly statement,54,Brno - mesto,south Moravia,3806,F,31,58469.600000000006,63599.700000000004,44057.3,0,106,0,,,,,,Premium
3444,1997-09-04,Weekly statement,53,Blansko,south Moravia,4165,M,43,58442.14166666666,89893.6,27378.0,0,62,1,classic,,,,,Premium
2783,1995-11-23,Monthly statement,43,Hradec Kralove,east Bohemia,3360,F,22,58434.61666666666,53336.5,29248.399999999998,0,70,1,classic,,,,,Premium
4337,1993-11-16,Monthly statement,29,Rokycany,west Bohemia,5224,M,49,58430.658333333326,53332.29999999999,40347.69999999999,0,89,1,classic,5861.0,51408.0,A,0.0,Premium
2720,1997-06-16,Weekly statement,2,Benesov,central Bohemia,3284,M,62,58397.033333333326,75509.3,25670.499999999996,0,107,0,,5525.0,93888.0,C,0.0,Premium
1230,1997-05-03,Monthly statement,1,Hl.m. Praha,Prague,1483,F,47,58334.73333333334,99333.0,30586.600000000002,0,74,1,classic,,,,,Premium
1538,1996-09-20,Monthly statement,22,Domazlice,west Bohemia,1864,M,50,58332.43333333334,35862.00000000001,19856.300000000007,0,84,1,classic,,,,,Premium
2764,1996-08-15,Monthly statement,53,Blansko,south Moravia,3337,M,46,58328.24166666667,90890.1,34584.600000000006,0,83,1,classic,,,,,Premium
2877,1995-06-04,Monthly statement,37,Litomerice,north Bohemia,3477,M,33,58304.00833333334,51611.600000000006,41336.90000000001,0,74,1,classic,,,,,Premium
169,1995-09-28,Monthly statement,4,Kladno,central Bohemia,205,F,56,58301.208333333336,67185.3,51238.0,0,69,0,,,,,,Premium
180,1993-12-14,Weekly statement,55,Brno - venkov,south Moravia,219,F,34,58261.15833333333,64308.9,32795.0,0,74,1,classic,,,,,Premium
1605,1993-12-16,Monthly statement,72,Olomouc,north Moravia,1946,M,63,58223.1,49710.399999999994,27836.6,0,99,1,classic,,,,,Premium
2026,1996-09-14,Monthly statement,64,Zlin,south Moravia,2461,M,31,58218.299999999996,71526.0,39852.1,0,85,0,,,,,,Premium
5952,1993-09-07,Monthly statement,50,Svitavy,east Bohemia,7195,M,36,58201.24166666666,72328.0,28836.399999999994,0,123,1,classic,6216.0,141240.0,A,0.0,Premium
307,1997-08-07,Monthly statement,26,Plzen - mesto,west Bohemia,374,M,31,58186.73333333333,72167.7,40149.1,0,58,1,classic,,,,,Premium
5574,1994-07-14,Weekly statement,13,Rakovnik,central Bohemia,6731,M,55,58185.36666666666,57219.799999999996,42916.899999999994,0,82,0,,6137.0,44628.0,A,0.0,Premium
227,1995-03-28,Monthly statement,27,Plzen - jih,west Bohemia,273,F,26,58185.21666666665,85194.79999999999,45381.399999999994,0,69,1,classic,,,,,Premium
4103,1995-01-25,Monthly statement,38,Louny,north Bohemia,4942,M,39,58161.03333333333,89467.6,15288.800000000003,0,63,0,,,,,,Premium
10280,1996-12-01,Monthly statement,69,Jesenik,north Moravia,12643,F,36,58160.924999999996,94207.9,37911.6,0,78,1,classic,7100.0,348120.0,C,0.0,Premium
4659,1993-10-08,Monthly statement,56,Breclav,south Moravia,5617,F,40,58149.158333333326,93461.4,5181.599999999999,0,67,0,,,,,,Premium
2241,1993-02-08,Monthly statement,6,Kutna Hora,central Bohemia,2714,F,28,58078.48333333334,63990.3,47768.1,0,99,0,,,,,,Premium
1552,1994-01-02,Monthly statement,18,Pisek,south Bohemia,1883,F,37,58033.01666666667,71766.40000000001,45414.100000000006,0,67,1,classic,,,,,Premium
2351,1997-09-08,Monthly statement,74,Ostrava - mesto,north Moravia,2842,M,40,58018.81666666667,62039.9,48479.8,0,69,0,,,,,,Premium
3153,1996-07-05,Monthly statement,2,Benesov,central Bohemia,3813,F,20,57984.95833333332,79068.7,37629.79999999999,0,104,1,junior,,,,,Premium
2141,1997-05-09,Monthly statement,21,Tabor,south Bohemia,2589,M,35,57887.76666666666,82163.2,45677.0,0,75,0,,,,,,Premium
8158,1996-06-16,Weekly statement,48,Rychnov nad Kneznou,east Bohemia,10075,M,34,57822.18333333334,79297.2,37286.8,0,99,0,,6675.0,238716.0,C,0.0,Premium
603,1996-06-11,Monthly statement,62,Uherske Hradiste,south Moravia,722,F,28,57782.416666666664,64165.8,38679.0,0,71,1,classic,,,,,Premium
3337,1997-02-22,Statement after transaction,58,Jihlava,south Moravia,4034,M,61,57763.13333333333,104369.9,32239.3,0,96,0,,,,,,Premium
1058,1996-06-11,Monthly statement,47,Pardubice,east Bohemia,1271,M,63,57756.75833333333,82264.4,46555.1,0,86,1,classic,,,,,Premium
378,1996-07-22,Monthly statement,68,Frydek - Mistek,north Moravia,458,M,37,57717.833333333336,38964.3,34283.6,0,141,0,,5051.0,230400.0,C,0.0,Premium
1824,1994-01-17,Monthly statement,52,Usti nad Orlici,east Bohemia,2212,M,26,57708.48333333334,72080.1,46146.9,0,84,0,,,,,,Premium
1870,1994-06-25,Monthly statement,10,Praha - vychod,central Bohemia,2268,M,60,57674.63333333333,57455.399999999994,45707.6,0,52,1,classic,,,,,Premium
1036,1996-01-18,Monthly statement,11,Praha - zapad,central Bohemia,1243,F,24,57674.275,78262.1,46561.9,0,72,1,classic,,,,,Premium
928,1993-04-26,Monthly statement,20,Strakonice,south Bohemia,1117,F,22,57651.89166666667,64176.3,43227.9,0,74,0,,,,,,Premium
7957,1995-09-07,Monthly statement,51,Trutnov,east Bohemia,9833,M,34,57604.033333333326,68381.79999999999,25278.999999999993,0,105,1,classic,6621.0,42900.0,A,0.0,Premium
1352,1994-09-23,Monthly statement,1,Hl.m. Praha,Prague,1639,F,39,57601.90833333333,63418.0,44892.7,0,107,0,,,,,,Premium
6461,1996-07-17,Monthly statement,50,Svitavy,east Bohemia,7796,F,23,57590.9,25535.000000000007,25535.000000000007,0,88,1,classic,6313.0,150912.0,C,0.0,Premium
2429,1993-02-06,Monthly statement,61,Trebic,south Moravia,2935,F,54,57563.88333333333,52137.0,41511.6,0,85,0,,,,,,Premium
1838,1994-05-26,Monthly statement,68,Frydek - Mistek,north Moravia,2229,M,54,57535.791666666664,58446.0,27433.500000000004,0,88,0,,,,,,Premium
11333,1994-05-26,Monthly statement,8,Mlada Boleslav,central Bohemia,13931,M,56,57526.883333333324,58319.7,28063.599999999988,0,71,0,,,,,,Premium
7753,1993-02-08,Monthly statement,74,Ostrava - mesto,north Moravia,9593,F,30,57521.041666666664,60101.6,31898.999999999996,0,103,1,classic,6577.0,51696.0,A,0.0,Premium
5870,1997-09-17,Monthly statement,75,Prerov,north Moravia,7102,F,31,57519.85,65075.299999999996,18471.1,0,72,0,,,,,,Premium
3687,1993-11-06,Monthly statement,71,Novy Jicin,north Moravia,4446,F,48,57486.225,80411.9,48777.0,0,69,0,,,,,,Premium
2633,1996-03-14,Monthly statement,25,Klatovy,west Bohemia,3178,F,29,57460.299999999996,48864.799999999996,12179.699999999999,0,86,0,,,,,,Premium
765,1996-12-20,Monthly statement,12,Pribram,central Bohemia,915,M,23,57459.90833333333,53355.9,39585.799999999996,0,62,0,,,,,,Premium
1653,1994-09-19,Monthly statement,1,Hl.m. Praha,Prague,2004,F,24,57456.28333333333,74268.0,44748.0,0,64,0,,,,,,Premium
2354,1997-03-17,Monthly statement,7,Melnik,central Bohemia,2845,M,46,57444.55833333333,60051.799999999996,50191.7,0,64,1,classic,,,,,Premium
2070,1993-01-29,Monthly statement,72,Olomouc,north Moravia,2510,F,39,57418.575000000004,69585.3,36978.0,0,72,0,,,,,,Premium
1292,1994-09-03,Monthly statement,3,Beroun,central Bohemia,1563,M,20,57410.450000000004,76971.3,25018.500000000004,0,99,0,,,,,,Premium
666,1996-03-15,Monthly statement,27,Plzen - jih,west Bohemia,798,F,58,57377.36666666667,81135.7,38991.3,0,111,1,classic,5103.0,12540.0,A,0.0,Premium
3614,1996-08-07,Monthly statement,19,Prachatice,south Bohemia,4360,F,33,57340.475,83983.29999999999,32245.09999999999,0,93,1,classic,,,,,Premium
291,1997-06-08,Monthly statement,7,Melnik,central Bohemia,353,M,33,57338.43333333334,81630.7,14144.0,0,116,0,,,,,,Premium
7123,1993-04-14,Statement after transaction,64,Zlin,south Moravia,8598,F,41,57336.51666666666,75197.7,12913.9,0,90,0,,6456.0,47016.0,A,0.0,Premium
5794,1995-07-14,Monthly statement,70,Karvina,north Moravia,7010,M,31,57321.041666666664,67017.5,21554.300000000003,0,90,0,,6190.0,123600.0,C,0.0,Premium
1385,1997-05-08,Monthly statement,53,Blansko,south Moravia,1676,M,45,57281.14166666667,69466.7,48783.0,0,72,0,,,,,,Premium
9833,1993-07-24,Monthly statement,20,Strakonice,south Bohemia,12102,F,30,57249.408333333326,37756.1,37756.1,0,107,0,,6998.0,97632.0,A,0.0,Premium
5196,1997-06-29,Weekly statement,13,Rakovnik,central Bohemia,6275,M,42,57240.5,16954.300000000003,16954.300000000003,0,96,1,classic,6059.0,79824.0,A,0.0,Premium
3237,1993-10-02,Monthly statement,20,Strakonice,south Bohemia,3915,M,21,57240.19166666667,67581.7,35894.9,0,75,0,,,,,,Premium
3403,1997-05-20,Monthly statement,63,Vyskov,south Moravia,4114,M,34,57165.174999999996,107935.0,21454.299999999996,0,86,0,,5669.0,71820.0,C,0.0,Premium
10884,1995-02-20,Monthly statement,65,Znojmo,south Moravia,13380,M,56,57145.700000000004,83329.20000000001,27725.700000000004,0,110,0,,7213.0,113544.0,C,0.0,Premium
1184,1994-05-06,Monthly statement,14,Ceske Budejovice,south Bohemia,1427,F,33,57139.39166666667,94800.0,28157.800000000003,0,59,0,,,,,,Premium
466,1996-02-18,Monthly statement,71,Novy Jicin,north Moravia,560,F,31,57133.333333333336,60700.0,53200.0,0,12,0,,,,,,Premium
3391,1993-04-01,Monthly statement,74,Ostrava - mesto,north Moravia,4100,M,43,57126.49166666666,72167.5,45212.299999999996,0,85,1,gold,,,,,Premium
2572,1994-11-13,Statement after transaction,64,Zlin,south Moravia,3103,F,25,57121.15,91846.4,31962.699999999997,0,93,0,,5494.0,360000.0,C,0.0,Premium
11359,1994-10-01,Monthly statement,61,Trebic,south Moravia,13968,M,30,57111.708333333336,75201.0,19630.699999999997,0,95,1,classic,7305.0,54024.0,A,0.0,Premium
43,1994-06-12,Monthly statement,36,Liberec,north Bohemia,51,F,19,57103.14166666666,60766.7,34914.7,0,72,1,junior,,,,,Premium
1753,1997-06-14,Monthly statement,71,Novy Jicin,north Moravia,2125,M,23,57094.74166666667,48883.8,45970.100000000006,0,25,1,gold,,,,,Premium
2190,1996-06-04,Weekly statement,41,Usti nad Labem,north Bohemia,2652,F,49,57088.42499999999,86918.49999999999,29412.39999999999,0,114,0,,,,,,Premium
689,1996-04-24,Monthly statement,1,Hl.m. Praha,Prague,826,M,20,57076.22500000001,47242.60000000001,27323.20000000001,0,123,1,junior,,,,,Premium
3227,1996-06-24,Monthly statement,1,Hl.m. Praha,Prague,3903,F,50,57053.26666666666,94658.8,36727.5,0,96,0,,,,,,Premium
2781,1995-06-20,Monthly statement,16,Jindrichuv Hradec,south Bohemia,3358,M,23,57048.84166666667,58159.899999999994,41861.49999999999,0,76,0,,,,,,Premium
73,1993-11-08,Monthly statement,72,Olomouc,north Moravia,87,F,52,57030.03333333333,61919.700000000004,42028.0,0,76,1,classic,,,,,Premium
1004,1996-07-02,Monthly statement,70,Karvina,north Moravia,1208,F,23,57024.68333333334,76546.40000000001,16392.400000000005,0,90,0,,5158.0,188532.0,C,0.0,Premium
4375,1996-10-28,Monthly statement,39,Most,north Bohemia,5273,M,39,57011.149999999994,63763.0,35314.9,0,73,0,,,,,,Premium
4003,1997-08-22,Monthly statement,25,Klatovy,west Bohemia,4826,F,21,56999.21666666667,59603.899999999994,20475.4,0,95,0,,,,,,Premium
1684,1993-07-10,Weekly statement,32,Ceska Lipa,north Bohemia,2044,F,37,56980.95833333334,39223.00000000001,29461.60000000001,0,73,0,,,,,,Premium
3154,1997-07-02,Monthly statement,1,Hl.m. Praha,Prague,3814,M,53,56964.049999999996,89400.2,48440.6,0,77,0,,,,,,Premium
1777,1996-10-10,Monthly statement,60,Prostejov,south Moravia,2154,F,41,56923.48333333334,77023.3,36540.7,0,97,1,classic,,,,,Premium
2873,1996-12-13,Monthly statement,70,Karvina,north Moravia,3472,F,52,56921.86666666667,77497.7,23689.100000000002,0,111,0,,,,,,Premium
78,1993-07-07,Monthly statement,74,Ostrava - mesto,north Moravia,92,F,32,56910.924999999996,77936.3,35197.7,0,70,0,,,,,,Premium
3000,1993-07-14,Monthly statement,28,Plzen - sever,west Bohemia,3623,F,33,56829.416666666664,66097.09999999999,32246.6,0,59,0,,,,,,Premium
3953,1997-06-16,Monthly statement,1,Hl.m. Praha,Prague,4768,F,38,56784.966666666674,70457.00000000001,507.70000000000715,0,96,0,,5782.0,63576.0,C,0.0,Premium
712,1996-12-01,Monthly statement,72,Olomouc,north Moravia,854,F,57,56768.59166666667,81851.7,23719.6,0,68,0,,,,,,Premium
266,1994-05-11,Monthly statement,47,Pardubice,east Bohemia,321,F,55,56748.125,75022.59999999999,32192.6,0,64,1,classic,,,,,Premium
2254,1996-04-17,Monthly statement,1,Hl.m. Praha,Prague,2729,M,32,56737.18333333333,90765.4,18142.699999999993,0,104,0,,,,,,Premium
3303,1995-11-17,Monthly statement,1,Hl.m. Praha,Prague,3995,F,50,56735.59166666667,79433.0,35532.399999999994,0,60,0,,,,,,Premium
2092,1994-04-29,Monthly statement,1,Hl.m. Praha,Prague,2535,M,53,56703.491666666676,107414.6,12523.100000000004,0,81,0,,,,,,Premium
5263,1995-07-14,Monthly statement,64,Zlin,south Moravia,6359,M,22,56698.924999999996,66574.1,38004.4,0,85,0,,6073.0,276300.0,C,0.0,Premium
472,1996-10-11,Monthly statement,8,Mlada Boleslav,central Bohemia,568,F,38,56686.724999999984,30746.19999999998,14717.599999999988,0,78,0,,5072.0,196800.0,D,1.0,Premium
2664,1994-01-20,Monthly statement,58,Jihlava,south Moravia,3216,M,39,56684.19166666666,83133.4,47564.399999999994,0,88,0,,,,,,Premium
3529,1997-07-08,Monthly statement,12,Pribram,central Bohemia,4260,M,31,56558.375,70590.9,40208.9,0,60,0,,,,,,Premium
3972,1993-10-11,Monthly statement,51,Trutnov,east Bohemia,4791,M,62,56546.89166666666,72747.0,36933.200000000004,0,84,1,classic,,,,,Premium
3128,1995-01-06,Monthly statement,1,Hl.m. Praha,Prague,3783,F,30,56537.541666666664,65842.4,38052.0,0,58,0,,,,,,Premium
3720,1993-07-30,Monthly statement,36,Liberec,north Bohemia,4485,M,79,56510.21666666667,65002.2,48112.7,0,58,0,,,,,,Premium
3760,1993-01-13,Monthly statement,44,Chrudim,east Bohemia,4536,M,51,56436.041666666664,111134.09999999999,21157.1,0,65,0,,,,,,Premium
3570,1993-11-29,Monthly statement,44,Chrudim,east Bohemia,4308,F,28,56429.291666666664,75416.2,37286.799999999996,0,72,0,,,,,,Premium
11013,1993-02-14,Weekly statement,1,Hl.m. Praha,Prague,13539,M,20,56403.733333333315,85131.79999999999,40983.999999999985,0,97,1,junior,7240.0,274740.0,A,0.0,Premium
1507,1993-08-03,Monthly statement,35,Jablonec n. Nisou,north Bohemia,1826,M,61,56360.75,76851.8,31332.399999999998,0,71,1,classic,,,,,Premium
2982,1996-06-04,Monthly statement,19,Prachatice,south Bohemia,3601,M,60,56352.299999999996,69951.2,37563.200000000004,0,128,1,gold,5582.0,41256.0,C,0.0,Premium
50,1994-05-06,Monthly statement,1,Hl.m. Praha,Prague,59,M,41,56346.791666666664,86129.0,33512.2,0,81,0,,,,,,Premium
8039,1995-12-17,Monthly statement,9,Nymburk,central Bohemia,9930,M,26,56331.158333333326,64749.89999999999,25126.599999999988,0,112,1,classic,6644.0,93600.0,A,0.0,Premium
4116,1997-10-05,Monthly statement,6,Kutna Hora,central Bohemia,4956,M,52,56298.94166666666,93375.9,19737.6,0,87,0,,5815.0,151200.0,C,0.0,Premium
5591,1996-03-16,Monthly statement,9,Nymburk,central Bohemia,6749,F,55,56295.48333333333,63947.49999999999,44940.9,0,118,0,,6142.0,221880.0,C,0.0,Premium
2004,1996-08-04,Monthly statement,42,Havlickuv Brod,east Bohemia,2434,F,53,56294.716666666674,96456.40000000001,43154.9,0,71,1,classic,,,,,Premium
4424,1996-01-29,Monthly statement,48,Rychnov nad Kneznou,east Bohemia,5334,M,63,56253.65833333333,80013.1,42295.0,0,54,0,,,,,,Premium
2323,1995-05-08,Monthly statement,72,Olomouc,north Moravia,2810,M,27,56252.033333333326,77125.5,47459.299999999996,0,71,0,,,,,,Premium
4543,1993-10-08,Monthly statement,33,Decin,north Bohemia,5478,M,53,56204.50833333333,65061.2,44501.0,0,53,1,classic,,,,,Premium
485,1993-01-04,Statement after transaction,6,Kutna Hora,central Bohemia,583,F,33,56162.40833333333,79053.1,30792.499999999996,0,107,0,,,,,,Premium
2582,1993-11-01,Monthly statement,28,Plzen - sever,west Bohemia,3116,M,47,56161.208333333336,71614.1,33428.00000000001,0,84,1,classic,,,,,Premium
1359,1993-12-02,Monthly statement,8,Mlada Boleslav,central Bohemia,1646,M,32,56134.950000000004,71695.2,42209.2,0,23,0,,,,,,Premium
544,1995-05-15,Monthly statement,32,Ceska Lipa,north Bohemia,655,M,56,56092.049999999996,111234.7,39275.7,0,75,1,classic,5088.0,91152.0,A,0.0,Premium
3204,1996-07-13,Monthly statement,61,Trebic,south Moravia,3874,F,56,56074.78333333333,64038.600000000006,45706.6,0,60,1,classic,,,,,Premium
2634,1997-10-08,Monthly statement,45,Jicin,east Bohemia,3179,F,50,56061.84166666667,94101.4,32883.5,0,51,0,,,,,,Premium
1394,1994-12-27,Monthly statement,32,Ceska Lipa,north Bohemia,1688,M,75,56033.35833333334,66188.3,43729.9,0,69,0,,,,,,Premium
271,1996-08-13,Monthly statement,1,Hl.m. Praha,Prague,328,F,80,56008.424999999996,58987.0,47347.2,0,66,0,,,,,,Premium
5698,1997-09-04,Monthly statement,1,Hl.m. Praha,Prague,6892,F,47,55986.158333333326,26698.399999999987,20513.399999999987,0,89,0,,6168.0,99216.0,C,0.0,Premium
3965,1993-05-04,Monthly statement,31,Tachov,west Bohemia,4783,F,20,55973.649999999994,77281.8,17992.899999999998,0,59,0,,,,,,Premium
3411,1996-12-17,Monthly statement,19,Prachatice,south Bohemia,4124,F,35,55948.64166666666,62969.799999999996,38417.9,0,70,0,,,,,,Premium
5129,1993-06-08,Monthly statement,68,Frydek - Mistek,north Moravia,6191,M,46,55944.55833333333,42841.1,29417.899999999994,0,100,0,,,,,,Premium
3116,1996-04-05,Monthly statement,54,Brno - mesto,south Moravia,3769,M,41,55939.799999999996,48825.0,48825.0,0,64,1,classic,,,,,Premium
4727,1995-02-13,Monthly statement,2,Benesov,central Bohemia,5701,F,39,55907.833333333336,74066.8,36970.3,0,103,0,,5959.0,107640.0,A,0.0,Premium
830,1993-02-08,Monthly statement,74,Ostrava - mesto,north Moravia,999,F,32,55897.916666666664,57616.4,45299.799999999996,0,54,1,classic,,,,,Premium
1365,1996-03-15,Monthly statement,42,Havlickuv Brod,east Bohemia,1653,M,54,55855.55833333333,71921.5,45694.5,0,72,0,,,,,,Premium
3752,1994-11-25,Monthly statement,1,Hl.m. Praha,Prague,4527,F,35,55810.48333333334,89292.0,38942.0,0,83,0,,5740.0,18564.0,A,0.0,Premium
2811,1996-01-02,Monthly statement,4,Kladno,central Bohemia,3395,M,36,55810.158333333326,32923.49999999999,24751.299999999996,0,82,1,classic,,,,,Premium
3659,1997-02-01,Monthly statement,54,Brno - mesto,south Moravia,4411,M,48,55799.63333333333,88501.40000000001,36206.2,0,111,0,,,,,,Premium
2009,1994-04-14,Monthly statement,17,Pelhrimov,south Bohemia,2440,M,63,55798.51666666666,58897.299999999996,40892.399999999994,0,78,1,classic,,,,,Premium
2224,1997-03-08,Statement after transaction,46,Nachod,east Bohemia,2693,F,22,55784.56666666666,89157.9,18213.299999999996,0,59,0,,,,,,Premium
4456,1996-09-03,Monthly statement,14,Ceske Budejovice,south Bohemia,5376,M,28,55766.28333333335,55904.30000000001,37078.40000000001,0,66,1,classic,5889.0,321240.0,C,0.0,Premium
3730,1994-09-08,Monthly statement,17,Pelhrimov,south Bohemia,4500,M,74,55752.35833333334,60884.0,48507.4,0,56,0,,,,,,Premium
1201,1993-07-23,Monthly statement,61,Trebic,south Moravia,1450,F,29,55717.65833333333,79324.9,43628.1,0,83,0,,,,,,Premium
1121,1996-04-17,Monthly statement,32,Ceska Lipa,north Bohemia,1345,M,30,55687.083333333336,82386.5,26166.0,0,65,1,classic,,,,,Premium
8268,1996-09-19,Monthly statement,59,Kromeriz,south Moravia,10209,M,23,55665.924999999996,72861.6,29764.2,0,102,0,,6688.0,8616.0,C,0.0,Premium
773,1993-06-19,Monthly statement,15,Cesky Krumlov,south Bohemia,925,M,39,55659.41666666668,65644.8,39245.700000000004,0,84,0,,,,,,Premium
3807,1995-09-05,Monthly statement,53,Blansko,south Moravia,4588,F,22,55636.99166666667,56129.700000000004,46767.5,0,71,1,junior,,,,,Premium
356,1996-03-12,Monthly statement,70,Karvina,north Moravia,434,F,55,55604.93333333333,75090.7,45919.799999999996,0,67,1,classic,,,,,Premium
1797,1994-08-01,Monthly statement,24,Karlovy Vary,west Bohemia,2177,F,56,55604.64166666667,58130.0,48174.700000000004,0,75,1,classic,,,,,Premium
167,1996-02-26,Weekly statement,29,Rokycany,west Bohemia,202,F,22,55554.26666666666,49339.3,23008.999999999996,0,82,1,classic,,,,,Premium
5837,1996-07-18,Monthly statement,5,Kolin,central Bohemia,7065,F,27,55524.825000000004,32882.200000000004,26087.499999999996,0,57,0,,6196.0,177804.0,C,0.0,Premium
3389,1996-01-30,Monthly statement,13,Rakovnik,central Bohemia,4098,M,60,55507.82499999999,46015.99999999999,23213.599999999995,0,91,0,,,,,,Premium
2471,1994-07-03,Monthly statement,6,Kutna Hora,central Bohemia,2982,F,25,55503.59166666667,55628.5,33127.0,0,112,1,classic,,,,,Premium
3795,1996-03-18,Monthly statement,36,Liberec,north Bohemia,4575,F,34,55475.61666666667,61030.2,43085.1,0,78,0,,,,,,Premium
1319,1997-08-08,Statement after transaction,56,Breclav,south Moravia,1595,F,44,55460.950000000004,39177.299999999996,29774.899999999998,0,80,0,,,,,,Premium
960,1994-11-02,Statement after transaction,4,Kladno,central Bohemia,1157,F,40,55449.81666666667,78486.09999999999,24192.4,0,99,1,classic,5151.0,189060.0,C,0.0,Premium
1706,1995-01-05,Monthly statement,1,Hl.m. Praha,Prague,2071,M,25,55445.225000000006,53928.0,51179.5,0,70,0,,,,,,Premium
4358,1997-02-12,Monthly statement,5,Kolin,central Bohemia,5249,F,27,55439.075000000004,90488.4,24004.800000000003,0,66,1,classic,,,,,Premium
2013,1996-08-15,Monthly statement,54,Brno - mesto,south Moravia,2445,M,29,55427.98333333334,29219.600000000002,29219.600000000002,0,72,1,gold,,,,,Premium
1337,1993-09-01,Monthly statement,23,Cheb,west Bohemia,1618,F,19,55415.84166666667,68305.0,43527.0,0,73,0,,,,,,Premium
9493,1995-04-02,Monthly statement,64,Zlin,south Moravia,11685,F,33,55352.38333333333,89704.0,24124.899999999998,0,82,0,,6933.0,188688.0,C,0.0,Premium
2353,1995-09-21,Monthly statement,51,Trutnov,east Bohemia,2844,M,36,55335.09166666667,75056.4,45502.799999999996,0,83,0,,,,,,Premium
2265,1995-08-03,Monthly statement,65,Znojmo,south Moravia,2742,F,50,55282.94166666668,48878.30000000002,23664.400000000016,0,88,0,,,,,,Premium
3883,1993-03-15,Monthly statement,72,Olomouc,north Moravia,4680,F,19,55274.10833333333,46451.299999999996,36377.799999999996,0,76,1,junior,,,,,Premium
1328,1996-05-04,Monthly statement,8,Mlada Boleslav,central Bohemia,1607,F,57,55262.93333333334,62330.100000000006,33047.100000000006,0,61,1,classic,,,,,Premium
1208,1997-11-09,Monthly statement,4,Kladno,central Bohemia,1459,M,22,55250.924999999996,65786.2,35633.5,0,68,1,classic,,,,,Premium
635,1994-08-21,Monthly statement,21,Tabor,south Bohemia,762,M,61,55250.591666666674,7482.300000000009,7482.300000000009,0,117,0,,,,,,Premium
2758,1993-05-19,Monthly statement,70,Karvina,north Moravia,3331,F,28,55242.99166666667,67334.8,34994.9,0,72,0,,,,,,Premium
1456,1996-04-12,Monthly statement,9,Nymburk,central Bohemia,1765,M,23,55207.83333333334,85538.20000000001,13847.300000000012,0,78,1,classic,,,,,Premium
6950,1996-10-12,Monthly statement,36,Liberec,north Bohemia,8392,F,32,55198.18333333333,59094.799999999996,26878.999999999996,0,82,1,classic,6415.0,475680.0,C,0.0,Premium
4580,1994-08-27,Monthly statement,9,Nymburk,central Bohemia,5521,F,25,55171.56666666666,42498.799999999996,28136.09999999999,0,105,1,classic,5922.0,20220.0,A,0.0,Premium
1037,1997-02-18,Monthly statement,1,Hl.m. Praha,Prague,1244,M,34,55155.80833333333,61658.2,47606.2,0,106,1,classic,,,,,Premium
4014,1995-05-15,Statement after transaction,56,Breclav,south Moravia,4837,F,31,55096.08333333332,68430.0,17902.899999999994,0,80,0,,,,,,Premium
10973,1993-04-20,Weekly statement,18,Pisek,south Bohemia,13490,F,29,55088.98333333333,57636.799999999996,18509.39999999999,0,87,0,,7235.0,154416.0,A,0.0,Premium
1778,1995-02-25,Monthly statement,15,Cesky Krumlov,south Bohemia,2155,M,40,55081.450000000004,74649.8,29334.899999999998,0,74,1,classic,,,,,Premium
5648,1997-06-13,Monthly statement,59,Kromeriz,south Moravia,6827,M,29,54990.53333333333,49666.2,-885.2000000000016,1,77,0,,,,,,Premium
5505,1996-04-26,Monthly statement,1,Hl.m. Praha,Prague,6644,F,39,54985.55833333334,83828.20000000001,16082.100000000002,0,85,1,classic,,,,,Premium
2352,1995-01-21,Monthly statement,70,Karvina,north Moravia,2843,F,32,54970.10833333333,63982.399999999994,31700.899999999994,0,108,0,,5452.0,49440.0,C,0.0,Premium
1862,1995-04-15,Weekly statement,19,Prachatice,south Bohemia,2259,F,48,54945.05000000001,75552.70000000001,41489.3,0,74,1,classic,5329.0,396120.0,C,0.0,Premium
675,1995-08-03,Monthly statement,58,Jihlava,south Moravia,810,F,53,54923.9,66956.5,28934.399999999998,0,79,1,classic,5110.0,102240.0,C,0.0,Premium
5817,1996-12-10,Statement after transaction,77,Vsetin,north Moravia,7043,M,58,54910.14166666666,64850.4,11231.7,0,104,0,,,,,,Premium
2934,1996-10-08,Monthly statement,1,Hl.m. Praha,Prague,3544,F,37,54898.89166666666,84577.8,30086.299999999996,0,80,1,classic,,,,,Premium
4863,1996-03-12,Monthly statement,5,Kolin,central Bohemia,5873,F,19,54892.79999999999,60869.99999999999,35196.399999999994,0,104,1,junior,5992.0,76080.0,A,0.0,Premium
4994,1996-01-11,Weekly statement,1,Hl.m. Praha,Prague,6033,M,32,54874.45833333334,32734.50000000001,32734.50000000001,0,67,0,,6012.0,258444.0,C,0.0,Premium
453,1997-04-24,Monthly statement,75,Prerov,north Moravia,545,F,25,54868.799999999996,86609.7,39278.600000000006,0,75,0,,,,,,Premium
3449,1995-04-27,Monthly statement,1,Hl.m. Praha,Prague,4171,M,18,54868.541666666664,51167.6,43372.4,0,64,1,junior,,,,,Premium
1924,1996-05-16,Monthly statement,66,Zdar nad Sazavou,south Moravia,2335,F,64,54824.39166666666,69906.8,42582.9,0,55,1,classic,,,,,Premium
36,1993-07-01,Monthly statement,1,Hl.m. Praha,Prague,44,F,21,54821.13333333333,79147.0,22599.1,0,71,0,,,,,,Premium
3327,1993-04-16,Monthly statement,45,Jicin,east Bohemia,4021,M,50,54785.958333333336,69252.1,38654.299999999996,0,81,0,,,,,,Premium
348,1995-11-15,Monthly statement,25,Klatovy,west Bohemia,425,M,50,54776.85,73105.1,31391.5,0,61,1,classic,,,,,Premium
10493,1997-01-09,Monthly statement,12,Pribram,central Bohemia,12908,M,57,54765.48333333334,91701.2,16478.8,0,105,0,,7151.0,133800.0,C,0.0,Premium
3702,1995-04-13,Monthly statement,53,Blansko,south Moravia,4464,M,34,54750.38333333333,79849.8,34877.5,0,70,0,,,,,,Premium
2635,1996-02-04,Monthly statement,27,Plzen - jih,west Bohemia,3181,M,55,54749.5,49725.399999999994,40062.399999999994,0,66,1,classic,,,,,Premium
9656,1993-11-14,Monthly statement,61,Trebic,south Moravia,11886,F,57,54737.34166666667,38901.59999999999,35385.49999999999,0,86,0,,6965.0,139536.0,A,0.0,Premium
9093,1993-06-16,Monthly statement,47,Pardubice,east Bohemia,11195,M,45,54734.25833333333,59088.2,45220.7,0,106,1,classic,6836.0,189300.0,C,0.0,Premium
3302,1993-03-02,Monthly statement,21,Tabor,south Bohemia,3994,F,33,54695.333333333336,61500.4,42988.5,0,97,1,classic,,,,,Premium
1851,1993-05-23,Monthly statement,55,Brno - venkov,south Moravia,2246,F,45,54664.81666666666,46087.5,46087.5,0,73,0,,,,,,Premium
1500,1996-10-01,Monthly statement,43,Hradec Kralove,east Bohemia,1819,F,19,54629.98333333333,57860.799999999996,37212.0,0,74,1,junior,,,,,Premium
2054,1995-01-24,Monthly statement,1,Hl.m. Praha,Prague,2493,M,36,54628.88333333333,53695.0,43879.299999999996,0,90,1,classic,,,,,Premium
3293,1997-08-08,Monthly statement,1,Hl.m. Praha,Prague,3984,F,34,54617.924999999996,65249.3,18371.9,0,131,1,classic,5644.0,276084.0,C,0.0,Premium
3683,1993-08-13,Monthly statement,33,Decin,north Bohemia,4440,M,50,54607.75833333333,60382.3,47710.1,0,72,0,,,,,,Premium
1811,1993-09-22,Monthly statement,40,Teplice,north Bohemia,2195,F,56,54598.09166666665,59941.09999999999,44258.69999999999,0,90,0,,5319.0,239460.0,C,0.0,Premium
3638,1996-01-10,Statement after transaction,52,Usti nad Orlici,east Bohemia,4387,M,52,54579.149999999994,91834.4,23881.6,0,69,0,,,,,,Premium
10942,1994-06-05,Weekly statement,44,Chrudim,east Bohemia,13451,F,43,54559.94166666668,48417.70000000001,11383.30000000001,0,97,0,,7227.0,314520.0,C,0.0,Premium
1723,1997-11-04,Monthly statement,70,Karvina,north Moravia,2089,F,31,54555.283333333326,66692.7,45160.799999999996,0,88,0,,,,,,Premium
3636,1994-05-22,Monthly statement,21,Tabor,south Bohemia,4385,F,26,54524.05833333333,63862.799999999996,37066.799999999996,0,98,0,,,,,,Premium
3005,1997-01-11,Statement after transaction,42,Havlickuv Brod,east Bohemia,3629,M,51,54506.03333333333,43198.1,23199.600000000002,0,89,0,,5589.0,390000.0,C,0.0,Premium
2424,1995-10-13,Monthly statement,1,Hl.m. Praha,Prague,2929,M,40,54504.9,32434.900000000005,30106.900000000005,0,90,1,classic,,,,,Premium
3161,1996-08-26,Monthly statement,48,Rychnov nad Kneznou,east Bohemia,3822,M,45,54472.25,36336.700000000004,27141.100000000006,0,79,0,,5620.0,30012.0,C,0.0,Premium
8519,1993-04-02,Monthly statement,23,Cheb,west Bohemia,10510,F,53,54451.11666666667,82570.2,34507.7,0,90,0,,6729.0,74688.0,A,0.0,Premium
1009,1995-08-01,Weekly statement,1,Hl.m. Praha,Prague,1213,M,32,54445.31666666667,89742.90000000001,24644.900000000005,0,73,1,classic,,,,,Premium
964,1994-07-08,Monthly statement,26,Plzen - mesto,west Bohemia,1162,F,23,54425.64166666666,48393.6,44840.399999999994,0,57,0,,,,,,Premium
2279,1996-10-30,Weekly statement,2,Benesov,central Bohemia,2759,M,24,54418.24166666666,92183.7,43002.799999999996,0,69,1,classic,5435.0,314688.0,C,0.0,Premium
8533,1995-10-10,Monthly statement,47,Pardubice,east Bohemia,10528,F,46,54398.98333333334,41388.700000000004,20689.0,0,85,1,classic,6732.0,174048.0,C,0.0,Premium
5133,1996-12-08,Weekly statement,68,Frydek - Mistek,north Moravia,6196,M,55,54393.1,81475.3,18409.499999999996,0,122,1,classic,6044.0,57060.0,C,0.0,Premium
3848,1996-07-10,Monthly statement,20,Strakonice,south Bohemia,4639,M,18,54387.299999999996,80870.3,34715.7,0,71,1,junior,,,,,Premium
478,1994-07-16,Monthly statement,58,Jihlava,south Moravia,575,M,28,54360.15833333333,92283.1,34089.00000000001,0,65,1,classic,,,,,Premium
1845,1997-08-20,Monthly statement,47,Pardubice,east Bohemia,2237,M,40,54337.299999999996,26694.499999999993,21986.6,0,76,0,,,,,,Premium
2056,1993-04-07,Monthly statement,58,Jihlava,south Moravia,2495,F,59,54315.57499999999,31904.899999999998,29434.1,0,49,0,,,,,,Premium
7136,1995-04-09,Weekly statement,12,Pribram,central Bohemia,8615,F,59,54298.73333333336,30364.60000000002,30364.60000000002,0,108,0,,6461.0,74124.0,C,0.0,Premium
1486,1996-01-15,Monthly statement,63,Vyskov,south Moravia,1800,F,55,54285.05833333333,65355.5,37570.2,0,91,1,classic,,,,,Premium
400,1993-07-17,Monthly statement,28,Plzen - sever,west Bohemia,484,F,39,54244.458333333336,51763.1,46923.7,0,66,0,,,,,,Premium
2050,1993-10-22,Monthly statement,1,Hl.m. Praha,Prague,2488,F,18,54216.69166666667,65320.299999999996,39212.5,0,104,1,junior,,,,,Premium
1274,1996-08-19,Weekly statement,54,Brno - mesto,south Moravia,1537,M,19,54183.35000000001,79224.90000000001,15066.700000000012,0,87,0,,,,,,Premium
10607,1996-10-08,Monthly statement,52,Usti nad Orlici,east Bohemia,13044,M,22,54171.083333333336,82463.3,29565.699999999997,0,99,1,classic,,,,,Premium
2189,1993-04-22,Monthly statement,75,Prerov,north Moravia,2650,M,23,54168.07499999999,61874.899999999994,43692.1,0,90,1,junior,,,,,Premium
3299,1997-05-16,Weekly statement,11,Praha - zapad,central Bohemia,3991,M,31,54143.69999999999,27747.699999999993,27747.699999999993,0,63,0,,,,,,Premium
3071,1996-10-03,Monthly statement,41,Usti nad Labem,north Bohemia,3713,F,54,54131.825000000004,72813.7,45412.700000000004,0,75,1,classic,,,,,Premium
4349,1996-09-16,Monthly statement,74,Ostrava - mesto,north Moravia,5240,M,58,54115.15833333333,85265.9,20905.000000000004,0,66,0,,,,,,Premium
4171,1993-06-12,Monthly statement,28,Plzen - sever,west Bohemia,5028,M,22,54107.73333333334,32147.000000000004,28958.600000000002,0,64,0,,,,,,Premium
3755,1996-01-20,Monthly statement,64,Zlin,south Moravia,4531,F,34,54082.44166666666,30272.999999999996,26908.399999999994,0,86,0,,,,,,Premium
3020,1996-08-09,Monthly statement,3,Beroun,central Bohemia,3648,M,18,54069.63333333333,49854.1,42518.9,0,77,0,,,,,,Premium
2904,1996-03-20,Monthly statement,13,Rakovnik,central Bohemia,3510,M,59,54065.850000000006,69245.70000000001,33993.100000000006,0,63,0,,,,,,Premium
10411,1995-11-23,Statement after transaction,39,Most,north Bohemia,12810,M,34,54047.82499999999,62005.2,26177.899999999998,0,124,1,gold,7130.0,123408.0,A,0.0,Premium
1287,1995-03-04,Monthly statement,35,Jablonec n. Nisou,north Bohemia,1557,F,39,54036.03333333333,51540.899999999994,23962.799999999996,0,93,0,,,,,,Premium
3956,1996-10-28,Monthly statement,6,Kutna Hora,central Bohemia,4772,F,48,54034.48333333333,68871.2,40585.4,0,84,1,classic,,,,,Premium
3714,1994-04-21,Weekly statement,2,Benesov,central Bohemia,4479,F,40,53989.55833333334,80452.40000000001,36449.4,0,123,1,classic,,,,,Premium
572,1994-03-27,Monthly statement,32,Ceska Lipa,north Bohemia,686,F,27,53988.35833333334,78296.2,34222.8,0,97,0,,,,,,Premium
1109,1994-10-27,Monthly statement,66,Zdar nad Sazavou,south Moravia,1330,M,30,53971.1,63567.0,37834.7,0,60,0,,,,,,Premium
3864,1996-07-01,Monthly statement,33,Decin,north Bohemia,4658,M,63,53936.325000000004,46491.3,20997.0,0,125,0,,,,,,Premium
3955,1993-07-14,Monthly statement,64,Zlin,south Moravia,4771,F,37,53922.333333333336,64730.3,42389.2,0,78,0,,,,,,Premium
3497,1994-08-02,Monthly statement,76,Sumperk,north Moravia,4225,M,21,53883.024999999994,83053.5,28540.899999999998,0,95,0,,,,,,Premium
2162,1997-11-21,Monthly statement,50,Svitavy,east Bohemia,2616,M,28,53869.63333333333,50810.7,21877.100000000002,0,75,1,classic,,,,,Premium
1998,1993-06-17,Monthly statement,1,Hl.m. Praha,Prague,2428,F,52,53798.26666666666,77676.1,36485.2,0,61,1,classic,,,,,Premium
4069,1996-11-17,Monthly statement,38,Louny,north Bohemia,4904,F,37,53769.674999999996,75749.4,33781.8,0,57,0,,,,,,Premium
7997,1996-04-25,Monthly statement,10,Praha - vychod,central Bohemia,9880,F,28,53768.03333333333,38830.200000000004,17540.9,0,95,0,,6633.0,160656.0,C,0.0,Premium
1284,1997-07-02,Monthly statement,55,Brno - venkov,south Moravia,1554,M,54,53696.48333333334,30355.100000000006,30355.100000000006,0,79,0,,5221.0,52512.0,C,0.0,Premium
1694,1993-08-29,Weekly statement,6,Kutna Hora,central Bohemia,2057,F,22,53658.49999999999,9830.399999999994,9830.399999999994,0,67,0,,,,,,Premium
10,1996-08-28,Monthly statement,54,Brno - mesto,south Moravia,13,F,24,53653.15,59295.5,38260.1,0,73,0,,,,,,Premium
4503,1995-01-03,Monthly statement,50,Svitavy,east Bohemia,5433,M,23,53597.31666666666,74435.2,25105.699999999993,0,67,1,junior,5900.0,135360.0,C,0.0,Premium
6158,1996-05-13,Monthly statement,67,Bruntal,north Moravia,7435,F,41,53541.81666666667,61288.3,-1086.1999999999944,1,74,0,,6255.0,247920.0,D,1.0,Premium
1499,1993-11-28,Monthly statement,47,Pardubice,east Bohemia,1817,F,45,53487.450000000004,65466.700000000004,28188.7,0,76,0,,,,,,Premium
1579,1994-08-09,Monthly statement,57,Hodonin,south Moravia,1912,M,26,53478.350000000006,79665.1,26820.500000000004,0,69,1,classic,,,,,Premium
3008,1993-02-27,Monthly statement,72,Olomouc,north Moravia,3633,M,65,53472.63333333333,63370.5,43095.5,0,65,0,,,,,,Premium
3425,1994-08-24,Monthly statement,70,Karvina,north Moravia,4140,M,35,53455.90833333333,63247.2,45390.8,0,70,0,,,,,,Premium
3426,1996-07-13,Weekly statement,9,Nymburk,central Bohemia,4141,M,28,53446.841666666674,63544.3,29183.900000000005,0,84,0,,,,,,Premium
2216,1993-04-17,Monthly statement,74,Ostrava - mesto,north Moravia,2684,F,45,53390.225000000006,60017.100000000006,20586.100000000006,0,82,0,,,,,,Premium
2646,1997-07-24,Monthly statement,6,Kutna Hora,central Bohemia,3192,M,59,53390.116666666676,62608.20000000001,21232.700000000004,0,115,1,classic,,,,,Premium
3942,1996-05-10,Weekly statement,27,Plzen - jih,west Bohemia,4754,F,59,53384.65,54474.600000000006,32730.9,0,100,0,,5779.0,107352.0,C,0.0,Premium
2767,1996-03-23,Monthly statement,54,Brno - mesto,south Moravia,3340,M,22,53380.833333333336,80794.3,33996.2,0,90,0,,,,,,Premium
3899,1996-06-25,Monthly statement,22,Domazlice,west Bohemia,4701,M,57,53359.049999999996,44297.2,41637.0,0,72,1,gold,,,,,Premium
2927,1997-08-04,Monthly statement,37,Litomerice,north Bohemia,3535,M,25,53327.49166666666,35446.7,32768.399999999994,0,42,1,classic,,,,,Premium
5442,1993-03-22,Monthly statement,34,Chomutov,north Bohemia,6567,F,20,53327.19999999999,83369.4,22905.399999999994,0,109,1,junior,6112.0,174744.0,B,1.0,Premium
101,1996-04-16,Monthly statement,35,Jablonec n. Nisou,north Bohemia,122,F,35,53321.31666666667,73685.0,25277.7,0,82,0,,,,,,Premium
786,1995-08-12,Monthly statement,53,Blansko,south Moravia,940,M,38,53267.375,66240.9,47811.4,0,84,0,,,,,,Premium
281,1996-10-27,Monthly statement,1,Hl.m. Praha,Prague,339,M,32,53251.19166666667,60458.6,36137.6,0,74,1,classic,,,,,Premium
3901,1997-08-30,Monthly statement,12,Pribram,central Bohemia,4704,F,43,53251.14166666666,59313.2,42949.0,0,62,0,,,,,,Premium
7542,1996-05-16,Monthly statement,54,Brno - mesto,south Moravia,9340,M,31,53206.833333333336,64727.0,34588.9,0,91,0,,6534.0,590820.0,C,0.0,Premium
5602,1996-07-10,Statement after transaction,19,Prachatice,south Bohemia,6764,M,54,53166.59166666667,69553.0,24901.3,0,93,1,classic,6147.0,177504.0,C,0.0,Premium
10613,1997-11-04,Monthly statement,55,Brno - venkov,south Moravia,13051,M,33,53153.625,40810.0,17394.7,0,71,1,classic,7164.0,249792.0,C,0.0,Premium
4526,1993-11-29,Monthly statement,63,Vyskov,south Moravia,5460,M,37,53131.708333333336,83037.3,28263.199999999997,0,49,0,,,,,,Premium
595,1996-12-21,Monthly statement,20,Strakonice,south Bohemia,713,F,18,53100.82499999999,87580.5,22085.1,0,90,0,,,,,,Premium
1000,1993-01-25,Monthly statement,77,Vsetin,north Moravia,1204,F,24,53049.5,91329.7,33021.1,0,105,0,,,,,,Premium
145,1996-01-03,Monthly statement,31,Tachov,west Bohemia,175,M,38,53049.13333333333,62413.9,35788.4,0,72,0,,,,,,Premium
2537,1997-02-09,Monthly statement,27,Plzen - jih,west Bohemia,3063,M,27,53016.32499999999,24636.199999999997,6670.19999999999,0,79,1,classic,,,,,Premium
709,1994-07-25,Monthly statement,19,Prachatice,south Bohemia,850,M,29,52970.899999999994,58408.0,21808.1,0,61,0,,,,,,Premium
2561,1996-09-29,Monthly statement,59,Kromeriz,south Moravia,3092,F,31,52956.98333333334,79969.90000000001,14736.800000000001,0,70,1,classic,,,,,Premium
3195,1993-09-02,Monthly statement,40,Teplice,north Bohemia,3862,F,51,52948.299999999996,55469.3,41374.1,0,91,0,,,,,,Premium
1007,1996-06-28,Monthly statement,1,Hl.m. Praha,Prague,1211,M,20,52934.833333333336,79333.4,29820.699999999997,0,75,1,junior,,,,,Premium
804,1996-02-06,Monthly statement,64,Zlin,south Moravia,963,F,32,52923.59166666667,71506.59999999999,34489.6,0,80,1,classic,,,,,Premium
2544,1996-12-04,Monthly statement,38,Louny,north Bohemia,3071,F,31,52876.13333333333,69646.0,36435.3,0,108,0,,,,,,Premium
4519,1994-06-08,Monthly statement,8,Mlada Boleslav,central Bohemia,5450,M,58,52861.525,57591.4,45502.3,0,21,0,,,,,,Premium
179,1997-09-22,Weekly statement,1,Hl.m. Praha,Prague,218,F,18,52860.59166666667,44248.299999999996,27429.600000000002,0,108,0,,,,,,Premium
949,1996-02-13,Monthly statement,58,Jihlava,south Moravia,1145,F,30,52841.13333333333,51863.6,37624.299999999996,0,62,0,,,,,,Premium
2759,1996-10-23,Monthly statement,46,Nachod,east Bohemia,3332,F,29,52836.54166666668,31904.60000000001,25054.500000000004,0,95,0,,,,,,Premium
782,1997-10-30,Monthly statement,42,Havlickuv Brod,east Bohemia,935,F,52,52801.42500000001,53232.0,46738.100000000006,0,70,0,,,,,,Premium
3818,1993-01-01,Monthly statement,74,Ostrava - mesto,north Moravia,4601,M,63,52779.93333333333,62199.799999999996,25371.399999999998,0,95,0,,,,,,Premium
4336,1997-07-08,Monthly statement,2,Benesov,central Bohemia,5223,F,21,52743.475,57269.09999999999,17163.499999999993,0,71,1,classic,,,,,Premium
228,1993-09-28,Monthly statement,5,Kolin,central Bohemia,274,F,28,52740.40833333333,65983.3,30737.6,0,75,0,,,,,,Premium
2034,1996-08-21,Monthly statement,54,Brno - mesto,south Moravia,2469,F,41,52721.5,60611.299999999996,29146.899999999994,0,76,1,classic,,,,,Premium
5481,1993-08-16,Monthly statement,52,Usti nad Orlici,east Bohemia,6616,M,45,52713.18333333335,96225.00000000001,28306.60000000001,0,77,0,,6120.0,209184.0,A,0.0,Premium
1757,1995-03-27,Monthly statement,75,Prerov,north Moravia,2129,M,36,52700.60833333333,44883.29999999999,24533.299999999992,0,69,0,,,,,,Premium
606,1997-11-04,Monthly statement,75,Prerov,north Moravia,725,M,42,52699.93333333333,71380.0,39331.1,0,69,1,classic,,,,,Premium
8173,1993-07-05,Monthly statement,11,Praha - zapad,central Bohemia,10095,F,22,52676.416666666664,70830.2,22899.6,0,75,1,junior,6678.0,80340.0,A,0.0,Premium
4245,1994-05-02,Monthly statement,52,Usti nad Orlici,east Bohemia,5117,M,23,52674.31666666667,55310.5,33643.6,0,65,1,junior,,,,,Premium
2724,1996-08-09,Monthly statement,11,Praha - zapad,central Bohemia,3290,F,29,52645.85833333334,60437.799999999996,40506.799999999996,0,68,0,,,,,,Premium
2146,1993-06-05,Monthly statement,31,Tachov,west Bohemia,2596,M,37,52601.78333333333,52922.9,44881.7,0,78,0,,,,,,Premium
17,1997-01-08,Monthly statement,1,Hl.m. Praha,Prague,22,F,29,52566.34166666667,97878.0,33521.700000000004,0,35,0,,,,,,Premium
4454,1996-12-21,Monthly statement,63,Vyskov,south Moravia,5374,M,51,52556.68333333333,59252.8,32755.6,0,61,0,,,,,,Premium
3733,1996-07-22,Monthly statement,33,Decin,north Bohemia,4504,F,33,52546.774999999994,24952.699999999997,22864.199999999993,0,71,1,classic,,,,,Premium
3260,1993-03-25,Monthly statement,68,Frydek - Mistek,north Moravia,3944,M,62,52543.35833333334,61344.80000000001,35820.5,0,87,1,gold,,,,,Premium
930,1993-08-03,Monthly statement,41,Usti nad Labem,north Bohemia,1120,F,25,52523.48333333333,53614.799999999996,48059.19999999999,0,75,0,,,,,,Premium
481,1996-04-23,Monthly statement,72,Olomouc,north Moravia,579,F,65,52513.11666666667,58035.6,42422.4,0,78,0,,,,,,Premium
947,1993-05-17,Monthly statement,59,Kromeriz,south Moravia,1142,F,52,52489.39166666667,51464.700000000004,45567.200000000004,0,84,0,,,,,,Premium
660,1996-01-20,Monthly statement,68,Frydek - Mistek,north Moravia,791,F,48,52478.13333333334,79330.6,25143.800000000003,0,89,1,classic,,,,,Premium
2460,1993-11-22,Monthly statement,1,Hl.m. Praha,Prague,2971,F,21,52463.42500000001,70637.40000000001,40152.9,0,56,1,classic,,,,,Premium
377,1994-08-19,Monthly statement,70,Karvina,north Moravia,457,M,48,52452.150000000016,104529.30000000002,23590.50000000001,0,80,1,classic,,,,,Premium
212,1993-01-20,Weekly statement,27,Plzen - jih,west Bohemia,255,F,47,52423.350000000006,95412.40000000001,35802.600000000006,0,69,1,classic,,,,,Premium
1253,1997-04-13,Monthly statement,5,Kolin,central Bohemia,1512,F,56,52392.81666666667,70538.4,34085.7,0,83,1,classic,,,,,Premium
9560,1997-07-13,Monthly statement,1,Hl.m. Praha,Prague,11768,F,27,52370.450000000004,56023.399999999994,16290.000000000002,0,73,0,,6948.0,157068.0,C,0.0,Premium
2650,1996-03-26,Monthly statement,72,Olomouc,north Moravia,3196,F,20,52366.625,77477.90000000001,26294.5,0,73,0,,,,,,Premium
487,1995-11-14,Monthly statement,40,Teplice,north Bohemia,585,F,56,52327.88333333334,103152.40000000001,21797.20000000001,0,78,0,,,,,,Premium
4999,1996-02-12,Monthly statement,1,Hl.m. Praha,Prague,6039,F,40,52322.5,72646.1,18859.7,0,101,1,classic,6014.0,165168.0,C,0.0,Premium
2371,1997-10-23,Weekly statement,15,Cesky Krumlov,south Bohemia,2865,M,50,52322.46666666667,32721.699999999997,32721.699999999997,0,57,1,classic,,,,,Premium
2030,1994-09-13,Monthly statement,51,Trutnov,east Bohemia,2465,M,25,52319.399999999994,76928.7,46150.7,0,66,0,,,,,,Premium
3294,1996-04-09,Monthly statement,75,Prerov,north Moravia,3985,F,19,52314.65833333333,55287.700000000004,43343.9,0,72,1,junior,,,,,Premium
4269,1995-12-24,Monthly statement,26,Plzen - mesto,west Bohemia,5145,F,48,52306.9,50095.40000000001,27939.300000000007,0,52,0,,,,,,Premium
3749,1996-08-10,Monthly statement,68,Frydek - Mistek,north Moravia,4522,F,48,52285.76666666667,60582.100000000006,31509.200000000004,0,65,1,gold,,,,,Premium
3603,1997-09-17,Monthly statement,3,Beroun,central Bohemia,4346,F,25,52276.03333333333,73161.40000000001,38218.700000000004,0,61,0,,,,,,Premium
1606,1996-03-07,Monthly statement,23,Cheb,west Bohemia,1947,M,17,52275.275,79095.7,33364.6,0,66,1,junior,,,,,Premium
3319,1993-08-29,Monthly statement,56,Breclav,south Moravia,4012,F,42,52263.833333333336,47266.2,47266.2,0,79,0,,,,,,Premium
2915,1993-07-23,Monthly statement,57,Hodonin,south Moravia,3522,M,35,52236.51666666667,65860.2,32622.600000000002,0,73,1,classic,,,,,Premium
10679,1997-05-30,Monthly statement,1,Hl.m. Praha,Prague,13134,F,36,52226.50833333334,51971.70000000002,38753.100000000006,0,79,1,classic,7181.0,197808.0,C,0.0,Premium
7632,1996-09-22,Monthly statement,68,Frydek - Mistek,north Moravia,9450,F,55,52207.65,55746.3,40131.8,0,77,0,,6552.0,170448.0,C,0.0,Premium
3495,1996-05-17,Monthly statement,54,Brno - mesto,south Moravia,4223,M,28,52171.55833333333,85118.4,24125.09999999999,0,74,0,,,,,,Premium
3114,1996-06-15,Monthly statement,1,Hl.m. Praha,Prague,3766,F,18,52154.56666666667,44961.1,44961.1,0,67,1,junior,,,,,Premium
1599,1995-11-10,Monthly statement,57,Hodonin,south Moravia,1938,F,59,52152.60833333333,83179.2,41967.7,0,82,1,classic,,,,,Premium
4368,1995-01-16,Monthly statement,1,Hl.m. Praha,Prague,5263,F,36,52131.89166666666,49113.2,31677.199999999997,0,62,1,classic,,,,,Premium
4159,1993-07-09,Monthly statement,74,Ostrava - mesto,north Moravia,5013,M,18,52113.49166666666,53234.899999999994,25236.399999999994,0,70,1,junior,,,,,Premium
2625,1996-07-09,Weekly statement,48,Rychnov nad Kneznou,east Bohemia,3167,F,55,52112.15833333333,51421.4,28458.8,0,92,1,classic,,,,,Premium
1324,1996-11-05,Monthly statement,42,Havlickuv Brod,east Bohemia,1601,F,29,52108.416666666664,63033.4,44937.5,0,74,0,,,,,,Premium
2708,1996-03-25,Monthly statement,1,Hl.m. Praha,Prague,3268,F,42,52096.0,77097.7,17649.100000000002,0,61,1,classic,,,,,Premium
2953,1996-09-02,Monthly statement,1,Hl.m. Praha,Prague,3567,M,50,52081.31666666667,47384.9,45603.7,0,81,1,classic,,,,,Premium
8321,1993-04-12,Monthly statement,77,Vsetin,north Moravia,10275,F,28,52079.35,64923.0,34146.6,0,95,0,,6696.0,89040.0,C,0.0,Premium
1894,1996-08-29,Monthly statement,6,Kutna Hora,central Bohemia,2299,F,58,52066.48333333334,54189.2,42367.4,0,60,1,classic,,,,,Premium
9030,1995-01-21,Monthly statement,72,Olomouc,north Moravia,11121,F,27,52026.63333333333,58224.7,39143.899999999994,0,103,0,,6818.0,155616.0,C,0.0,Premium
2998,1997-11-09,Monthly statement,21,Tabor,south Bohemia,3620,M,61,52010.049999999996,47355.8,37641.1,0,77,1,classic,,,,,Premium
1108,1995-03-09,Monthly statement,26,Plzen - mesto,west Bohemia,1329,M,80,52007.71666666667,56428.7,47246.6,0,71,1,classic,,,,,Premium
10148,1997-01-13,Monthly statement,34,Chomutov,north Bohemia,12485,F,33,51996.96666666667,64879.4,39468.3,0,90,0,,7072.0,22104.0,C,0.0,Premium
6678,1996-01-03,Monthly statement,54,Brno - mesto,south Moravia,8064,F,32,51973.625,25588.200000000004,25588.200000000004,0,89,0,,6350.0,294384.0,C,0.0,Premium
1482,1996-12-08,Monthly statement,38,Louny,north Bohemia,1795,F,38,51967.5,78367.9,42105.8,0,95,1,classic,,,,,Premium
2653,1997-01-08,Monthly statement,66,Zdar nad Sazavou,south Moravia,3201,F,45,51959.81666666667,73958.0,41336.8,0,86,1,classic,,,,,Premium
2576,1993-09-02,Monthly statement,1,Hl.m. Praha,Prague,3107,M,38,51953.74999999999,63656.6,21538.599999999995,0,86,0,,,,,,Premium
652,1993-01-05,Monthly statement,21,Tabor,south Bohemia,782,F,35,51948.80833333333,68450.1,22989.699999999997,0,65,0,,,,,,Premium
1847,1996-04-04,Monthly statement,47,Pardubice,east Bohemia,2240,F,66,51932.825000000004,53077.299999999996,39568.4,0,65,0,,,,,,Premium
110,1996-07-17,Monthly statement,36,Liberec,north Bohemia,132,M,45,51922.48333333334,73880.90000000001,23602.000000000004,0,96,1,classic,4990.0,162576.0,C,0.0,Premium
1971,1995-08-04,Monthly statement,41,Usti nad Labem,north Bohemia,2396,F,49,51872.924999999996,50817.1,46094.4,0,73,0,,,,,,Premium
980,1996-12-11,Monthly statement,1,Hl.m. Praha,Prague,1181,M,59,51866.35,57309.6,29631.7,0,87,0,,,,,,Premium
967,1996-08-17,Monthly statement,15,Cesky Krumlov,south Bohemia,1165,F,56,51832.591666666674,58576.00000000001,21311.6,0,78,1,classic,,,,,Premium
2933,1993-06-18,Monthly statement,10,Praha - vychod,central Bohemia,3542,M,59,51832.083333333336,31046.700000000008,31046.700000000008,0,101,0,,5568.0,272520.0,C,0.0,Premium
429,1995-09-03,Monthly statement,63,Vyskov,south Moravia,517,M,33,51830.35833333333,66378.7,34379.7,0,73,0,,,,,,Premium
1220,1995-07-15,Monthly statement,1,Hl.m. Praha,Prague,1473,F,67,51796.924999999996,65180.3,38594.2,0,59,1,classic,,,,,Premium
2310,1995-07-19,Monthly statement,15,Cesky Krumlov,south Bohemia,2796,M,24,51779.18333333333,62810.7,34347.8,0,69,1,classic,,,,,Premium
2766,1997-02-20,Monthly statement,31,Tachov,west Bohemia,3339,F,22,51720.46666666667,65361.5,37976.7,0,63,1,classic,,,,,Premium
7637,1996-08-19,Monthly statement,46,Nachod,east Bohemia,9457,M,20,51692.35,80446.6,38758.1,0,79,1,junior,6554.0,390096.0,C,0.0,Premium
1478,1996-10-30,Monthly statement,5,Kolin,central Bohemia,1791,F,32,51680.75000000001,82360.40000000001,28261.100000000006,0,70,1,classic,,,,,Premium
428,1993-02-27,Monthly statement,1,Hl.m. Praha,Prague,515,M,66,51677.93333333333,55801.2,43548.6,0,61,0,,,,,,Premium
4119,1993-10-18,Monthly statement,77,Vsetin,north Moravia,4959,M,19,51665.091666666674,48801.700000000004,43519.4,0,65,0,,,,,,Premium
2789,1994-01-01,Monthly statement,14,Ceske Budejovice,south Bohemia,3368,F,46,51653.59166666667,88972.9,19295.399999999998,0,94,0,,,,,,Premium
5072,1996-04-12,Monthly statement,6,Kutna Hora,central Bohemia,6122,F,30,51647.69999999999,54847.7,38648.399999999994,0,123,0,,6028.0,317520.0,C,0.0,Premium
2971,1993-12-23,Weekly statement,76,Sumperk,north Moravia,3588,F,45,51646.64166666666,89812.7,19179.3,0,66,0,,,,,,Premium
122,1996-10-30,Monthly statement,31,Tachov,west Bohemia,146,F,37,51635.71666666667,56788.0,44695.799999999996,0,52,1,classic,,,,,Premium
2889,1996-03-23,Monthly statement,8,Mlada Boleslav,central Bohemia,3492,F,28,51621.975,73241.5,25326.3,0,79,0,,,,,,Premium
8327,1995-08-08,Weekly statement,1,Hl.m. Praha,Prague,10282,M,19,51621.14166666667,29760.50000000001,29760.50000000001,0,107,1,junior,6698.0,247728.0,C,0.0,Premium
2887,1996-07-13,Monthly statement,76,Sumperk,north Moravia,3489,M,32,51544.625,61861.399999999994,36800.1,0,72,0,,,,,,Premium
337,1995-11-25,Monthly statement,17,Pelhrimov,south Bohemia,411,F,57,51543.108333333344,57320.500000000015,31088.50000000001,0,80,0,,,,,,Premium
329,1996-10-19,Monthly statement,3,Beroun,central Bohemia,402,M,55,51539.86666666667,75136.0,40953.1,0,77,1,classic,,,,,Premium
185,1997-07-04,Monthly statement,32,Ceska Lipa,north Bohemia,225,M,62,51517.625,65608.90000000001,42199.4,0,71,1,classic,,,,,Premium
6400,1995-10-09,Statement after transaction,31,Tachov,west Bohemia,7727,F,40,51490.80833333334,13392.80000000001,13392.80000000001,0,116,0,,6303.0,72408.0,B,1.0,Premium
3909,1993-01-14,Monthly statement,1,Hl.m. Praha,Prague,4715,F,22,51485.36666666666,55669.6,34427.799999999996,0,98,1,junior,,,,,Premium
1384,1996-03-28,Weekly statement,74,Ostrava - mesto,north Moravia,1675,M,58,51471.674999999996,53761.799999999996,18286.899999999998,0,62,0,,,,,,Premium
711,1994-07-06,Monthly statement,70,Karvina,north Moravia,853,M,49,51466.35,36195.4,31866.1,0,71,0,,,,,,Premium
3496,1997-06-11,Monthly statement,42,Havlickuv Brod,east Bohemia,4224,F,21,51462.325000000004,71047.6,20044.600000000002,0,66,0,,,,,,Premium
10440,1993-09-13,Monthly statement,72,Olomouc,north Moravia,12844,M,52,51461.73333333334,48985.4,44655.200000000004,0,90,0,,7138.0,60000.0,C,0.0,Premium
1010,1995-05-01,Monthly statement,61,Trebic,south Moravia,1214,M,58,51446.69166666668,48576.400000000016,13758.000000000013,0,93,0,,,,,,Premium
9455,1996-11-03,Monthly statement,73,Opava,north Moravia,11637,M,47,51408.533333333326,62398.299999999996,30443.199999999997,0,116,0,,6926.0,374760.0,C,0.0,Premium
346,1993-01-11,Monthly statement,37,Litomerice,north Bohemia,423,M,41,51401.825000000004,51752.4,41639.899999999994,0,73,0,,,,,,Premium
9235,1995-06-24,Monthly statement,37,Litomerice,north Bohemia,11371,F,57,51382.799999999996,75088.2,24420.3,0,86,1,classic,6875.0,83280.0,C,0.0,Premium
2996,1994-05-17,Monthly statement,54,Brno - mesto,south Moravia,3618,M,45,51354.875,65273.0,35307.5,0,103,0,,,,,,Premium
1621,1993-12-01,Monthly statement,75,Prerov,north Moravia,1965,M,59,51341.125,58191.9,34529.9,0,72,0,,,,,,Premium
3322,1996-03-20,Weekly statement,65,Znojmo,south Moravia,4015,F,26,51330.825000000004,91176.2,23094.100000000002,0,81,0,,,,,,Premium
1680,1993-12-10,Monthly statement,59,Kromeriz,south Moravia,2040,M,54,51320.18333333333,72268.9,44282.7,0,70,0,,,,,,Premium
956,1993-12-05,Monthly statement,74,Ostrava - mesto,north Moravia,1152,M,17,51312.708333333336,71829.3,23814.999999999996,0,61,0,,,,,,Premium
2732,1993-07-27,Monthly statement,5,Kolin,central Bohemia,3298,F,56,51309.025,34889.50000000001,34889.50000000001,0,61,0,,,,,,Premium
3502,1996-03-08,Monthly statement,74,Ostrava - mesto,north Moravia,4230,F,37,51274.00833333333,77689.8,38355.5,0,67,1,classic,,,,,Premium
2093,1997-07-07,Monthly statement,64,Zlin,south Moravia,2536,M,37,51260.93333333333,70495.4,36469.299999999996,0,56,1,classic,,,,,Premium
11382,1995-08-20,Monthly statement,74,Ostrava - mesto,north Moravia,13998,F,45,51182.333333333336,81675.09999999999,26745.999999999996,0,76,0,,,,,,Premium
2993,1996-02-13,Weekly statement,1,Hl.m. Praha,Prague,3615,M,24,51143.49166666666,14904.899999999998,14904.899999999998,0,78,1,classic,,,,,Premium
3323,1993-09-08,Monthly statement,13,Rakovnik,central Bohemia,4016,F,27,51140.15,77308.90000000001,37992.9,0,70,0,,,,,,Premium
3750,1995-03-18,Monthly statement,77,Vsetin,north Moravia,4524,M,41,51117.63333333334,60005.90000000001,39626.200000000004,0,74,0,,,,,,Premium
2266,1996-07-19,Monthly statement,50,Svitavy,east Bohemia,2743,F,59,51081.06666666667,70791.8,41405.5,0,53,0,,,,,,Premium
2350,1996-08-04,Monthly statement,18,Pisek,south Bohemia,2841,F,25,51068.125,75894.4,36962.4,0,109,1,classic,5451.0,159744.0,C,0.0,Premium
3782,1997-03-17,Weekly statement,9,Nymburk,central Bohemia,4560,M,35,51051.924999999996,75697.6,19797.8,0,96,1,classic,,,,,Premium
100,1993-12-28,Monthly statement,41,Usti nad Labem,north Bohemia,121,F,20,51045.9,74839.5,17860.200000000004,0,84,0,,,,,,Premium
922,1995-04-27,Monthly statement,61,Trebic,south Moravia,1111,M,19,51043.35833333334,62816.6,38938.2,0,96,0,,,,,,Premium
2125,1997-11-20,Weekly statement,43,Hradec Kralove,east Bohemia,2571,F,19,51040.26666666666,58302.6,27287.9,0,67,0,,,,,,Premium
811,1997-08-01,Weekly statement,14,Ceske Budejovice,south Bohemia,973,F,28,51037.05000000001,56081.600000000006,27369.700000000004,0,71,0,,,,,,Premium
2280,1995-08-17,Monthly statement,68,Frydek - Mistek,north Moravia,2760,F,23,51016.48333333334,64983.8,42459.700000000004,0,73,0,,,,,,Premium
2552,1993-07-01,Monthly statement,52,Usti nad Orlici,east Bohemia,3082,F,19,50993.649999999994,75241.4,33711.299999999996,0,71,1,junior,,,,,Premium
915,1995-01-18,Monthly statement,72,Olomouc,north Moravia,1102,M,63,50992.19166666667,81327.6,33040.90000000001,0,94,0,,5145.0,309552.0,C,0.0,Premium
6872,1995-09-02,Monthly statement,15,Cesky Krumlov,south Bohemia,8295,F,47,50968.049999999996,52897.5,7016.399999999994,0,69,1,classic,,,,,Premium
84,1995-12-25,Statement after transaction,44,Chrudim,east Bohemia,100,F,56,50958.975,104121.59999999999,21783.4,0,82,0,,,,,,Premium
3181,1993-05-16,Monthly statement,42,Havlickuv Brod,east Bohemia,3846,F,18,50947.51666666666,55167.299999999996,35209.99999999999,0,63,1,junior,,,,,Premium
430,1995-09-02,Monthly statement,54,Brno - mesto,south Moravia,518,F,19,50943.4,64437.4,45341.4,0,23,0,,,,,,Premium
1583,1994-11-17,Statement after transaction,69,Jesenik,north Moravia,1917,F,29,50901.35,67094.0,6082.399999999997,0,100,0,,5282.0,388512.0,D,1.0,Premium
9528,1996-11-07,Monthly statement,19,Prachatice,south Bohemia,11732,F,41,50872.400000000016,28703.00000000001,17379.600000000006,0,91,0,,,,,,Premium
2247,1996-04-13,Monthly statement,24,Karlovy Vary,west Bohemia,2721,F,48,50863.416666666664,28437.800000000003,28437.800000000003,0,114,0,,5420.0,72504.0,C,0.0,Premium
3787,1993-02-19,Monthly statement,70,Karvina,north Moravia,4567,M,61,50836.64166666666,81793.5,38056.9,0,72,0,,,,,,Premium
2772,1996-02-24,Monthly statement,11,Praha - zapad,central Bohemia,3347,M,62,50830.55833333333,73508.8,31669.899999999998,0,72,0,,,,,,Premium
159,1997-02-11,Monthly statement,70,Karvina,north Moravia,192,M,27,50826.86666666666,94730.09999999999,21905.699999999997,0,68,1,classic,,,,,Premium
537,1997-01-08,Monthly statement,34,Chomutov,north Bohemia,646,F,76,50800.85833333333,67147.9,34064.0,0,63,1,classic,,,,,Premium
819,1995-04-22,Monthly statement,20,Strakonice,south Bohemia,984,M,49,50789.14166666666,61704.69999999999,38082.399999999994,0,63,1,classic,,,,,Premium
10243,1997-09-03,Monthly statement,44,Chrudim,east Bohemia,12599,M,42,50782.69166666667,45860.2,17451.1,0,104,1,classic,7091.0,113436.0,C,0.0,Premium
524,1994-05-03,Monthly statement,61,Trebic,south Moravia,630,M,46,50778.208333333336,92233.0,21843.200000000004,0,60,0,,,,,,Premium
1984,1993-11-07,Monthly statement,73,Opava,north Moravia,2410,F,25,50775.333333333336,72457.3,24752.9,0,63,0,,,,,,Premium
3026,1993-02-18,Monthly statement,24,Karlovy Vary,west Bohemia,3655,M,30,50722.049999999996,68293.7,17056.8,0,60,0,,,,,,Premium
144,1997-04-03,Weekly statement,10,Praha - vychod,central Bohemia,174,M,20,50717.850000000006,84474.8,11277.900000000005,0,64,1,junior,,,,,Premium
1026,1997-09-03,Monthly statement,20,Strakonice,south Bohemia,1231,F,33,50694.19166666666,56101.2,45386.1,0,74,1,classic,,,,,Premium
1929,1997-07-06,Monthly statement,1,Hl.m. Praha,Prague,2343,M,39,50680.81666666667,54985.3,39375.200000000004,0,73,1,classic,,,,,Premium
3705,1997-10-24,Monthly statement,20,Strakonice,south Bohemia,4467,F,54,50609.12500000001,38980.60000000001,9981.600000000002,0,73,1,classic,,,,,Premium
5692,1996-02-25,Monthly statement,66,Zdar nad Sazavou,south Moravia,6886,F,56,50571.00833333334,34718.600000000006,34718.600000000006,0,55,0,,,,,,Premium
2988,1996-10-14,Statement after transaction,66,Zdar nad Sazavou,south Moravia,3608,M,51,50563.75833333334,49707.8,11461.400000000005,0,69,0,,5585.0,88608.0,C,0.0,Premium
2409,1996-02-13,Monthly statement,76,Sumperk,north Moravia,2910,M,62,50560.174999999996,70404.9,35765.5,0,73,1,classic,,,,,Premium
5944,1997-06-06,Monthly statement,27,Plzen - jih,west Bohemia,7186,F,54,50559.666666666664,62438.5,41131.8,0,82,1,classic,6215.0,78720.0,C,0.0,Premium
9337,1993-09-13,Monthly statement,30,Sokolov,west Bohemia,11497,F,39,50553.96666666665,30209.29999999999,29723.099999999988,0,90,1,classic,6903.0,52128.0,A,0.0,Premium
3440,1995-09-22,Monthly statement,22,Domazlice,west Bohemia,4161,F,26,50438.10833333334,81447.8,35339.799999999996,0,104,0,,,,,,Premium
232,1997-11-29,Monthly statement,45,Jicin,east Bohemia,280,F,29,50425.924999999996,81752.9,34927.7,0,57,1,classic,,,,,Premium
2632,1993-01-02,Monthly statement,24,Karlovy Vary,west Bohemia,3177,M,60,50411.90833333333,62959.6,32475.299999999996,0,96,0,,,,,,Premium
1042,1994-04-03,Monthly statement,43,Hradec Kralove,east Bohemia,1250,F,46,50406.274999999994,49502.399999999994,34927.2,0,62,0,,,,,,Premium
1935,1996-08-15,Monthly statement,38,Louny,north Bohemia,2351,M,33,50389.275,44638.1,22661.399999999998,0,58,0,,,,,,Premium
3439,1996-02-16,Monthly statement,16,Jindrichuv Hradec,south Bohemia,4160,F,29,50389.075000000004,70904.09999999999,30147.4,0,66,0,,,,,,Premium
3091,1993-11-11,Monthly statement,3,Beroun,central Bohemia,3739,F,42,50376.44166666667,65286.6,31302.2,0,83,0,,,,,,Premium
8159,1995-02-08,Monthly statement,26,Plzen - mesto,west Bohemia,10076,F,29,50368.950000000004,58866.5,39190.9,0,92,0,,6676.0,29784.0,A,0.0,Premium
882,1993-03-06,Monthly statement,9,Nymburk,central Bohemia,1062,M,23,50364.71666666667,84776.2,18562.2,0,62,1,classic,,,,,Premium
2486,1993-02-27,Monthly statement,1,Hl.m. Praha,Prague,3001,M,40,50304.38333333335,75670.00000000001,20807.700000000023,0,85,0,,5479.0,24516.0,A,0.0,Premium
2504,1993-12-09,Monthly statement,16,Jindrichuv Hradec,south Bohemia,3023,M,39,50293.69166666667,61705.299999999996,19467.6,0,61,1,classic,,,,,Premium
925,1993-02-23,Monthly statement,59,Kromeriz,south Moravia,1114,M,18,50280.94166666667,57630.9,43836.0,0,62,0,,,,,,Premium
173,1993-11-26,Monthly statement,66,Zdar nad Sazavou,south Moravia,210,M,59,50257.208333333336,64005.5,24801.2,0,123,0,,5002.0,104808.0,A,0.0,Premium
7614,1995-02-08,Monthly statement,62,Uherske Hradiste,south Moravia,9427,F,28,50246.666666666664,56196.00000000001,29662.900000000005,0,76,1,classic,6550.0,320592.0,C,0.0,Premium
4332,1997-12-23,Monthly statement,74,Ostrava - mesto,north Moravia,5217,F,58,50235.64166666667,37747.7,22594.500000000004,0,60,0,,,,,,Premium
6609,1995-03-27,Monthly statement,16,Jindrichuv Hradec,south Bohemia,7980,M,22,50233.57499999999,99983.9,5299.599999999996,0,90,0,,6342.0,60156.0,B,1.0,Premium
1907,1997-03-25,Monthly statement,1,Hl.m. Praha,Prague,2317,M,22,50179.65,67348.3,34430.700000000004,0,83,0,,,,,,Premium
172,1993-08-30,Monthly statement,13,Rakovnik,central Bohemia,208,F,58,50154.81666666667,64715.0,29318.400000000005,0,73,1,classic,,,,,Premium
5708,1997-10-12,Weekly statement,64,Zlin,south Moravia,6906,M,49,50143.50833333333,75292.7,-971.1999999999971,1,63,1,classic,,,,,Standard
3931,1996-02-05,Monthly statement,28,Plzen - sever,west Bohemia,4740,M,21,50127.1,63891.9,36241.1,0,62,1,junior,,,,,Standard
170,1996-07-02,Monthly statement,59,Kromeriz,south Moravia,206,F,35,50120.958333333336,56110.200000000004,37584.0,0,59,0,,,,,,Standard
294,1997-01-05,Monthly statement,7,Melnik,central Bohemia,358,F,39,50119.225,67504.8,42664.8,0,101,1,classic,,,,,Standard
1427,1995-10-08,Monthly statement,17,Pelhrimov,south Bohemia,1731,F,30,50078.875,53651.8,41449.4,0,70,0,,,,,,Standard
57,1995-05-21,Monthly statement,1,Hl.m. Praha,Prague,66,F,47,50075.36666666667,63004.9,30162.0,0,73,0,,,,,,Standard
9750,1994-05-16,Monthly statement,74,Ostrava - mesto,north Moravia,12003,M,22,50064.05833333333,109124.40000000001,21281.6,0,85,0,,6986.0,151728.0,D,1.0,Standard
1421,1994-10-05,Monthly statement,71,Novy Jicin,north Moravia,1723,F,17,50061.666666666664,65484.899999999994,37433.299999999996,0,75,0,,,,,,Standard
3199,1996-06-06,Monthly statement,66,Zdar nad Sazavou,south Moravia,3868,M,36,50032.69166666667,53811.7,37248.799999999996,0,79,0,,,,,,Standard
1978,1993-06-11,Weekly statement,57,Hodonin,south Moravia,2403,F,35,49992.19166666666,68038.29999999999,43765.2,0,103,0,,5351.0,205200.0,A,0.0,Standard
2881,1993-01-04,Monthly statement,70,Karvina,north Moravia,3483,M,58,49989.275,52611.6,25044.0,0,72,0,,,,,,Standard
3631,1995-08-13,Monthly statement,1,Hl.m. Praha,Prague,4380,M,67,49936.299999999996,53389.4,47298.0,0,57,1,classic,,,,,Standard
3233,1995-03-03,Monthly statement,31,Tachov,west Bohemia,3911,F,46,49893.74166666667,78963.90000000001,23728.300000000003,0,65,0,,,,,,Standard
1567,1997-08-19,Monthly statement,10,Praha - vychod,central Bohemia,1899,M,57,49893.59166666667,74923.9,38926.2,0,97,1,classic,,,,,Standard
3743,1996-03-22,Monthly statement,1,Hl.m. Praha,Prague,4516,F,37,49862.94166666667,63219.3,32953.3,0,90,1,classic,,,,,Standard
3865,1995-02-09,Monthly statement,50,Svitavy,east Bohemia,4659,F,39,49855.63333333333,33182.6,32153.299999999996,0,64,0,,,,,,Standard
4010,1996-08-19,Monthly statement,30,Sokolov,west Bohemia,4833,F,27,49853.291666666664,68977.5,27151.600000000002,0,75,1,classic,,,,,Standard
820,1995-11-04,Monthly statement,74,Ostrava - mesto,north Moravia,986,M,43,49838.041666666664,65212.7,24179.100000000002,0,86,0,,,,,,Standard
244,1993-02-08,Monthly statement,24,Karlovy Vary,west Bohemia,295,M,59,49756.6,52095.0,40012.4,0,96,1,classic,,,,,Standard
2298,1993-07-03,Monthly statement,31,Tachov,west Bohemia,2782,M,58,49648.924999999996,60282.5,36030.4,0,67,1,classic,,,,,Standard
3754,1996-02-19,Weekly statement,37,Litomerice,north Bohemia,4529,M,22,49611.299999999996,77384.0,24191.899999999998,0,116,0,,5741.0,68544.0,A,0.0,Standard
2509,1997-06-13,Monthly statement,43,Hradec Kralove,east Bohemia,3029,M,28,49583.11666666666,13059.299999999996,13059.299999999996,0,101,0,,,,,,Standard
2834,1995-10-14,Monthly statement,70,Karvina,north Moravia,3425,M,28,49572.041666666664,42262.8,42262.8,0,107,1,classic,,,,,Standard
3499,1996-09-14,Monthly statement,51,Trutnov,east Bohemia,4227,F,35,49570.85833333334,56428.0,20896.7,0,66,0,,,,,,Standard
1900,1996-07-27,Monthly statement,27,Plzen - jih,west Bohemia,2308,F,24,49556.86666666667,48733.1,43045.2,0,71,1,classic,,,,,Standard
513,1996-11-21,Monthly statement,58,Jihlava,south Moravia,616,M,23,49546.208333333336,67934.2,22681.800000000003,0,75,0,,,,,,Standard
3875,1997-10-18,Monthly statement,44,Chrudim,east Bohemia,4672,M,49,49483.53333333333,57909.700000000004,22544.600000000006,0,66,0,,5765.0,153936.0,C,0.0,Standard
10227,1993-09-27,Statement after transaction,62,Uherske Hradiste,south Moravia,12577,F,48,49478.07500000002,36321.800000000025,20635.70000000002,0,50,1,classic,,,,,Standard
994,1995-09-15,Monthly statement,72,Olomouc,north Moravia,1198,F,23,49443.30000000001,45745.700000000004,26089.4,0,72,0,,,,,,Standard
1809,1993-11-12,Weekly statement,1,Hl.m. Praha,Prague,2192,F,42,49399.05833333333,62925.8,22108.399999999998,0,95,0,,,,,,Standard
2932,1993-05-04,Monthly statement,72,Olomouc,north Moravia,3540,M,62,49364.991666666676,33974.80000000001,28667.300000000007,0,108,0,,,,,,Standard
4774,1994-01-14,Monthly statement,66,Zdar nad Sazavou,south Moravia,5760,M,50,49360.916666666664,81687.0,35748.9,0,84,0,,5970.0,465072.0,C,0.0,Standard
8377,1993-11-20,Monthly statement,29,Rokycany,west Bohemia,10350,F,37,49351.91666666666,55524.499999999985,32301.899999999994,0,101,0,,6704.0,417060.0,C,0.0,Standard
987,1996-08-27,Monthly statement,15,Cesky Krumlov,south Bohemia,1190,F,22,49344.78333333333,48798.7,41832.4,0,72,0,,,,,,Standard
2510,1993-08-28,Monthly statement,61,Trebic,south Moravia,3030,F,22,49308.50833333333,76508.0,31127.499999999996,0,96,0,,,,,,Standard
2239,1995-01-05,Monthly statement,25,Klatovy,west Bohemia,2712,M,42,49306.65833333333,61731.3,33681.2,0,83,0,,,,,,Standard
2737,1996-07-06,Monthly statement,69,Jesenik,north Moravia,3304,M,59,49257.48333333334,60824.2,37024.5,0,73,0,,,,,,Standard
3810,1995-06-22,Monthly statement,43,Hradec Kralove,east Bohemia,4591,M,65,49248.950000000004,52809.5,39624.3,0,61,0,,,,,,Standard
1075,1995-07-13,Monthly statement,35,Jablonec n. Nisou,north Bohemia,1290,M,22,49239.041666666664,53652.1,41265.0,0,75,0,,,,,,Standard
4473,1995-10-09,Monthly statement,45,Jicin,east Bohemia,5395,M,36,49220.458333333336,60686.3,36677.9,0,94,0,,5895.0,93960.0,C,0.0,Standard
2232,1996-05-07,Monthly statement,1,Hl.m. Praha,Prague,2704,F,49,49186.98333333334,59172.0,34066.4,0,73,0,,,,,,Standard
2541,1994-11-08,Monthly statement,57,Hodonin,south Moravia,3067,F,46,49181.13333333333,67714.9,32503.5,0,96,0,,,,,,Standard
657,1993-08-08,Monthly statement,47,Pardubice,east Bohemia,788,M,24,49157.81666666667,62299.5,32523.000000000004,0,84,0,,,,,,Standard
2986,1996-04-09,Monthly statement,63,Vyskov,south Moravia,3606,M,40,49097.64166666667,85306.4,28981.600000000002,0,93,1,classic,5584.0,24792.0,C,0.0,Standard
2435,1993-11-01,Monthly statement,38,Louny,north Bohemia,2941,M,47,49096.274999999994,53996.39999999999,5244.099999999999,0,66,0,,,,,,Standard
1249,1995-03-30,Monthly statement,67,Bruntal,north Moravia,1508,F,44,49094.10833333334,57504.8,40168.4,0,96,0,,,,,,Standard
1225,1993-12-14,Monthly statement,4,Kladno,central Bohemia,1478,M,29,49084.26666666666,66941.7,35606.49999999999,0,63,1,classic,,,,,Standard
426,1993-11-29,Monthly statement,1,Hl.m. Praha,Prague,512,F,33,49055.73333333333,29028.299999999996,7560.299999999999,0,98,0,,5060.0,252060.0,D,1.0,Standard
3223,1993-12-07,Monthly statement,1,Hl.m. Praha,Prague,3898,F,50,49021.13333333333,27741.100000000002,5355.399999999999,0,85,0,,,,,,Standard
4470,1993-11-01,Monthly statement,16,Jindrichuv Hradec,south Bohemia,5392,F,43,48989.05833333334,98152.90000000001,25540.5,0,60,0,,,,,,Standard
1006,1993-02-08,Monthly statement,6,Kutna Hora,central Bohemia,1210,M,37,48947.71666666667,50207.7,38260.8,0,112,0,,,,,,Standard
2773,1996-06-23,Monthly statement,38,Louny,north Bohemia,3348,F,20,48939.10833333334,67541.6,23667.2,0,107,1,junior,,,,,Standard
3681,1997-01-25,Monthly statement,70,Karvina,north Moravia,4437,F,37,48932.43333333334,72791.40000000001,25845.100000000006,0,73,1,classic,,,,,Standard
6473,1993-01-26,Monthly statement,12,Pribram,central Bohemia,7815,F,52,48894.583333333336,29843.799999999996,25479.399999999998,0,84,0,,6316.0,76908.0,B,1.0,Standard
3156,1997-11-16,Statement after transaction,1,Hl.m. Praha,Prague,3816,M,32,48868.083333333336,63430.100000000006,21864.8,0,57,0,,,,,,Standard
3919,1997-10-18,Monthly statement,34,Chomutov,north Bohemia,4725,M,53,48849.53333333333,57881.0,35884.5,0,59,1,classic,,,,,Standard
3907,1996-04-18,Monthly statement,37,Litomerice,north Bohemia,4712,F,38,48832.924999999996,45527.6,15451.900000000001,0,71,0,,5773.0,133848.0,C,0.0,Standard
3874,1995-06-02,Monthly statement,51,Trutnov,east Bohemia,4670,F,30,48812.39166666666,53948.8,25377.899999999998,0,72,0,,,,,,Standard
3938,1993-11-17,Monthly statement,57,Hodonin,south Moravia,4749,F,50,48803.64166666667,69573.90000000001,40513.9,0,67,1,classic,,,,,Standard
3696,1996-06-22,Monthly statement,1,Hl.m. Praha,Prague,4457,M,55,48798.049999999996,52405.1,37671.9,0,74,1,classic,,,,,Standard
373,1996-06-20,Monthly statement,67,Bruntal,north Moravia,453,M,29,48768.55833333334,52338.6,37183.3,0,68,1,classic,,,,,Standard
2728,1997-07-06,Weekly statement,52,Usti nad Orlici,east Bohemia,3294,M,41,48762.81666666667,52920.3,34464.9,0,83,0,,5527.0,156420.0,C,0.0,Standard
1568,1995-07-15,Monthly statement,23,Cheb,west Bohemia,1900,M,33,48718.09166666667,61218.3,42678.2,0,97,1,classic,,,,,Standard
917,1995-10-13,Monthly statement,56,Breclav,south Moravia,1105,M,56,48675.90833333333,56837.1,36237.9,0,63,0,,,,,,Standard
7594,1996-02-16,Monthly statement,16,Jindrichuv Hradec,south Bohemia,9403,M,24,48655.81666666665,33623.499999999985,25632.79999999999,0,127,0,,6544.0,130464.0,C,0.0,Standard
9549,1997-01-17,Monthly statement,4,Kladno,central Bohemia,11755,F,53,48638.66666666668,53116.30000000001,4515.100000000013,0,98,0,,,,,,Standard
1559,1994-10-08,Monthly statement,14,Ceske Budejovice,south Bohemia,1890,F,43,48617.466666666674,54292.9,37598.100000000006,0,70,1,classic,,,,,Standard
219,1995-09-06,Monthly statement,28,Plzen - sever,west Bohemia,264,M,20,48581.60833333334,47647.2,41372.3,0,85,1,junior,,,,,Standard
3259,1994-04-11,Monthly statement,1,Hl.m. Praha,Prague,3943,M,53,48576.74166666667,51704.5,43394.6,0,81,1,classic,,,,,Standard
3726,1996-07-14,Monthly statement,54,Brno - mesto,south Moravia,4494,M,46,48572.93333333334,66633.3,18008.80000000001,0,102,0,,,,,,Standard
3330,1995-07-08,Monthly statement,76,Sumperk,north Moravia,4026,F,53,48560.74166666667,49978.80000000001,19247.6,0,71,0,,,,,,Standard
10905,1996-11-21,Monthly statement,32,Ceska Lipa,north Bohemia,13405,M,40,48531.31666666667,64537.3,26936.8,0,97,1,classic,7219.0,57120.0,C,0.0,Standard
2138,1997-08-11,Monthly statement,75,Prerov,north Moravia,2585,F,27,48522.25,58962.4,43101.700000000004,0,73,1,classic,,,,,Standard
3300,1997-09-19,Monthly statement,71,Novy Jicin,north Moravia,3992,F,50,48510.61666666667,83526.2,26420.899999999998,0,76,1,classic,,,,,Standard
3479,1994-06-14,Monthly statement,22,Domazlice,west Bohemia,4206,M,56,48498.71666666667,61399.4,34009.6,0,84,0,,,,,,Standard
1556,1996-09-15,Monthly statement,54,Brno - mesto,south Moravia,1887,M,72,48489.85,55734.799999999996,38571.2,0,66,0,,,,,,Standard
2804,1996-02-22,Monthly statement,53,Blansko,south Moravia,3388,F,33,48465.30833333333,55501.4,34440.5,0,60,0,,,,,,Standard
1903,1996-07-05,Monthly statement,11,Praha - zapad,central Bohemia,2312,F,23,48439.416666666664,62095.9,38388.6,0,84,1,classic,,,,,Standard
4008,1996-03-23,Monthly statement,27,Plzen - jih,west Bohemia,4831,M,40,48425.0,67500.0,35900.0,0,12,0,,,,,,Standard
2559,1995-06-01,Monthly statement,32,Ceska Lipa,north Bohemia,3090,M,30,48420.125,56255.3,42372.600000000006,0,68,0,,,,,,Standard
1999,1993-06-06,Monthly statement,70,Karvina,north Moravia,2429,M,25,48420.083333333336,41083.2,37968.0,0,81,1,classic,,,,,Standard
6649,1995-07-08,Monthly statement,1,Hl.m. Praha,Prague,8030,M,31,48380.158333333326,59578.99999999999,12636.499999999995,0,69,1,classic,6346.0,100260.0,C,0.0,Standard
8330,1993-03-28,Monthly statement,48,Rychnov nad Kneznou,east Bohemia,10287,F,36,48369.78333333333,73823.7,31163.1,0,92,0,,6699.0,7656.0,A,0.0,Standard
2549,1993-11-12,Monthly statement,74,Ostrava - mesto,north Moravia,3077,F,64,48369.61666666667,56535.3,35763.4,0,68,0,,,,,,Standard
624,1993-10-11,Monthly statement,70,Karvina,north Moravia,750,F,42,48368.93333333332,37451.099999999984,23760.899999999983,0,66,0,,,,,,Standard
303,1996-07-25,Monthly statement,71,Novy Jicin,north Moravia,370,F,42,48344.90833333333,42459.3,38451.5,0,77,1,classic,5034.0,112752.0,C,0.0,Standard
9491,1996-08-08,Weekly statement,7,Melnik,central Bohemia,11683,M,18,48343.924999999996,50525.8,35076.4,0,104,1,junior,6932.0,225504.0,C,0.0,Standard
2624,1996-03-28,Monthly statement,31,Tachov,west Bohemia,3166,M,43,48302.19166666666,65290.0,30688.0,0,82,1,classic,,,,,Standard
471,1995-06-07,Monthly statement,47,Pardubice,east Bohemia,566,F,52,48275.86666666667,49867.0,39672.7,0,106,1,classic,,,,,Standard
2456,1995-09-09,Monthly statement,65,Znojmo,south Moravia,2966,M,43,48267.70833333332,43893.49999999999,30866.199999999993,0,85,0,,5470.0,200976.0,C,0.0,Standard
3628,1995-09-12,Monthly statement,70,Karvina,north Moravia,4376,M,44,48259.15,60822.600000000006,40699.700000000004,0,95,1,classic,,,,,Standard
1087,1996-06-26,Monthly statement,55,Brno - venkov,south Moravia,1305,F,53,48252.81666666666,77560.0,33120.799999999996,0,58,0,,,,,,Standard
4746,1997-02-21,Monthly statement,54,Brno - mesto,south Moravia,5727,M,45,48251.81666666667,60710.6,25601.000000000004,0,92,1,classic,5963.0,204780.0,C,0.0,Standard
2069,1997-10-08,Monthly statement,72,Olomouc,north Moravia,2508,F,33,48243.299999999996,52097.5,16382.8,0,95,1,classic,,,,,Standard
2360,1996-08-27,Monthly statement,26,Plzen - mesto,west Bohemia,2852,F,56,48236.09166666667,69242.5,34270.700000000004,0,75,0,,,,,,Standard
2000,1997-08-06,Monthly statement,5,Kolin,central Bohemia,2430,M,61,48224.25,68319.59999999999,37158.9,0,108,1,classic,5354.0,290820.0,C,0.0,Standard
2775,1997-12-08,Monthly statement,30,Sokolov,west Bohemia,3350,M,48,48206.06666666667,83145.8,19834.399999999998,0,58,0,,,,,,Standard
1512,1994-01-08,Monthly statement,1,Hl.m. Praha,Prague,1832,F,32,48138.25,47490.299999999996,38589.1,0,72,0,,,,,,Standard
4346,1996-03-15,Monthly statement,25,Klatovy,west Bohemia,5236,M,20,48132.924999999996,69509.09999999999,22793.599999999995,0,79,0,,,,,,Standard
2057,1997-06-20,Monthly statement,1,Hl.m. Praha,Prague,2496,M,26,48118.50833333333,52242.5,41711.5,0,100,1,classic,,,,,Standard
1698,1996-03-14,Monthly statement,68,Frydek - Mistek,north Moravia,2063,F,48,48107.85833333333,54674.5,35914.6,0,82,1,classic,5301.0,141948.0,C,0.0,Standard
2287,1996-04-21,Monthly statement,1,Hl.m. Praha,Prague,2768,M,34,48094.35,41787.49999999999,25515.499999999996,0,69,1,classic,,,,,Standard
3106,1997-09-26,Weekly statement,12,Pribram,central Bohemia,3756,F,27,48090.975,45057.299999999996,35484.3,0,61,1,classic,,,,,Standard
3484,1994-06-01,Monthly statement,22,Domazlice,west Bohemia,4211,F,25,48051.44166666667,63774.50000000001,34417.700000000004,0,67,1,classic,,,,,Standard
226,1997-02-23,Monthly statement,70,Karvina,north Moravia,272,F,54,48044.65,44471.5,31371.300000000003,0,76,1,classic,5015.0,109344.0,C,0.0,Standard
7045,1996-12-26,Monthly statement,51,Trutnov,east Bohemia,8502,M,55,48042.74166666666,47276.899999999994,31910.199999999997,0,80,1,classic,6435.0,288720.0,C,0.0,Standard
4268,1997-02-20,Monthly statement,77,Vsetin,north Moravia,5143,M,25,48038.60833333334,61956.6,26465.0,0,87,0,,5841.0,41988.0,C,0.0,Standard
739,1996-03-18,Monthly statement,66,Zdar nad Sazavou,south Moravia,887,F,25,48007.23333333334,57079.8,39768.700000000004,0,70,1,classic,,,,,Standard
5213,1995-08-18,Monthly statement,1,Hl.m. Praha,Prague,6299,M,62,48000.30833333334,89092.8,7516.00000000001,0,93,1,classic,6063.0,320976.0,D,1.0,Standard
9201,1996-10-28,Monthly statement,69,Jesenik,north Moravia,11329,F,37,47997.06666666667,47703.4,27867.3,0,108,0,,6866.0,122472.0,C,0.0,Standard
976,1996-01-27,Monthly statement,77,Vsetin,north Moravia,1177,F,59,47978.208333333336,54666.4,19371.3,0,70,0,,,,,,Standard
2795,1996-08-20,Monthly statement,11,Praha - zapad,central Bohemia,3376,F,53,47978.15833333333,59457.2,23268.300000000003,0,94,0,,,,,,Standard
1125,1997-11-21,Weekly statement,1,Hl.m. Praha,Prague,1350,M,39,47971.46666666667,46211.700000000004,13418.700000000004,0,118,0,,,,,,Standard
4330,1995-07-05,Monthly statement,47,Pardubice,east Bohemia,5214,M,22,47964.700000000004,77523.1,7885.600000000002,0,84,0,,,,,,Standard
1263,1996-01-09,Weekly statement,30,Sokolov,west Bohemia,1524,F,36,47922.73333333333,73584.3,25184.599999999995,0,66,0,,,,,,Standard
2421,1995-01-11,Monthly statement,18,Pisek,south Bohemia,2924,F,57,47906.916666666664,51847.3,43846.8,0,77,1,classic,,,,,Standard
1817,1996-12-16,Monthly statement,10,Praha - vychod,central Bohemia,2203,M,59,47894.924999999996,60023.0,38224.1,0,73,1,classic,,,,,Standard
2962,1993-05-30,Monthly statement,1,Hl.m. Praha,Prague,3576,F,59,47869.208333333336,32824.8,26951.3,0,54,0,,5576.0,31248.0,A,0.0,Standard
716,1994-09-25,Monthly statement,47,Pardubice,east Bohemia,858,F,39,47868.09166666667,67141.0,26779.100000000002,0,63,1,classic,,,,,Standard
1128,1993-11-21,Monthly statement,74,Ostrava - mesto,north Moravia,1354,M,77,47850.40833333333,61289.1,38559.7,0,61,0,,,,,,Standard
2369,1997-07-19,Monthly statement,49,Semily,east Bohemia,2862,F,34,47814.11666666667,80656.2,33383.2,0,76,0,,,,,,Standard
2430,1994-10-09,Monthly statement,3,Beroun,central Bohemia,2936,F,53,47778.40833333333,62259.0,36606.9,0,57,0,,,,,,Standard
10645,1996-12-21,Monthly statement,2,Benesov,central Bohemia,13090,F,18,47768.50833333333,42432.3,25220.8,0,89,0,,7168.0,208332.0,C,0.0,Standard
3920,1993-09-01,Monthly statement,74,Ostrava - mesto,north Moravia,4727,F,28,47731.06666666666,69420.49999999999,25071.799999999996,0,62,0,,,,,,Standard
3134,1994-04-29,Monthly statement,48,Rychnov nad Kneznou,east Bohemia,3790,M,62,47716.35833333334,71929.5,33239.9,0,71,0,,,,,,Standard
30,1995-03-04,Monthly statement,36,Liberec,north Bohemia,38,F,25,47714.600000000006,44155.6,18264.300000000003,0,68,0,,,,,,Standard
3480,1993-09-14,Monthly statement,58,Jihlava,south Moravia,4207,M,60,47680.200000000004,70833.7,36900.9,0,59,0,,,,,,Standard
176,1996-08-12,Weekly statement,71,Novy Jicin,north Moravia,215,M,31,47675.174999999996,71822.0,14362.400000000001,0,111,0,,5005.0,27456.0,A,0.0,Standard
755,1997-09-27,Monthly statement,38,Louny,north Bohemia,905,M,58,47656.6,67918.2,40468.3,0,73,0,,,,,,Standard
2609,1993-05-03,Monthly statement,73,Opava,north Moravia,3148,M,56,47655.45000000001,55569.70000000001,19797.300000000014,0,50,0,,,,,,Standard
95,1995-03-30,Monthly statement,1,Hl.m. Praha,Prague,112,M,63,47631.43333333333,80441.9,19835.5,0,61,1,classic,,,,,Standard
9422,1996-03-06,Monthly statement,70,Karvina,north Moravia,11596,F,58,47625.74166666667,39605.90000000001,29780.200000000008,0,102,1,classic,6921.0,86184.0,A,0.0,Standard
1752,1996-05-08,Monthly statement,68,Frydek - Mistek,north Moravia,2124,F,49,47614.9,70096.90000000001,39529.9,0,58,1,classic,,,,,Standard
1768,1993-12-20,Monthly statement,15,Cesky Krumlov,south Bohemia,2144,F,38,47601.275,51577.200000000004,36317.00000000001,0,60,0,,,,,,Standard
3837,1993-08-26,Statement after transaction,48,Rychnov nad Kneznou,east Bohemia,4624,F,32,47587.00833333333,36089.3,23828.8,0,64,0,,,,,,Standard
3653,1994-05-03,Monthly statement,31,Tachov,west Bohemia,4404,F,47,47579.31666666667,81572.0,27734.9,0,87,0,,,,,,Standard
367,1997-05-09,Monthly statement,23,Cheb,west Bohemia,447,M,52,47569.89166666666,49839.299999999996,39269.299999999996,0,66,1,classic,,,,,Standard
1594,1997-04-06,Monthly statement,15,Cesky Krumlov,south Bohemia,1932,F,58,47558.799999999996,49329.7,30698.3,0,92,0,,,,,,Standard
2693,1997-11-17,Monthly statement,17,Pelhrimov,south Bohemia,3249,M,39,47557.67500000001,58277.3,37592.4,0,56,1,classic,,,,,Standard
525,1996-03-20,Monthly statement,70,Karvina,north Moravia,631,F,42,47545.0,98722.29999999999,20894.499999999996,0,96,0,,5086.0,210384.0,C,0.0,Standard
311,1997-08-08,Monthly statement,50,Svitavy,east Bohemia,378,M,20,47531.39166666666,65342.5,35175.299999999996,0,121,1,junior,,,,,Standard
2237,1995-12-13,Monthly statement,26,Plzen - mesto,west Bohemia,2709,M,52,47517.225,61914.2,28962.399999999998,0,92,1,classic,,,,,Standard
103,1996-03-10,Monthly statement,44,Chrudim,east Bohemia,124,M,31,47515.38333333333,38023.1,17226.399999999998,0,96,0,,4988.0,265320.0,D,1.0,Standard
1807,1997-10-15,Monthly statement,21,Tabor,south Bohemia,2189,F,36,47461.36666666667,58503.9,26688.8,0,57,0,,,,,,Standard
2274,1996-01-21,Monthly statement,66,Zdar nad Sazavou,south Moravia,2754,F,20,47450.21666666667,48615.799999999996,24711.3,0,63,0,,,,,,Standard
3701,1993-10-06,Monthly statement,76,Sumperk,north Moravia,4463,M,75,47417.35833333333,48693.6,38471.1,0,61,0,,,,,,Standard
1825,1995-12-05,Monthly statement,3,Beroun,central Bohemia,2213,M,30,47408.73333333334,58259.0,33900.1,0,84,0,,,,,,Standard
1362,1996-12-19,Monthly statement,1,Hl.m. Praha,Prague,1650,M,45,47394.799999999996,61043.7,21271.0,0,55,0,,,,,,Standard
2494,1994-04-23,Monthly statement,74,Ostrava - mesto,north Moravia,3011,M,43,47384.73333333333,55078.399999999994,26085.899999999994,0,96,0,,,,,,Standard
1194,1994-04-15,Monthly statement,1,Hl.m. Praha,Prague,1440,M,20,47368.78333333333,80671.90000000001,28470.200000000004,0,73,1,junior,,,,,Standard
1357,1995-11-20,Monthly statement,56,Breclav,south Moravia,1644,M,22,47348.31666666666,62788.299999999996,38451.2,0,74,0,,,,,,Standard
8759,1993-09-18,Monthly statement,1,Hl.m. Praha,Prague,10798,F,18,47345.65833333333,35215.3,28522.199999999997,0,70,1,junior,,,,,Standard
4514,1993-12-18,Monthly statement,69,Jesenik,north Moravia,5445,M,46,47319.71666666665,99141.19999999998,30673.099999999988,0,60,0,,,,,,Standard
2963,1996-12-09,Monthly statement,31,Tachov,west Bohemia,3577,F,56,47311.275,58012.4,39076.9,0,66,1,classic,,,,,Standard
1727,1997-10-11,Monthly statement,9,Nymburk,central Bohemia,2095,M,24,47308.75833333333,42026.1,33133.5,0,78,0,,,,,,Standard
2845,1997-08-21,Monthly statement,62,Uherske Hradiste,south Moravia,3439,M,31,47261.84166666667,50742.2,35685.7,0,68,1,classic,,,,,Standard
3459,1996-06-02,Monthly statement,76,Sumperk,north Moravia,4181,F,34,47230.50833333333,85455.4,25272.199999999997,0,58,0,,,,,,Standard
126,1993-10-23,Monthly statement,5,Kolin,central Bohemia,151,F,27,47188.85833333334,50359.4,31808.0,0,78,0,,,,,,Standard
1098,1993-12-28,Monthly statement,47,Pardubice,east Bohemia,1318,M,67,47184.65833333333,60354.4,35935.3,0,67,0,,,,,,Standard
2040,1996-06-25,Monthly statement,75,Prerov,north Moravia,2476,F,41,47173.65,67309.1,35293.299999999996,0,64,1,classic,,,,,Standard
9153,1996-12-12,Monthly statement,9,Nymburk,central Bohemia,11266,M,60,47086.64166666666,54088.9,32782.299999999996,0,96,0,,6855.0,52236.0,C,0.0,Standard
9104,1994-01-21,Monthly statement,10,Praha - vychod,central Bohemia,11208,F,41,47076.63333333333,39089.99999999999,37999.799999999996,0,69,0,,6841.0,172080.0,A,0.0,Standard
1085,1997-09-11,Monthly statement,42,Havlickuv Brod,east Bohemia,1303,F,58,47069.549999999996,59088.2,35251.3,0,68,0,,,,,,Standard
2445,1996-07-07,Monthly statement,52,Usti nad Orlici,east Bohemia,2952,F,20,47005.89166666666,71271.2,21544.9,0,89,0,,5469.0,293160.0,C,0.0,Standard
11328,1996-11-05,Monthly statement,54,Brno - mesto,south Moravia,13924,F,46,47003.60833333333,63585.99999999999,24402.499999999993,0,87,0,,7295.0,280440.0,C,0.0,Standard
656,1996-08-18,Monthly statement,3,Beroun,central Bohemia,787,M,51,46998.65,50477.8,36630.2,0,73,0,,,,,,Standard
3390,1996-12-22,Weekly statement,12,Pribram,central Bohemia,4099,F,53,46981.34166666667,51347.0,33775.799999999996,0,121,0,,5665.0,40632.0,C,0.0,Standard
3307,1994-03-13,Monthly statement,30,Sokolov,west Bohemia,3999,F,22,46961.10833333334,50021.3,25844.300000000003,0,76,0,,,,,,Standard
1586,1996-10-03,Monthly statement,1,Hl.m. Praha,Prague,1921,F,52,46917.60833333334,72727.90000000001,35656.0,0,69,0,,,,,,Standard
3600,1993-08-10,Monthly statement,27,Plzen - jih,west Bohemia,4343,F,69,46877.21666666667,50865.3,32566.4,0,65,1,classic,,,,,Standard
9353,1995-11-03,Monthly statement,59,Kromeriz,south Moravia,11516,M,60,46877.20000000001,31662.200000000008,25999.700000000008,0,103,0,,6908.0,188616.0,C,0.0,Standard
7156,1997-09-11,Monthly statement,71,Novy Jicin,north Moravia,8636,F,57,46852.88333333333,59760.0,22085.7,0,75,1,classic,6464.0,49488.0,C,0.0,Standard
2731,1995-09-26,Monthly statement,1,Hl.m. Praha,Prague,3297,M,30,46846.23333333333,68215.5,32948.399999999994,0,71,1,classic,,,,,Standard
456,1993-01-21,Monthly statement,49,Semily,east Bohemia,548,M,61,46837.13333333333,65872.2,34367.7,0,60,1,gold,,,,,Standard
974,1994-02-25,Monthly statement,29,Rokycany,west Bohemia,1174,F,28,46832.350000000006,56422.00000000001,23287.4,0,59,0,,,,,,Standard
2620,1993-08-03,Monthly statement,22,Domazlice,west Bohemia,3161,M,18,46827.64166666667,52669.0,28113.4,0,70,0,,,,,,Standard
6699,1996-06-08,Monthly statement,35,Jablonec n. Nisou,north Bohemia,8089,M,33,46812.475,37530.8,37530.8,0,100,0,,6355.0,127200.0,C,0.0,Standard
3826,1995-03-05,Monthly statement,34,Chomutov,north Bohemia,4610,F,32,46805.48333333334,57024.5,37186.5,0,74,0,,,,,,Standard
1480,1996-07-03,Weekly statement,41,Usti nad Labem,north Bohemia,1793,F,53,46786.825000000004,29674.2,24685.399999999994,0,79,1,classic,5260.0,123300.0,C,0.0,Standard
6930,1993-09-08,Monthly statement,41,Usti nad Labem,north Bohemia,8366,F,38,46750.149999999994,67783.4,35287.1,0,66,1,classic,6407.0,25944.0,A,0.0,Standard
7894,1996-04-09,Monthly statement,27,Plzen - jih,west Bohemia,9760,M,29,46737.333333333336,44599.8,26558.899999999998,0,96,1,classic,6607.0,153144.0,C,0.0,Standard
280,1993-01-23,Monthly statement,25,Klatovy,west Bohemia,338,F,47,46723.674999999996,65518.8,35174.3,0,82,0,,,,,,Standard
2516,1995-11-16,Monthly statement,6,Kutna Hora,central Bohemia,3038,F,52,46704.883333333324,47060.899999999994,35858.299999999996,0,74,0,,5486.0,466608.0,C,0.0,Standard
1920,1996-04-08,Monthly statement,40,Teplice,north Bohemia,2330,F,50,46700.21666666667,65526.0,34588.1,0,67,0,,,,,,Standard
8,1995-09-21,Monthly statement,57,Hodonin,south Moravia,10,M,55,46667.65,72617.3,21924.500000000004,0,85,0,,,,,,Standard
3090,1996-12-10,Monthly statement,1,Hl.m. Praha,Prague,3738,F,20,46657.05833333333,61904.49999999999,18166.9,0,90,0,,,,,,Standard
3527,1997-01-11,Monthly statement,44,Chrudim,east Bohemia,4258,F,32,46613.35,53354.100000000006,17435.4,0,71,1,classic,,,,,Standard
2104,1996-06-12,Monthly statement,48,Rychnov nad Kneznou,east Bohemia,2548,M,45,46612.450000000004,54043.6,36261.4,0,70,1,classic,,,,,Standard
1681,1997-07-11,Monthly statement,68,Frydek - Mistek,north Moravia,2041,M,42,46595.98333333333,55475.49999999999,41564.5,0,97,0,,,,,,Standard
165,1993-06-01,Monthly statement,25,Klatovy,west Bohemia,199,M,75,46582.90833333333,61585.1,38682.200000000004,0,66,0,,,,,,Standard
7828,1996-01-05,Monthly statement,36,Liberec,north Bohemia,9680,M,21,46582.166666666664,53629.0,28543.6,0,85,0,,,,,,Standard
2246,1996-04-25,Monthly statement,1,Hl.m. Praha,Prague,2720,F,49,46567.77499999999,74849.49999999999,7159.79999999999,0,79,0,,5419.0,415800.0,C,0.0,Standard
10257,1997-05-01,Monthly statement,27,Plzen - jih,west Bohemia,12616,F,33,46560.075000000004,83199.8,4826.900000000002,0,94,0,,7096.0,37812.0,C,0.0,Standard
488,1996-06-20,Monthly statement,25,Klatovy,west Bohemia,587,F,53,46541.666666666664,50500.0,39800.0,0,12,0,,,,,,Standard
362,1993-04-04,Monthly statement,15,Cesky Krumlov,south Bohemia,440,F,28,46537.76666666666,61574.0,18359.999999999996,0,98,0,,,,,,Standard
7965,1993-11-08,Monthly statement,55,Brno - venkov,south Moravia,9844,M,53,46534.049999999996,61532.1,34155.200000000004,0,95,0,,6624.0,71460.0,A,0.0,Standard
506,1996-07-08,Monthly statement,67,Bruntal,north Moravia,608,M,26,46514.024999999994,54990.2,36349.7,0,108,1,classic,,,,,Standard
8625,1993-11-10,Monthly statement,64,Zlin,south Moravia,10636,M,27,46511.27499999997,28074.099999999977,21201.39999999998,0,80,1,classic,6745.0,47304.0,A,0.0,Standard
392,1996-07-14,Monthly statement,1,Hl.m. Praha,Prague,473,F,59,46506.65833333333,55644.1,32199.100000000002,0,86,1,classic,,,,,Standard
2588,1993-12-04,Monthly statement,5,Kolin,central Bohemia,3124,F,40,46495.00833333334,57791.700000000004,22406.9,0,71,1,classic,,,,,Standard
2355,1995-01-03,Monthly statement,1,Hl.m. Praha,Prague,2846,F,29,46480.975000000006,102244.90000000001,25658.500000000007,0,67,0,,,,,,Standard
7745,1996-11-29,Monthly statement,2,Benesov,central Bohemia,9582,F,56,46447.775,50614.0,22026.699999999997,0,102,1,classic,6574.0,77544.0,C,0.0,Standard
3343,1997-08-03,Monthly statement,1,Hl.m. Praha,Prague,4042,M,59,46446.666666666664,62186.69999999999,32461.399999999994,0,82,0,,,,,,Standard
1770,1994-02-08,Monthly statement,65,Znojmo,south Moravia,2146,M,25,46443.39166666666,50401.7,32291.1,0,75,1,classic,,,,,Standard
8027,1993-07-07,Weekly statement,44,Chrudim,east Bohemia,9915,M,31,46420.450000000004,47114.200000000004,30721.000000000004,0,70,0,,6642.0,77640.0,A,0.0,Standard
2875,1996-12-24,Monthly statement,19,Prachatice,south Bohemia,3475,M,41,46417.06666666667,66296.0,30390.8,0,61,0,,,,,,Standard
1126,1993-03-08,Monthly statement,56,Breclav,south Moravia,1352,F,27,46399.85,53701.5,25643.2,0,69,0,,,,,,Standard
2408,1996-12-27,Monthly statement,26,Plzen - mesto,west Bohemia,2909,M,62,46392.34166666667,45247.3,34353.8,0,79,0,,,,,,Standard
2211,1997-11-10,Statement after transaction,61,Trebic,south Moravia,2676,M,37,46380.799999999996,15438.300000000001,15438.300000000001,0,61,0,,,,,,Standard
1798,1997-11-28,Monthly statement,46,Nachod,east Bohemia,2178,M,59,46370.03333333333,60665.4,18141.7,0,72,0,,,,,,Standard
839,1995-01-17,Monthly statement,16,Jindrichuv Hradec,south Bohemia,1011,M,59,46359.416666666664,67231.6,32890.9,0,67,1,classic,,,,,Standard
3995,1995-08-27,Monthly statement,12,Pribram,central Bohemia,4817,M,29,46346.44166666667,60773.5,32136.2,0,95,0,,,,,,Standard
945,1996-08-16,Monthly statement,18,Pisek,south Bohemia,1140,M,52,46337.59166666667,26984.4,26984.4,0,55,1,classic,,,,,Standard
3808,1993-08-11,Monthly statement,38,Louny,north Bohemia,4589,F,22,46319.291666666664,77323.1,18645.1,0,87,0,,,,,,Standard
1192,1996-05-02,Monthly statement,29,Rokycany,west Bohemia,1438,F,35,46255.90833333333,44538.700000000004,41248.0,0,55,1,classic,,,,,Standard
9633,1996-01-08,Monthly statement,70,Karvina,north Moravia,11857,M,46,46246.54166666668,6893.400000000009,6893.400000000009,0,104,0,,6959.0,59448.0,D,1.0,Standard
3298,1993-08-04,Monthly statement,29,Rokycany,west Bohemia,3990,M,25,46244.625,49913.5,40224.6,0,58,0,,,,,,Standard
371,1996-08-02,Monthly statement,12,Pribram,central Bohemia,451,M,19,46238.225,59239.3,37617.3,0,58,1,junior,,,,,Standard
1537,1997-06-06,Monthly statement,54,Brno - mesto,south Moravia,1863,M,46,46231.125,70816.0,18073.800000000003,0,54,0,,,,,,Standard
4109,1995-02-09,Monthly statement,54,Brno - mesto,south Moravia,4949,M,16,46206.10833333334,32966.100000000006,32966.100000000006,0,58,0,,,,,,Standard
2551,1996-02-08,Monthly statement,5,Kolin,central Bohemia,3080,F,47,46192.958333333336,79773.40000000001,15381.700000000003,0,100,0,,,,,,Standard
2951,1993-09-06,Monthly statement,44,Chrudim,east Bohemia,3565,M,36,46190.416666666664,28497.0,28497.0,0,94,0,,,,,,Standard
2705,1993-07-05,Statement after transaction,63,Vyskov,south Moravia,3264,F,48,46181.291666666664,63345.4,26871.100000000002,0,89,0,,5523.0,93888.0,A,0.0,Standard
2178,1995-05-15,Monthly statement,64,Zlin,south Moravia,2637,M,63,46175.533333333326,59210.99999999999,39616.2,0,72,0,,,,,,Standard
72,1996-06-20,Weekly statement,1,Hl.m. Praha,Prague,85,M,37,46174.16666666668,22336.50000000002,15153.60000000001,0,84,0,,,,,,Standard
3206,1996-06-22,Monthly statement,38,Louny,north Bohemia,3877,F,42,46162.35,56943.3,33349.6,0,80,0,,,,,,Standard
3289,1994-06-02,Monthly statement,1,Hl.m. Praha,Prague,3980,M,45,46158.69166666667,58021.0,27124.1,0,85,0,,,,,,Standard
3464,1995-05-05,Monthly statement,25,Klatovy,west Bohemia,4187,F,31,46146.625,56328.0,31331.6,0,83,0,,,,,,Standard
9037,1996-10-22,Monthly statement,1,Hl.m. Praha,Prague,11130,F,37,46121.274999999994,58245.4,23137.199999999997,0,105,0,,6821.0,321936.0,C,0.0,Standard
2602,1996-06-17,Monthly statement,46,Nachod,east Bohemia,3139,F,42,46086.40833333333,56038.6,31698.399999999998,0,85,0,,,,,,Standard
1555,1996-11-10,Monthly statement,34,Chomutov,north Bohemia,1886,M,78,46067.80833333333,47196.6,42107.5,0,61,1,classic,,,,,Standard
6397,1995-03-15,Monthly statement,48,Rychnov nad Kneznou,east Bohemia,7723,F,32,46042.70833333334,70146.3,36059.00000000001,0,72,0,,6302.0,181020.0,C,0.0,Standard
3064,1993-05-23,Monthly statement,40,Teplice,north Bohemia,3705,F,33,46037.76666666666,56126.899999999994,39534.399999999994,0,96,0,,5599.0,15420.0,A,0.0,Standard
9159,1996-08-02,Monthly statement,64,Zlin,south Moravia,11274,M,29,46034.99166666667,62818.4,34336.6,0,130,0,,6857.0,69600.0,C,0.0,Standard
3890,1996-02-10,Monthly statement,50,Svitavy,east Bohemia,4689,M,35,46032.674999999996,50591.799999999996,32731.1,0,73,0,,,,,,Standard
1251,1995-07-18,Weekly statement,34,Chomutov,north Bohemia,1510,F,50,46010.31666666667,101906.4,19598.4,0,80,0,,,,,,Standard
2713,1994-04-03,Monthly statement,26,Plzen - mesto,west Bohemia,3274,M,69,46005.49166666667,54374.1,37584.8,0,60,0,,,,,,Standard
462,1993-11-10,Monthly statement,29,Rokycany,west Bohemia,556,M,52,45980.6,44965.2,24492.1,0,73,0,,,,,,Standard
604,1993-11-26,Monthly statement,12,Pribram,central Bohemia,723,F,41,45959.73333333333,47512.299999999996,33314.6,0,61,0,,,,,,Standard
4851,1996-02-04,Monthly statement,52,Usti nad Orlici,east Bohemia,5858,M,46,45932.924999999996,98263.59999999999,19932.000000000004,0,103,0,,5988.0,141648.0,A,0.0,Standard
2517,1996-11-10,Statement after transaction,55,Brno - venkov,south Moravia,3039,F,29,45922.55833333333,63717.3,25892.8,0,69,0,,,,,,Standard
2901,1997-04-09,Monthly statement,1,Hl.m. Praha,Prague,3506,F,37,45920.799999999996,55462.299999999996,25464.3,0,66,0,,,,,,Standard
1522,1997-08-02,Monthly statement,48,Rychnov nad Kneznou,east Bohemia,1846,M,18,45919.958333333336,60961.0,33564.7,0,61,0,,,,,,Standard
2080,1997-04-27,Monthly statement,74,Ostrava - mesto,north Moravia,2522,M,61,45907.0,86688.20000000001,22904.200000000004,0,86,1,classic,5369.0,214596.0,C,0.0,Standard
4937,1993-02-20,Monthly statement,12,Pribram,central Bohemia,5965,M,47,45889.43333333333,66596.2,18568.6,0,91,0,,6004.0,143904.0,A,0.0,Standard
133,1997-10-11,Weekly statement,64,Zlin,south Moravia,160,F,56,45873.88333333334,46582.30000000001,16405.000000000004,0,95,0,,,,,,Standard
970,1997-07-20,Monthly statement,18,Pisek,south Bohemia,1169,F,57,45856.32499999999,75959.09999999999,16025.399999999998,0,75,1,classic,,,,,Standard
1663,1996-11-02,Monthly statement,55,Brno - venkov,south Moravia,2016,M,64,45847.89166666666,54290.1,39523.6,0,76,0,,,,,,Standard
1071,1993-05-10,Weekly statement,68,Frydek - Mistek,north Moravia,1286,F,48,45834.30833333334,27639.800000000007,25544.60000000001,0,63,0,,5170.0,253200.0,C,0.0,Standard
10079,1993-05-06,Monthly statement,62,Uherske Hradiste,south Moravia,12396,F,28,45822.51666666666,22379.299999999992,22379.299999999992,0,76,1,classic,7055.0,167100.0,C,0.0,Standard
3185,1997-07-29,Monthly statement,45,Jicin,east Bohemia,3850,F,41,45816.666666666664,51981.200000000004,39863.200000000004,0,86,1,classic,,,,,Standard
1760,1995-11-11,Monthly statement,53,Blansko,south Moravia,2133,F,77,45815.700000000004,51809.899999999994,40343.2,0,74,1,classic,,,,,Standard
1031,1995-06-20,Monthly statement,74,Ostrava - mesto,north Moravia,1238,M,63,45814.44166666667,52733.3,37014.3,0,99,0,,,,,,Standard
2267,1994-09-20,Weekly statement,54,Brno - mesto,south Moravia,2745,F,59,45809.46666666667,62074.1,20086.300000000003,0,66,0,,,,,,Standard
9167,1997-04-02,Monthly statement,56,Breclav,south Moravia,11286,F,58,45808.525,71562.5,17172.7,0,132,0,,6859.0,272220.0,C,0.0,Standard
704,1993-01-01,Monthly statement,55,Brno - venkov,south Moravia,844,M,53,45808.31666666666,81680.8,19026.1,0,77,0,,,,,,Standard
3887,1996-05-08,Monthly statement,62,Uherske Hradiste,south Moravia,4685,M,34,45793.68333333333,44834.4,40870.0,0,71,0,,,,,,Standard
10019,1995-06-15,Monthly statement,8,Mlada Boleslav,central Bohemia,12325,M,34,45782.39166666666,21666.0,21666.0,0,60,0,,7036.0,194940.0,C,0.0,Standard
1916,1996-02-16,Monthly statement,72,Olomouc,north Moravia,2326,F,53,45777.950000000004,63096.0,29282.800000000003,0,66,0,,,,,,Standard
4377,1993-04-24,Monthly statement,28,Plzen - sever,west Bohemia,5275,M,48,45775.93333333333,57008.69999999999,21967.199999999993,0,86,1,classic,,,,,Standard
1129,1995-03-03,Monthly statement,35,Jablonec n. Nisou,north Bohemia,1355,F,22,45771.0,60961.700000000004,26878.4,0,85,0,,,,,,Standard
2118,1997-05-11,Monthly statement,42,Havlickuv Brod,east Bohemia,2562,M,46,45740.674999999996,49950.4,32915.7,0,73,1,classic,,,,,Standard
2725,1997-04-02,Monthly statement,52,Usti nad Orlici,east Bohemia,3291,M,51,45726.333333333336,77685.7,30745.9,0,107,1,classic,5526.0,69624.0,C,0.0,Standard
3035,1993-08-16,Weekly statement,15,Cesky Krumlov,south Bohemia,3667,M,27,45725.58333333334,50309.80000000001,32521.200000000008,0,92,1,gold,,,,,Standard
9138,1996-07-18,Monthly statement,26,Plzen - mesto,west Bohemia,11250,F,52,45712.174999999996,24792.099999999995,15986.899999999996,0,106,0,,6851.0,272220.0,D,1.0,Standard
3753,1995-02-24,Monthly statement,28,Plzen - sever,west Bohemia,4528,M,76,45708.225000000006,48399.5,38664.9,0,69,0,,,,,,Standard
3758,1995-09-19,Monthly statement,38,Louny,north Bohemia,4534,M,44,45690.674999999996,41743.7,39517.799999999996,0,71,1,classic,,,,,Standard
6688,1996-06-25,Monthly statement,16,Jindrichuv Hradec,south Bohemia,8076,F,48,45689.875,49966.7,35207.799999999996,0,109,0,,6354.0,22968.0,C,0.0,Standard
1947,1993-11-12,Monthly statement,35,Jablonec n. Nisou,north Bohemia,2366,M,68,45645.10833333334,59247.4,31840.7,0,61,0,,,,,,Standard
3694,1996-07-06,Monthly statement,70,Karvina,north Moravia,4455,M,22,45623.85833333334,56203.1,37481.9,0,74,0,,,,,,Standard
3077,1997-04-16,Monthly statement,64,Zlin,south Moravia,3721,F,44,45600.26666666666,68530.8,12773.899999999998,0,70,1,classic,,,,,Standard
4158,1997-09-04,Monthly statement,27,Plzen - jih,west Bohemia,5012,F,26,45597.46666666667,55887.299999999996,20950.7,0,62,1,classic,,,,,Standard
1640,1995-09-01,Monthly statement,13,Rakovnik,central Bohemia,1988,M,46,45564.9,59091.0,38081.799999999996,0,68,0,,,,,,Standard
2156,1996-09-11,Monthly statement,1,Hl.m. Praha,Prague,2609,M,21,45562.583333333336,49571.299999999996,25241.5,0,72,1,classic,,,,,Standard
1229,1997-12-10,Monthly statement,46,Nachod,east Bohemia,1482,F,48,45556.24166666667,42635.2,35584.8,0,56,0,,,,,,Standard
1839,1997-06-22,Monthly statement,5,Kolin,central Bohemia,2230,M,29,45543.325000000004,72378.5,36157.6,0,65,0,,,,,,Standard
4447,1996-06-16,Monthly statement,62,Uherske Hradiste,south Moravia,5364,M,34,45529.5,69375.8,19711.899999999998,0,72,0,,5886.0,192744.0,C,0.0,Standard
1158,1994-04-03,Monthly statement,50,Svitavy,east Bohemia,1392,M,66,45525.833333333336,41651.8,39323.4,0,68,0,,,,,,Standard
2370,1997-10-01,Monthly statement,51,Trutnov,east Bohemia,2864,F,46,45524.25,62233.4,33967.8,0,62,1,classic,,,,,Standard
4150,1997-07-05,Monthly statement,65,Znojmo,south Moravia,5002,F,21,45518.274999999994,64992.1,35877.399999999994,0,95,1,classic,,,,,Standard
2594,1997-05-03,Statement after transaction,19,Prachatice,south Bohemia,3130,F,43,45516.25833333334,63085.8,15807.200000000003,0,101,1,classic,,,,,Standard
11135,1993-10-10,Monthly statement,75,Prerov,north Moravia,13687,M,39,45486.200000000004,53703.2,30430.600000000002,0,88,0,,7262.0,182628.0,A,0.0,Standard
1232,1996-07-06,Monthly statement,48,Rychnov nad Kneznou,east Bohemia,1487,F,22,45477.39166666666,34073.1,34073.1,0,29,0,,,,,,Standard
539,1993-02-16,Statement after transaction,13,Rakovnik,central Bohemia,649,F,20,45419.04999999999,7898.699999999991,7898.699999999991,0,70,1,junior,,,,,Standard
3143,1996-10-18,Monthly statement,38,Louny,north Bohemia,3800,F,44,45407.51666666666,52129.1,31452.3,0,83,0,,5616.0,130896.0,C,0.0,Standard
5541,1995-03-24,Monthly statement,43,Hradec Kralove,east Bohemia,6691,M,56,45405.51666666666,65177.0,23053.4,0,99,0,,6130.0,32640.0,C,0.0,Standard
2446,1995-01-16,Monthly statement,3,Beroun,central Bohemia,2953,M,62,45368.50833333333,55928.3,35062.6,0,70,0,,,,,,Standard
2383,1996-08-05,Monthly statement,68,Frydek - Mistek,north Moravia,2878,M,51,45339.799999999996,45833.1,34299.5,0,91,0,,,,,,Standard
10022,1997-05-07,Monthly statement,1,Hl.m. Praha,Prague,12328,F,54,45334.23333333334,66172.50000000001,20493.000000000007,0,95,1,classic,7037.0,218064.0,C,0.0,Standard
866,1993-01-10,Monthly statement,9,Nymburk,central Bohemia,1044,F,27,45327.53333333333,60554.399999999994,30464.699999999997,0,107,0,,,,,,Standard
7607,1993-09-05,Monthly statement,1,Hl.m. Praha,Prague,9418,M,48,45316.39166666666,53221.7,26627.6,0,86,0,,6546.0,31728.0,A,0.0,Standard
2689,1997-01-01,Monthly statement,70,Karvina,north Moravia,3245,M,46,45311.51666666667,46262.9,27921.300000000003,0,85,1,classic,,,,,Standard
3871,1993-01-08,Monthly statement,26,Plzen - mesto,west Bohemia,4665,F,72,45300.75833333333,59739.9,32006.2,0,70,0,,,,,,Standard
1449,1993-08-26,Monthly statement,35,Jablonec n. Nisou,north Bohemia,1758,M,51,45295.166666666664,58886.3,27576.7,0,86,1,classic,,,,,Standard
2973,1996-08-15,Monthly statement,23,Cheb,west Bohemia,3590,F,22,45290.19166666667,58033.50000000001,35972.600000000006,0,83,1,classic,,,,,Standard
3915,1993-04-02,Monthly statement,65,Znojmo,south Moravia,4721,F,42,45270.25,55907.5,34830.5,0,74,1,classic,,,,,Standard
2411,1993-06-27,Monthly statement,69,Jesenik,north Moravia,2913,M,36,45262.35833333334,42082.700000000004,32769.5,0,61,0,,,,,,Standard
3220,1993-08-14,Monthly statement,29,Rokycany,west Bohemia,3894,M,57,45258.34166666667,51983.1,36019.6,0,61,1,classic,,,,,Standard
422,1994-08-29,Weekly statement,53,Blansko,south Moravia,508,M,27,45249.94999999999,76670.29999999999,24895.399999999998,0,58,1,classic,,,,,Standard
3862,1996-11-23,Monthly statement,1,Hl.m. Praha,Prague,4656,M,56,45215.99166666666,56200.19999999999,22735.999999999993,0,119,0,,5760.0,74916.0,C,0.0,Standard
2381,1997-02-13,Monthly statement,1,Hl.m. Praha,Prague,2876,M,21,45202.725000000006,61077.9,33973.8,0,73,0,,,,,,Standard
1116,1993-07-20,Monthly statement,1,Hl.m. Praha,Prague,1339,M,39,45165.80833333333,51511.7,39063.5,0,68,1,classic,,,,,Standard
3074,1994-10-08,Weekly statement,74,Ostrava - mesto,north Moravia,3716,M,45,45147.275,33723.50000000001,9450.000000000002,0,71,0,,,,,,Standard
458,1995-06-16,Monthly statement,7,Melnik,central Bohemia,550,M,37,45117.74166666667,62964.4,36376.5,0,70,0,,,,,,Standard
4105,1995-05-08,Monthly statement,58,Jihlava,south Moravia,4944,M,16,45103.38333333333,48592.0,28739.400000000005,0,76,1,junior,,,,,Standard
10940,1993-09-13,Monthly statement,50,Svitavy,east Bohemia,13447,F,28,45097.25833333333,58305.799999999996,30652.5,0,84,0,,7226.0,197748.0,A,0.0,Standard
2899,1997-04-03,Monthly statement,40,Teplice,north Bohemia,3504,M,46,45093.39166666666,79359.8,30970.3,0,72,1,classic,,,,,Standard
34,1993-09-17,Weekly statement,67,Bruntal,north Moravia,42,M,63,45083.85,50114.5,38432.5,0,81,1,classic,,,,,Standard
1113,1996-09-23,Monthly statement,8,Mlada Boleslav,central Bohemia,1334,M,20,45079.32499999999,64374.7,27999.6,0,79,0,,,,,,Standard
3012,1997-04-18,Monthly statement,49,Semily,east Bohemia,3638,F,55,45068.541666666664,41907.2,37087.0,0,64,1,classic,,,,,Standard
2206,1995-08-10,Monthly statement,45,Jicin,east Bohemia,2670,M,62,45024.06666666666,56831.399999999994,31551.3,0,69,0,,,,,,Standard
1252,1995-07-26,Weekly statement,13,Rakovnik,central Bohemia,1511,F,36,45007.36666666667,62609.8,26527.899999999998,0,68,0,,5210.0,148140.0,C,0.0,Standard
2519,1993-01-15,Monthly statement,4,Kladno,central Bohemia,3041,F,71,45003.299999999996,50254.4,35350.3,0,64,0,,,,,,Standard
3060,1997-06-09,Monthly statement,73,Opava,north Moravia,3701,F,44,44988.716666666674,43102.9,41562.700000000004,0,64,0,,,,,,Standard
3709,1996-03-05,Monthly statement,74,Ostrava - mesto,north Moravia,4472,M,33,44973.80833333333,52144.9,38424.6,0,108,1,classic,,,,,Standard
1223,1996-08-10,Monthly statement,70,Karvina,north Moravia,1476,M,28,44952.399999999994,57765.299999999996,36828.6,0,86,0,,,,,,Standard
1280,1995-05-03,Monthly statement,70,Karvina,north Moravia,1548,M,75,44934.291666666664,55667.8,36469.4,0,55,0,,,,,,Standard
1515,1993-06-11,Monthly statement,11,Praha - zapad,central Bohemia,1836,F,54,44928.88333333333,32489.899999999994,32066.199999999997,0,105,1,classic,,,,,Standard
1090,1996-10-19,Monthly statement,69,Jesenik,north Moravia,1308,M,44,44922.00833333333,47794.6,31475.8,0,75,0,,,,,,Standard
8523,1996-11-25,Monthly statement,54,Brno - mesto,south Moravia,10517,F,18,44909.01666666667,58785.90000000001,20547.9,0,97,0,,6730.0,93036.0,C,0.0,Standard
3847,1995-06-13,Monthly statement,33,Decin,north Bohemia,4638,F,30,44888.450000000004,67736.09999999999,35213.1,0,94,1,classic,,,,,Standard
2515,1995-10-24,Monthly statement,64,Zlin,south Moravia,3037,M,56,44875.10833333334,42983.5,22014.8,0,68,1,classic,,,,,Standard
824,1996-03-21,Monthly statement,32,Ceska Lipa,north Bohemia,991,M,57,44874.083333333336,54068.6,24094.2,0,70,0,,,,,,Standard
2855,1995-08-21,Monthly statement,27,Plzen - jih,west Bohemia,3449,M,70,44860.475,50719.700000000004,37495.9,0,54,0,,,,,,Standard
3779,1995-07-08,Monthly statement,74,Ostrava - mesto,north Moravia,4556,M,28,44853.05833333333,59153.5,28422.8,0,96,0,,,,,,Standard
1545,1993-03-08,Monthly statement,1,Hl.m. Praha,Prague,1874,M,52,44846.38333333334,61549.40000000001,16189.80000000001,0,80,0,,,,,,Standard
1804,1993-09-23,Weekly statement,20,Strakonice,south Bohemia,2185,F,41,44833.791666666664,57171.5,29885.999999999996,0,60,0,,,,,,Standard
2745,1997-09-28,Monthly statement,60,Prostejov,south Moravia,3313,F,52,44816.89166666667,62774.3,19435.000000000004,0,94,0,,,,,,Standard
10202,1996-07-08,Monthly statement,70,Karvina,north Moravia,12547,F,35,44782.26666666667,33738.200000000004,33738.200000000004,0,85,0,,7085.0,305424.0,C,0.0,Standard
1197,1993-09-07,Monthly statement,68,Frydek - Mistek,north Moravia,1445,M,57,44778.875,46410.299999999996,41400.799999999996,0,73,1,classic,,,,,Standard
4437,1993-09-24,Monthly statement,40,Teplice,north Bohemia,5352,F,22,44776.56666666667,35367.200000000004,21405.500000000004,0,66,0,,,,,,Standard
3950,1997-09-01,Monthly statement,48,Rychnov nad Kneznou,east Bohemia,4765,M,63,44771.799999999996,72779.2,34017.200000000004,0,69,1,classic,,,,,Standard
3523,1996-05-14,Monthly statement,65,Znojmo,south Moravia,4254,M,26,44768.14166666666,41105.9,41105.9,0,13,0,,,,,,Standard
6353,1993-11-26,Monthly statement,26,Plzen - mesto,west Bohemia,7672,M,45,44754.100000000006,66201.1,26179.2,0,93,1,classic,6294.0,79920.0,C,0.0,Standard
2041,1995-07-05,Monthly statement,48,Rychnov nad Kneznou,east Bohemia,2478,F,58,44734.51666666666,57914.1,28859.2,0,60,1,classic,,,,,Standard
4415,1995-07-05,Monthly statement,73,Opava,north Moravia,5322,F,42,44703.53333333333,46492.700000000004,29467.500000000004,0,120,0,,5878.0,74040.0,A,0.0,Standard
70,1995-02-18,Monthly statement,8,Mlada Boleslav,central Bohemia,81,M,22,44703.21666666667,42423.3,34022.3,0,67,0,,,,,,Standard
2197,1997-07-26,Monthly statement,46,Nachod,east Bohemia,2659,M,57,44651.549999999996,59147.3,30837.0,0,71,1,classic,,,,,Standard
2957,1995-07-28,Monthly statement,25,Klatovy,west Bohemia,3571,M,28,44637.38333333333,56778.8,29505.399999999998,0,70,0,,,,,,Standard
2367,1995-03-04,Monthly statement,28,Plzen - sever,west Bohemia,2860,M,40,44637.25833333333,57085.0,33617.5,0,79,0,,,,,,Standard
2857,1997-04-28,Monthly statement,19,Prachatice,south Bohemia,3451,M,24,44613.5,24954.500000000004,18320.000000000004,0,92,0,,,,,,Standard
140,1996-06-25,Monthly statement,24,Karlovy Vary,west Bohemia,168,F,22,44602.958333333336,47564.2,32432.0,0,29,0,,,,,,Standard
1444,1996-06-16,Monthly statement,70,Karvina,north Moravia,1752,M,20,44600.125,58109.3,27138.7,0,74,0,,,,,,Standard
3596,1996-04-23,Monthly statement,59,Kromeriz,south Moravia,4339,F,21,44590.78333333333,49780.0,32377.899999999998,0,62,0,,,,,,Standard
8489,1993-09-18,Monthly statement,19,Prachatice,south Bohemia,10475,F,50,44547.35833333333,66030.0,31254.399999999998,0,83,0,,6725.0,265320.0,A,0.0,Standard
6806,1993-11-26,Monthly statement,1,Hl.m. Praha,Prague,8217,M,20,44528.666666666664,58799.600000000006,28238.200000000004,0,70,1,junior,,,,,Standard
4309,1997-06-25,Weekly statement,74,Ostrava - mesto,north Moravia,5189,F,37,44511.07499999999,47729.2,40444.2,0,23,0,,,,,,Standard
4715,1996-10-28,Monthly statement,8,Mlada Boleslav,central Bohemia,5684,F,43,44497.99166666666,33538.1,22616.899999999998,0,71,1,classic,5953.0,97176.0,C,0.0,Standard
2007,1997-09-29,Monthly statement,45,Jicin,east Bohemia,2437,M,62,44494.1,69517.8,22782.3,0,83,0,,,,,,Standard
1035,1997-04-18,Monthly statement,73,Opava,north Moravia,1242,F,54,44491.98333333333,56436.0,23485.6,0,83,1,classic,,,,,Standard
3970,1995-11-28,Monthly statement,24,Karlovy Vary,west Bohemia,4789,F,58,44491.83333333334,55647.00000000001,24166.100000000006,0,81,1,classic,,,,,Standard
97,1996-05-05,Monthly statement,74,Ostrava - mesto,north Moravia,116,M,56,44479.05000000001,52584.00000000001,34580.100000000006,0,110,1,classic,4986.0,102876.0,A,0.0,Standard
1578,1994-12-01,Monthly statement,48,Rychnov nad Kneznou,east Bohemia,1911,F,60,44425.375,51156.2,37271.4,0,62,0,,,,,,Standard
1450,1996-04-07,Monthly statement,63,Vyskov,south Moravia,1759,F,75,44404.56666666667,53500.0,37662.0,0,64,1,classic,,,,,Standard
1906,1996-08-01,Monthly statement,1,Hl.m. Praha,Prague,2316,M,28,44396.708333333336,38787.5,22319.5,0,96,0,,5343.0,44952.0,C,0.0,Standard
3928,1996-05-08,Monthly statement,24,Karlovy Vary,west Bohemia,4737,F,17,44385.43333333333,40417.6,35207.0,0,61,0,,,,,,Standard
1313,1997-10-01,Monthly statement,45,Jicin,east Bohemia,1588,M,48,44366.041666666664,41826.1,19690.5,0,85,0,,,,,,Standard
2449,1997-08-05,Monthly statement,23,Cheb,west Bohemia,2957,M,20,44355.88333333333,55718.3,28500.0,0,22,0,,,,,,Standard
2337,1997-07-07,Monthly statement,65,Znojmo,south Moravia,2825,M,40,44331.94166666667,55494.4,28460.600000000002,0,86,0,,,,,,Standard
1938,1994-06-25,Monthly statement,1,Hl.m. Praha,Prague,2354,M,31,44303.975,67291.9,26525.2,0,72,0,,,,,,Standard
3809,1996-11-21,Monthly statement,1,Hl.m. Praha,Prague,4590,M,62,44294.10833333333,60414.5,21398.8,0,98,0,,,,,,Standard
3921,1994-07-17,Monthly statement,18,Pisek,south Bohemia,4729,M,53,44293.89166666666,32417.199999999993,28398.099999999995,0,58,0,,,,,,Standard
2741,1993-06-07,Monthly statement,15,Cesky Krumlov,south Bohemia,3308,M,50,44288.77499999999,32560.49999999999,29325.099999999988,0,48,1,classic,,,,,Standard
1944,1993-02-12,Monthly statement,72,Olomouc,north Moravia,2363,M,51,44287.88333333333,55690.6,27264.699999999997,0,73,1,classic,,,,,Standard
25,1996-07-28,Monthly statement,68,Frydek - Mistek,north Moravia,31,M,36,44267.225,30199.1,19429.899999999998,0,104,0,,4962.0,30276.0,A,0.0,Standard
4948,1995-07-29,Monthly statement,43,Hradec Kralove,east Bohemia,5977,M,19,44256.84166666667,62312.399999999994,26646.099999999995,0,85,0,,6006.0,359760.0,C,0.0,Standard
11042,1995-01-29,Monthly statement,72,Olomouc,north Moravia,13576,M,24,44249.4,45774.9,28871.2,0,84,1,classic,7243.0,217152.0,A,0.0,Standard
3270,1995-08-08,Monthly statement,30,Sokolov,west Bohemia,3959,F,28,44245.40833333333,65717.3,37734.4,0,63,1,classic,,,,,Standard
2431,1995-02-23,Monthly statement,74,Ostrava - mesto,north Moravia,2937,M,49,44241.63333333333,56580.9,30547.9,0,99,0,,,,,,Standard
3602,1996-12-03,Monthly statement,18,Pisek,south Bohemia,4345,F,24,44208.333333333336,78165.4,22430.500000000004,0,71,1,classic,,,,,Standard
6505,1997-09-13,Monthly statement,7,Melnik,central Bohemia,7855,F,34,44192.375,39932.4,16346.8,0,40,1,classic,6321.0,38496.0,C,0.0,Standard
856,1996-03-03,Monthly statement,2,Benesov,central Bohemia,1031,F,30,44152.88333333333,42626.4,39233.4,0,98,1,classic,,,,,Standard
177,1997-09-26,Monthly statement,1,Hl.m. Praha,Prague,216,M,38,44074.76666666667,62371.200000000004,34989.8,0,49,0,,,,,,Standard
1508,1996-01-22,Monthly statement,69,Jesenik,north Moravia,1828,M,36,44070.74166666666,32066.799999999996,5381.499999999994,0,57,0,,,,,,Standard
3324,1997-10-17,Monthly statement,3,Beroun,central Bohemia,4018,F,18,44052.15833333333,57240.0,30756.8,0,70,1,junior,,,,,Standard
1743,1993-06-04,Monthly statement,51,Trutnov,east Bohemia,2114,M,80,44049.299999999996,49212.6,37167.9,0,56,0,,,,,,Standard
360,1996-05-14,Monthly statement,32,Ceska Lipa,north Bohemia,438,M,60,43999.924999999996,55342.7,23500.2,0,55,1,classic,,,,,Standard
1956,1997-05-23,Monthly statement,63,Vyskov,south Moravia,2378,F,45,43987.26666666666,45760.4,26334.6,0,73,0,,,,,,Standard
1214,1997-01-19,Monthly statement,39,Most,north Bohemia,1466,M,45,43974.46666666667,52345.1,37244.6,0,63,0,,,,,,Standard
3342,1997-10-06,Monthly statement,59,Kromeriz,south Moravia,4040,F,37,43948.30833333333,38229.1,27730.5,0,59,0,,,,,,Standard
581,1996-10-13,Monthly statement,26,Plzen - mesto,west Bohemia,699,F,76,43942.416666666664,51693.2,31222.1,0,54,0,,,,,,Standard
312,1996-01-03,Monthly statement,41,Usti nad Labem,north Bohemia,380,M,25,43939.13333333333,60277.3,26682.0,0,71,0,,,,,,Standard
847,1996-07-21,Monthly statement,2,Benesov,central Bohemia,1021,M,21,43933.73333333334,55787.100000000006,18507.699999999997,0,65,0,,,,,,Standard
1483,1996-01-09,Monthly statement,10,Praha - vychod,central Bohemia,1796,M,60,43910.208333333336,58298.700000000004,24239.2,0,85,0,,,,,,Standard
2974,1993-03-13,Monthly statement,9,Nymburk,central Bohemia,3591,M,68,43879.0,48784.5,37483.3,0,61,0,,,,,,Standard
2956,1997-06-10,Monthly statement,15,Cesky Krumlov,south Bohemia,3570,F,53,43861.96666666667,57217.5,26173.5,0,70,0,,,,,,Standard
673,1997-12-08,Monthly statement,31,Tachov,west Bohemia,808,M,35,43825.950000000004,40046.6,34123.2,0,57,1,classic,,,,,Standard
5181,1996-02-03,Monthly statement,75,Prerov,north Moravia,6257,F,56,43807.241666666676,24099.100000000006,24099.100000000006,0,58,0,,6055.0,399120.0,C,0.0,Standard
3559,1995-12-30,Monthly statement,18,Pisek,south Bohemia,4295,M,38,43801.61666666667,60777.0,35296.2,0,69,1,classic,,,,,Standard
10478,1996-02-24,Weekly statement,70,Karvina,north Moravia,12890,F,40,43769.18333333333,31107.499999999996,8886.599999999997,0,82,0,,7147.0,267600.0,C,0.0,Standard
260,1995-10-14,Monthly statement,24,Karlovy Vary,west Bohemia,313,F,56,43762.35,40815.799999999996,35431.5,0,75,0,,,,,,Standard
1983,1997-12-25,Monthly statement,54,Brno - mesto,south Moravia,2409,M,34,43755.21666666667,78363.2,25371.3,0,48,0,,,,,,Standard
3321,1995-04-18,Monthly statement,17,Pelhrimov,south Bohemia,4014,M,18,43692.44166666667,40445.8,30429.9,0,75,0,,,,,,Standard
2398,1996-11-25,Monthly statement,70,Karvina,north Moravia,2895,F,21,43688.00833333333,46957.2,22281.600000000002,0,77,0,,,,,,Standard
1876,1997-09-20,Monthly statement,1,Hl.m. Praha,Prague,2277,M,19,43679.791666666664,48903.2,23774.0,0,82,1,junior,5334.0,209040.0,C,0.0,Standard
641,1997-06-22,Monthly statement,40,Teplice,north Bohemia,769,M,21,43677.625,46511.4,26856.0,0,73,1,classic,,,,,Standard
3127,1993-08-08,Monthly statement,66,Zdar nad Sazavou,south Moravia,3782,M,18,43677.475,40042.200000000004,12326.599999999999,0,81,1,junior,,,,,Standard
2091,1996-09-25,Monthly statement,1,Hl.m. Praha,Prague,2534,M,55,43672.26666666667,51409.1,26569.9,0,61,0,,,,,,Standard
2701,1993-07-27,Monthly statement,71,Novy Jicin,north Moravia,3259,M,48,43662.64166666667,50327.6,28732.9,0,86,1,classic,,,,,Standard
719,1993-12-21,Monthly statement,30,Sokolov,west Bohemia,862,M,46,43642.808333333334,60812.9,35348.8,0,73,0,,,,,,Standard
3048,1997-12-26,Weekly statement,74,Ostrava - mesto,north Moravia,3685,M,24,43641.416666666664,75106.6,23720.5,0,35,0,,,,,,Standard
6922,1997-05-12,Weekly statement,3,Beroun,central Bohemia,8356,M,29,43623.64166666667,79937.5,3165.7000000000053,0,77,0,,6402.0,139488.0,C,0.0,Standard
1395,1995-11-21,Monthly statement,1,Hl.m. Praha,Prague,1689,M,62,43616.34166666667,51689.6,29025.0,0,70,0,,,,,,Standard
872,1997-01-18,Monthly statement,27,Plzen - jih,west Bohemia,1050,F,27,43582.9,46336.7,28667.1,0,74,0,,,,,,Standard
848,1996-06-16,Monthly statement,31,Tachov,west Bohemia,1022,M,58,43582.85833333333,55070.1,27266.399999999998,0,91,0,,,,,,Standard
2210,1996-08-13,Monthly statement,31,Tachov,west Bohemia,2675,M,74,43531.65,50680.5,38565.1,0,57,0,,,,,,Standard
1342,1997-10-09,Monthly statement,9,Nymburk,central Bohemia,1624,M,33,43520.833333333336,37162.3,19023.500000000004,0,89,0,,,,,,Standard
2540,1995-04-01,Monthly statement,54,Brno - mesto,south Moravia,3066,F,16,43516.64166666666,43790.0,32635.6,0,74,1,junior,,,,,Standard
9034,1993-06-28,Monthly statement,1,Hl.m. Praha,Prague,11126,F,33,43505.25833333334,38820.4,34116.600000000006,0,118,0,,6820.0,38148.0,A,0.0,Standard
1040,1996-05-18,Monthly statement,19,Prachatice,south Bohemia,1248,M,27,43492.708333333336,42139.0,16048.400000000001,0,65,0,,,,,,Standard
3982,1993-07-27,Monthly statement,26,Plzen - mesto,west Bohemia,4802,M,27,43479.708333333336,47821.6,38039.6,0,61,0,,,,,,Standard
5650,1995-01-08,Statement after transaction,10,Praha - vychod,central Bohemia,6829,F,35,43463.10833333333,42776.0,31585.4,0,87,0,,6157.0,98592.0,A,0.0,Standard
1722,1996-03-11,Monthly statement,32,Ceska Lipa,north Bohemia,2088,F,50,43454.583333333336,65591.8,27946.100000000002,0,71,0,,,,,,Standard
1863,1997-04-01,Monthly statement,62,Uherske Hradiste,south Moravia,2260,F,36,43449.18333333333,56048.1,22074.0,0,94,0,,,,,,Standard
2782,1997-02-27,Monthly statement,1,Hl.m. Praha,Prague,3359,M,53,43448.625,56024.7,23030.499999999996,0,63,0,,,,,,Standard
845,1997-12-27,Monthly statement,14,Ceske Budejovice,south Bohemia,1019,F,52,43431.8,73258.6,20228.3,0,55,1,classic,,,,,Standard
376,1995-03-05,Monthly statement,25,Klatovy,west Bohemia,456,M,58,43425.174999999996,68647.59999999999,26514.199999999997,0,72,0,,,,,,Standard
2063,1993-12-04,Monthly statement,1,Hl.m. Praha,Prague,2502,F,63,43421.775,40138.7,37441.9,0,66,1,classic,,,,,Standard
1491,1997-06-11,Monthly statement,47,Pardubice,east Bohemia,1807,M,63,43414.39166666667,51410.8,20126.9,0,75,1,classic,,,,,Standard
4195,1994-05-21,Monthly statement,67,Bruntal,north Moravia,5056,F,41,43401.17500000001,49498.90000000001,31676.60000000001,0,60,0,,,,,,Standard
2268,1995-02-11,Monthly statement,1,Hl.m. Praha,Prague,2746,M,27,43379.87499999999,74334.8,36709.2,0,78,0,,5429.0,20196.0,C,0.0,Standard
1396,1996-06-26,Monthly statement,46,Nachod,east Bohemia,1690,F,51,43355.98333333333,33541.0,25586.199999999997,0,75,1,classic,,,,,Standard
1523,1997-11-24,Statement after transaction,52,Usti nad Orlici,east Bohemia,1847,F,19,43347.85,21067.799999999996,20717.299999999996,0,73,0,,,,,,Standard
798,1996-04-22,Monthly statement,1,Hl.m. Praha,Prague,956,M,32,43344.325000000004,49593.4,37289.6,0,73,0,,,,,,Standard
2699,1996-12-25,Monthly statement,73,Opava,north Moravia,3257,F,20,43329.366666666676,52446.8,21311.4,0,103,1,junior,5520.0,231168.0,C,0.0,Standard
1841,1997-06-12,Monthly statement,36,Liberec,north Bohemia,2232,M,31,43321.975,45660.1,34411.2,0,76,1,classic,,,,,Standard
1095,1997-06-18,Monthly statement,54,Brno - mesto,south Moravia,1313,M,28,43317.84166666667,43102.6,33121.8,0,108,0,,,,,,Standard
3894,1996-09-25,Monthly statement,52,Usti nad Orlici,east Bohemia,4695,M,73,43279.36666666667,52632.9,32228.600000000002,0,71,0,,,,,,Standard
255,1996-11-03,Monthly statement,68,Frydek - Mistek,north Moravia,308,F,22,43252.50833333334,101533.90000000001,19386.100000000002,0,79,0,,,,,,Standard
3157,1993-09-10,Monthly statement,77,Vsetin,north Moravia,3817,F,61,43247.25,46098.7,35229.4,0,78,0,,,,,,Standard
679,1997-07-12,Monthly statement,22,Domazlice,west Bohemia,815,F,34,43245.90833333333,60322.0,21623.800000000003,0,99,0,,,,,,Standard
8688,1996-11-22,Monthly statement,66,Zdar nad Sazavou,south Moravia,10714,F,52,43233.88333333334,56432.8,33687.9,0,83,0,,6753.0,67980.0,A,0.0,Standard
1498,1997-02-07,Weekly statement,62,Uherske Hradiste,south Moravia,1816,M,47,43231.77500000001,68840.90000000001,2913.8000000000075,0,99,0,,5265.0,165780.0,C,0.0,Standard
1897,1996-03-05,Statement after transaction,61,Trebic,south Moravia,2303,F,59,43223.833333333336,24587.099999999995,16115.200000000003,0,96,0,,,,,,Standard
1790,1997-09-08,Monthly statement,70,Karvina,north Moravia,2170,M,56,43218.15,51365.1,38233.4,0,82,0,,,,,,Standard
3806,1996-04-18,Monthly statement,36,Liberec,north Bohemia,4587,F,20,43213.43333333333,54478.0,30767.499999999996,0,87,1,junior,,,,,Standard
2944,1996-01-11,Monthly statement,22,Domazlice,west Bohemia,3554,F,33,43211.35833333333,46469.9,34099.0,0,81,0,,,,,,Standard
1991,1996-11-16,Monthly statement,1,Hl.m. Praha,Prague,2419,F,44,43170.56666666667,87581.3,17561.300000000003,0,96,0,,,,,,Standard
2568,1994-03-02,Monthly statement,17,Pelhrimov,south Bohemia,3099,M,33,43157.19166666667,67742.6,28292.100000000002,0,95,0,,,,,,Standard
3739,1997-03-25,Monthly statement,1,Hl.m. Praha,Prague,4512,M,35,43154.333333333336,46637.4,38247.8,0,54,0,,,,,,Standard
3539,1994-06-08,Monthly statement,42,Havlickuv Brod,east Bohemia,4272,F,20,43151.774999999994,39845.49999999999,26072.499999999996,0,63,0,,,,,,Standard
2483,1996-09-29,Monthly statement,1,Hl.m. Praha,Prague,2998,M,37,43149.05,61554.8,34607.6,0,84,1,classic,,,,,Standard
2847,1994-05-08,Monthly statement,75,Prerov,north Moravia,3441,M,40,43136.25833333333,48770.7,33132.6,0,72,0,,,,,,Standard
425,1993-03-19,Monthly statement,9,Nymburk,central Bohemia,511,M,39,43127.6,32019.499999999996,30822.399999999998,0,95,0,,,,,,Standard
3767,1995-11-15,Monthly statement,1,Hl.m. Praha,Prague,4543,M,57,43087.35,62224.6,29580.7,0,78,1,classic,,,,,Standard
374,1993-01-09,Monthly statement,38,Louny,north Bohemia,454,F,49,43071.30000000001,45679.00000000001,7944.900000000008,0,64,0,,,,,,Standard
1682,1995-12-22,Monthly statement,49,Semily,east Bohemia,2042,M,16,43060.53333333333,38797.5,36633.4,0,62,0,,,,,,Standard
290,1993-12-02,Monthly statement,56,Breclav,south Moravia,352,M,58,43050.24166666666,37213.1,27188.299999999992,0,85,0,,5032.0,123696.0,A,0.0,Standard
1943,1996-11-26,Monthly statement,9,Nymburk,central Bohemia,2361,M,30,43046.441666666666,45294.8,31138.2,0,108,1,classic,,,,,Standard
7049,1997-10-12,Monthly statement,69,Jesenik,north Moravia,8506,F,19,43036.00833333334,38874.2,13012.200000000003,0,68,1,junior,6436.0,495180.0,C,0.0,Standard
1104,1995-12-07,Monthly statement,39,Most,north Bohemia,1325,M,53,43025.43333333333,50919.799999999996,29760.3,0,73,0,,,,,,Standard
2418,1996-10-29,Monthly statement,64,Zlin,south Moravia,2921,F,22,43002.44999999999,75843.0,21679.699999999993,0,76,1,classic,,,,,Standard
877,1996-05-29,Monthly statement,1,Hl.m. Praha,Prague,1056,M,35,42963.375,42870.0,30982.8,0,83,1,classic,,,,,Standard
184,1996-02-21,Monthly statement,77,Vsetin,north Moravia,224,M,43,42956.10833333333,67050.4,24562.7,0,61,0,,,,,,Standard
189,1997-04-16,Monthly statement,76,Sumperk,north Moravia,229,M,29,42927.041666666664,71269.4,15030.1,0,98,0,,,,,,Standard
5194,1995-05-05,Statement after transaction,1,Hl.m. Praha,Prague,6272,M,56,42913.94999999999,31338.89999999999,31338.89999999999,0,81,0,,,,,,Standard
1369,1996-03-23,Monthly statement,32,Ceska Lipa,north Bohemia,1657,M,63,42907.575000000004,54417.8,20759.7,0,85,0,,,,,,Standard
5546,1993-05-28,Monthly statement,43,Hradec Kralove,east Bohemia,6698,F,46,42874.90833333333,61143.3,3981.700000000002,0,63,0,,,,,,Standard
1795,1997-08-21,Monthly statement,53,Blansko,south Moravia,2175,F,56,42852.299999999996,57382.9,32457.4,0,70,1,classic,,,,,Standard
2676,1993-01-22,Monthly statement,73,Opava,north Moravia,3231,M,37,42814.24166666667,58126.7,29007.399999999998,0,93,0,,,,,,Standard
3509,1993-09-05,Monthly statement,2,Benesov,central Bohemia,4237,F,75,42806.333333333336,48316.5,34836.2,0,58,0,,,,,,Standard
3794,1997-02-03,Monthly statement,20,Strakonice,south Bohemia,4574,F,32,42794.058333333334,75398.8,32163.7,0,65,0,,,,,,Standard
282,1997-05-12,Monthly statement,69,Jesenik,north Moravia,341,M,21,42790.00833333333,52926.4,32183.8,0,81,0,,,,,,Standard
1854,1997-02-02,Monthly statement,32,Ceska Lipa,north Bohemia,2249,F,53,42781.041666666664,41053.09999999999,36574.399999999994,0,74,0,,,,,,Standard
10911,1993-05-29,Weekly statement,1,Hl.m. Praha,Prague,13412,M,44,42771.08333333333,48019.7,22279.199999999997,0,89,0,,7220.0,131292.0,A,0.0,Standard
2242,1993-02-25,Weekly statement,7,Melnik,central Bohemia,2715,M,41,42758.966666666674,100172.8,26356.00000000001,0,74,1,gold,,,,,Standard
4320,1996-07-23,Monthly statement,61,Trebic,south Moravia,5203,F,53,42755.55833333334,40027.600000000006,-1494.2999999999943,1,83,0,,5856.0,51360.0,B,1.0,Standard
2035,1996-05-10,Monthly statement,53,Blansko,south Moravia,2470,M,55,42742.583333333336,75391.9,34312.4,0,120,0,,5360.0,176328.0,C,0.0,Standard
1294,1994-11-27,Monthly statement,71,Novy Jicin,north Moravia,1565,M,38,42719.10833333333,60080.2,26917.0,0,75,0,,,,,,Standard
942,1993-08-16,Monthly statement,9,Nymburk,central Bohemia,1136,F,22,42715.61666666667,74108.3,31095.4,0,75,0,,,,,,Standard
3186,1995-05-28,Monthly statement,10,Praha - vychod,central Bohemia,3852,F,46,42712.433333333334,52446.700000000004,24751.600000000002,0,75,0,,,,,,Standard
3401,1997-10-04,Weekly statement,38,Louny,north Bohemia,4112,M,24,42705.916666666664,23770.399999999998,20942.1,0,62,1,classic,,,,,Standard
2994,1996-05-03,Monthly statement,77,Vsetin,north Moravia,3616,F,34,42690.11666666666,38418.299999999996,35325.7,0,84,1,classic,5586.0,48744.0,C,0.0,Standard
1603,1993-05-09,Monthly statement,1,Hl.m. Praha,Prague,1944,F,41,42586.43333333333,63752.799999999996,32933.49999999999,0,91,0,,5285.0,78936.0,A,0.0,Standard
8153,1997-07-02,Monthly statement,9,Nymburk,central Bohemia,10070,M,24,42579.03333333333,72964.4,6678.399999999996,0,92,0,,,,,,Standard
1358,1996-04-21,Monthly statement,39,Most,north Bohemia,1645,F,37,42568.59166666667,38969.9,33207.9,0,73,0,,,,,,Standard
1436,1994-12-07,Monthly statement,3,Beroun,central Bohemia,1743,M,39,42538.275,50407.3,32147.800000000003,0,70,0,,,,,,Standard
2285,1996-11-21,Monthly statement,36,Liberec,north Bohemia,2765,F,17,42531.74166666667,50195.9,16884.3,0,68,0,,,,,,Standard
3665,1997-06-28,Monthly statement,28,Plzen - sever,west Bohemia,4418,M,28,42530.03333333333,32296.6,28122.2,0,53,0,,,,,,Standard
9883,1993-03-19,Monthly statement,1,Hl.m. Praha,Prague,12163,M,44,42521.83333333333,45968.6,9408.099999999993,0,103,0,,,,,,Standard
218,1996-02-06,Monthly statement,68,Frydek - Mistek,north Moravia,263,M,36,42519.68333333334,25469.000000000015,95.90000000001183,0,93,0,,,,,,Standard
4013,1993-10-08,Statement after transaction,73,Opava,north Moravia,4836,M,46,42504.50833333334,58318.3,22613.0,0,74,0,,,,,,Standard
600,1997-03-13,Monthly statement,46,Nachod,east Bohemia,719,M,24,42495.275,47360.2,25047.199999999997,0,73,1,classic,,,,,Standard
2870,1996-06-18,Monthly statement,1,Hl.m. Praha,Prague,3469,F,23,42487.50833333333,44120.2,34791.2,0,73,0,,,,,,Standard
252,1996-12-26,Monthly statement,19,Prachatice,south Bohemia,304,F,64,42433.041666666664,50468.2,35302.799999999996,0,64,0,,,,,,Standard
2037,1993-05-06,Monthly statement,20,Strakonice,south Bohemia,2473,F,22,42372.13333333334,65986.7,30530.5,0,79,0,,,,,,Standard
3383,1997-09-28,Monthly statement,29,Rokycany,west Bohemia,4091,F,16,42367.28333333333,48814.3,26935.4,0,77,1,junior,,,,,Standard
1793,1995-06-10,Monthly statement,56,Breclav,south Moravia,2173,F,47,42357.649999999994,50708.7,34154.299999999996,0,73,0,,,,,,Standard
3407,1993-08-24,Monthly statement,28,Plzen - sever,west Bohemia,4118,M,20,42313.60833333333,66841.7,10103.1,0,80,0,,,,,,Standard
3591,1996-06-09,Statement after transaction,1,Hl.m. Praha,Prague,4333,M,40,42307.06666666667,55876.40000000001,21149.300000000007,0,65,1,classic,,,,,Standard
3577,1997-05-11,Monthly statement,74,Ostrava - mesto,north Moravia,4315,F,39,42306.558333333334,57078.1,26611.0,0,74,0,,,,,,Standard
4995,1994-08-01,Weekly statement,20,Strakonice,south Bohemia,6034,M,59,42274.924999999996,42395.899999999994,6225.5,0,79,0,,6013.0,128988.0,D,1.0,Standard
1764,1997-09-04,Monthly statement,68,Frydek - Mistek,north Moravia,2138,M,18,42274.425,59926.6,24989.9,0,72,1,junior,,,,,Standard
698,1996-09-29,Monthly statement,71,Novy Jicin,north Moravia,837,M,24,42246.425,52207.200000000004,27033.0,0,69,0,,,,,,Standard
401,1993-01-18,Monthly statement,32,Ceska Lipa,north Bohemia,485,M,20,42203.308333333334,37755.6,17506.2,0,69,0,,,,,,Standard
3405,1994-03-07,Monthly statement,36,Liberec,north Bohemia,4116,M,62,42196.40833333333,63353.6,33061.7,0,74,1,classic,,,,,Standard
1160,1996-07-29,Weekly statement,39,Most,north Bohemia,1396,F,52,42179.35,62951.6,27681.999999999996,0,97,1,classic,,,,,Standard
3506,1997-05-08,Monthly statement,70,Karvina,north Moravia,4234,F,26,42115.725,54383.200000000004,26847.0,0,80,0,,,,,,Standard
2659,1996-03-30,Monthly statement,14,Ceske Budejovice,south Bohemia,3210,M,35,42101.84166666667,45579.8,25581.2,0,61,0,,,,,,Standard
1425,1993-07-06,Monthly statement,76,Sumperk,north Moravia,1729,M,51,42078.88333333333,52187.6,23650.399999999998,0,75,0,,,,,,Standard
2503,1993-03-05,Monthly statement,1,Hl.m. Praha,Prague,3021,M,37,42061.049999999996,64147.299999999996,31435.0,0,66,0,,,,,,Standard
2752,1996-05-15,Monthly statement,74,Ostrava - mesto,north Moravia,3323,F,17,42060.758333333324,39665.899999999994,34463.99999999999,0,79,0,,,,,,Standard
9703,1993-07-15,Monthly statement,68,Frydek - Mistek,north Moravia,11943,M,37,42032.59166666668,74315.30000000002,24369.100000000013,0,87,0,,,,,,Standard
263,1997-01-03,Weekly statement,64,Zlin,south Moravia,317,F,41,42024.89166666667,50907.0,29279.1,0,75,0,,,,,,Standard
3738,1993-08-01,Monthly statement,51,Trutnov,east Bohemia,4511,F,53,42013.50833333334,51969.200000000004,29002.4,0,65,0,,,,,,Standard
2751,1995-04-28,Monthly statement,31,Tachov,west Bohemia,3322,M,50,41998.10833333333,50528.6,26485.899999999998,0,84,0,,,,,,Standard
1725,1995-07-03,Statement after transaction,72,Olomouc,north Moravia,2092,M,53,41988.75,27281.100000000002,26341.800000000003,0,70,0,,,,,,Standard
56,1994-05-16,Monthly statement,50,Svitavy,east Bohemia,65,F,55,41980.01666666667,57568.4,30626.4,0,68,0,,,,,,Standard
802,1994-12-20,Monthly statement,15,Cesky Krumlov,south Bohemia,961,F,67,41932.28333333333,44912.3,36853.1,0,69,0,,,,,,Standard
3700,1997-06-03,Monthly statement,1,Hl.m. Praha,Prague,4462,M,21,41924.98333333333,70249.4,26030.499999999996,0,73,0,,,,,,Standard
4462,1995-12-27,Weekly statement,73,Opava,north Moravia,5384,M,63,41913.200000000004,23779.100000000006,-2710.0000000000064,1,88,0,,5892.0,66480.0,B,1.0,Standard
1387,1997-01-01,Monthly statement,67,Bruntal,north Moravia,1679,F,56,41902.041666666664,48891.3,29676.2,0,21,0,,,,,,Standard
1679,1996-09-05,Monthly statement,68,Frydek - Mistek,north Moravia,2039,F,29,41898.84166666667,50417.0,36885.4,0,70,0,,,,,,Standard
2898,1996-11-23,Monthly statement,54,Brno - mesto,south Moravia,3502,M,46,41886.5,38402.700000000004,35094.4,0,69,0,,,,,,Standard
3675,1993-03-20,Monthly statement,64,Zlin,south Moravia,4429,M,53,41862.5,32682.300000000003,30124.9,0,80,1,classic,,,,,Standard
1389,1997-08-05,Monthly statement,34,Chomutov,north Bohemia,1681,M,58,41861.425,63132.200000000004,14249.100000000002,0,91,0,,5241.0,125472.0,C,0.0,Standard
503,1996-08-08,Monthly statement,1,Hl.m. Praha,Prague,605,F,28,41859.833333333336,51549.0,37201.3,0,69,1,classic,,,,,Standard
3084,1996-01-28,Weekly statement,59,Kromeriz,south Moravia,3730,F,53,41832.75833333334,69241.7,10278.400000000001,0,86,0,,5606.0,253512.0,D,1.0,Standard
654,1994-10-16,Monthly statement,63,Vyskov,south Moravia,785,M,64,41832.058333333334,44405.4,38241.0,0,62,0,,,,,,Standard
2174,1997-10-24,Monthly statement,18,Pisek,south Bohemia,2631,M,28,41830.625,26849.2,24660.7,0,51,0,,,,,,Standard
3221,1993-08-17,Monthly statement,5,Kolin,central Bohemia,3896,M,75,41789.575000000004,45842.2,34188.6,0,76,1,classic,,,,,Standard
2866,1995-09-13,Monthly statement,43,Hradec Kralove,east Bohemia,3464,M,45,41761.675,36677.200000000004,27798.9,0,71,0,,,,,,Standard
250,1997-05-10,Monthly statement,56,Breclav,south Moravia,302,M,27,41746.98333333334,48645.700000000004,25593.8,0,70,0,,,,,,Standard
2787,1997-12-07,Monthly statement,1,Hl.m. Praha,Prague,3365,F,32,41726.06666666667,39685.9,21343.500000000004,0,58,0,,,,,,Standard
2062,1996-03-06,Monthly statement,70,Karvina,north Moravia,2501,F,58,41719.083333333336,35805.3,25347.9,0,102,1,classic,5366.0,86184.0,A,0.0,Standard
2895,1993-03-09,Monthly statement,19,Prachatice,south Bohemia,3499,M,29,41709.03333333333,53613.799999999996,24064.799999999996,0,72,0,,,,,,Standard
4527,1997-06-01,Monthly statement,9,Nymburk,central Bohemia,5461,F,30,41708.175,23650.7,23650.7,0,66,1,classic,,,,,Standard
998,1993-11-11,Monthly statement,47,Pardubice,east Bohemia,1202,F,18,41701.275,22380.300000000003,17399.200000000008,0,61,1,junior,,,,,Standard
598,1997-02-08,Monthly statement,1,Hl.m. Praha,Prague,716,F,44,41682.975,60389.9,16597.7,0,72,1,classic,,,,,Standard
1635,1993-12-29,Monthly statement,19,Prachatice,south Bohemia,1981,F,28,41682.23333333333,49675.0,31923.1,0,68,0,,,,,,Standard
5742,1995-07-05,Statement after transaction,74,Ostrava - mesto,north Moravia,6946,F,28,41672.916666666664,26154.5,26154.5,0,61,0,,6178.0,232560.0,C,0.0,Standard
3192,1996-07-28,Monthly statement,18,Pisek,south Bohemia,3858,F,50,41661.46666666667,56465.8,26206.400000000005,0,86,1,classic,,,,,Standard
2458,1993-03-14,Weekly statement,40,Teplice,north Bohemia,2968,M,36,41654.60833333334,33955.00000000001,24120.90000000001,0,56,0,,,,,,Standard
1767,1993-10-20,Monthly statement,21,Tabor,south Bohemia,2142,F,57,41653.81666666666,48113.69999999999,25921.799999999992,0,90,0,,,,,,Standard
5724,1995-04-19,Statement after transaction,14,Ceske Budejovice,south Bohemia,6922,F,59,41620.34166666667,62315.1,25494.7,0,116,0,,6173.0,232560.0,C,0.0,Standard
4596,1993-03-09,Monthly statement,74,Ostrava - mesto,north Moravia,5539,M,63,41618.05000000002,45779.60000000002,16769.300000000014,0,53,0,,,,,,Standard
2863,1996-01-21,Monthly statement,14,Ceske Budejovice,south Bohemia,3459,F,34,41610.950000000004,51415.0,30128.9,0,82,0,,,,,,Standard
2554,1993-06-18,Monthly statement,36,Liberec,north Bohemia,3084,F,47,41596.649999999994,58244.799999999996,34206.09999999999,0,76,1,classic,,,,,Standard
1844,1993-01-06,Monthly statement,44,Chrudim,east Bohemia,2236,F,20,41573.775,43525.2,38691.1,0,55,0,,,,,,Standard
1062,1993-07-11,Monthly statement,6,Kutna Hora,central Bohemia,1275,F,47,41570.26666666667,30025.0,26064.8,0,66,0,,,,,,Standard
8564,1993-09-12,Monthly statement,68,Frydek - Mistek,north Moravia,10563,M,49,41565.85833333334,48297.3,33788.200000000004,0,101,0,,6737.0,76680.0,A,0.0,Standard
858,1996-07-13,Monthly statement,52,Usti nad Orlici,east Bohemia,1034,F,24,41483.09166666667,58808.9,27645.2,0,73,0,,,,,,Standard
440,1996-12-22,Monthly statement,29,Rokycany,west Bohemia,530,F,41,41482.541666666664,59978.5,19453.2,0,83,0,,5061.0,84288.0,C,0.0,Standard
589,1997-04-26,Monthly statement,1,Hl.m. Praha,Prague,707,M,57,41481.90833333333,50874.799999999996,25050.399999999998,0,71,1,classic,,,,,Standard
10728,1994-12-23,Monthly statement,71,Novy Jicin,north Moravia,13190,M,42,41443.56666666666,26893.699999999997,22647.199999999993,0,89,0,,7189.0,154656.0,C,0.0,Standard
2078,1993-07-08,Monthly statement,62,Uherske Hradiste,south Moravia,2520,M,54,41436.40833333333,44614.6,29772.499999999996,0,70,0,,,,,,Standard
4086,1996-07-17,Monthly statement,66,Zdar nad Sazavou,south Moravia,4923,M,36,41422.89166666667,82621.1,24744.499999999996,0,62,1,classic,,,,,Standard
3650,1994-06-05,Monthly statement,8,Mlada Boleslav,central Bohemia,4401,M,30,41417.13333333334,39629.700000000004,35846.8,0,72,0,,,,,,Standard
2660,1993-10-17,Weekly statement,1,Hl.m. Praha,Prague,3211,F,31,41398.54166666667,27803.40000000001,13281.799999999997,0,96,0,,,,,,Standard
190,1995-03-02,Monthly statement,74,Ostrava - mesto,north Moravia,230,F,31,41388.35833333334,69474.90000000001,19496.000000000004,0,107,0,,,,,,Standard
841,1993-11-04,Monthly statement,1,Hl.m. Praha,Prague,1014,M,67,41381.916666666664,42834.2,27332.3,0,65,0,,,,,,Standard
3786,1993-06-22,Monthly statement,21,Tabor,south Bohemia,4565,M,50,41365.649999999994,60662.799999999996,-2721.60000000001,1,90,0,,,,,,Standard
4102,1996-11-13,Monthly statement,60,Prostejov,south Moravia,4941,F,19,41359.34166666667,52089.299999999996,34175.899999999994,0,26,1,junior,,,,,Standard
1857,1997-08-18,Monthly statement,37,Litomerice,north Bohemia,2252,M,33,41346.325,57522.1,25916.899999999998,0,78,0,,,,,,Standard
1686,1993-11-18,Monthly statement,11,Praha - zapad,central Bohemia,2047,F,55,41338.575,46976.899999999994,36050.299999999996,0,82,0,,,,,,Standard
347,1993-12-13,Monthly statement,65,Znojmo,south Moravia,424,M,51,41305.80000000001,55760.30000000001,-2362.899999999987,1,80,0,,5045.0,187224.0,B,1.0,Standard
3102,1997-11-23,Monthly statement,33,Decin,north Bohemia,3751,M,32,41282.49166666666,48035.0,30991.8,0,55,1,classic,,,,,Standard
3833,1997-07-13,Monthly statement,77,Vsetin,north Moravia,4619,F,57,41280.50833333333,85758.9,15035.400000000001,0,69,0,,,,,,Standard
2226,1996-02-17,Monthly statement,2,Benesov,central Bohemia,2696,M,51,41259.041666666664,38898.299999999996,32884.9,0,86,0,,,,,,Standard
3050,1993-05-08,Monthly statement,60,Prostejov,south Moravia,3687,M,26,41182.61666666666,55904.4,22428.399999999998,0,106,1,classic,5595.0,82896.0,A,0.0,Standard
763,1995-02-23,Monthly statement,1,Hl.m. Praha,Prague,913,M,60,41132.38333333334,40756.6,29048.9,0,70,0,,,,,,Standard
2399,1994-04-26,Monthly statement,1,Hl.m. Praha,Prague,2896,F,23,41128.55,37673.600000000006,25795.9,0,69,0,,,,,,Standard
3768,1997-06-06,Monthly statement,52,Usti nad Orlici,east Bohemia,4544,F,43,41126.49166666666,76354.59999999999,19488.39999999999,0,64,0,,,,,,Standard
4263,1995-07-17,Monthly statement,5,Kolin,central Bohemia,5137,M,19,41102.85,39668.0,19335.399999999998,0,48,0,,,,,,Standard
1355,1997-08-16,Monthly statement,1,Hl.m. Praha,Prague,1642,F,39,41036.433333333334,58296.4,20518.4,0,72,0,,,,,,Standard
3118,1996-03-10,Monthly statement,48,Rychnov nad Kneznou,east Bohemia,3771,M,56,41035.48333333334,56473.1,23660.7,0,70,0,,,,,,Standard
3485,1996-06-19,Monthly statement,53,Blansko,south Moravia,4212,M,53,41017.058333333334,44035.0,35651.9,0,80,1,classic,,,,,Standard
4293,1996-02-04,Statement after transaction,64,Zlin,south Moravia,5171,F,42,41015.6,50935.9,17939.3,0,95,0,,5850.0,164196.0,C,0.0,Standard
6265,1996-11-01,Monthly statement,5,Kolin,central Bohemia,7567,M,61,41011.59166666667,34409.2,19153.699999999997,0,78,1,classic,6278.0,87360.0,C,0.0,Standard
2301,1995-10-10,Monthly statement,22,Domazlice,west Bohemia,2785,M,36,41009.00833333334,69888.8,33630.2,0,70,1,classic,,,,,Standard
3369,1994-12-01,Monthly statement,8,Mlada Boleslav,central Bohemia,4075,F,54,41002.9,53995.2,28167.7,0,80,0,,,,,,Standard
1438,1997-09-18,Weekly statement,23,Cheb,west Bohemia,1745,F,39,40983.49166666666,42638.3,25604.199999999997,0,59,0,,,,,,Standard
3508,1996-09-12,Monthly statement,42,Havlickuv Brod,east Bohemia,4236,F,36,40953.433333333334,53573.8,30371.100000000002,0,63,0,,,,,,Standard
1674,1995-09-15,Monthly statement,1,Hl.m. Praha,Prague,2032,M,55,40952.183333333334,47111.1,21552.000000000004,0,71,0,,,,,,Standard
1893,1996-07-20,Monthly statement,48,Rychnov nad Kneznou,east Bohemia,2297,M,33,40943.56666666667,36435.40000000001,16429.300000000003,0,66,0,,,,,,Standard
7180,1997-06-12,Weekly statement,7,Melnik,central Bohemia,8666,F,27,40942.125,82340.2,18278.0,0,84,0,,6469.0,99744.0,C,0.0,Standard
1335,1995-09-21,Monthly statement,54,Brno - mesto,south Moravia,1616,M,60,40929.62500000001,47778.700000000004,33802.9,0,78,1,classic,,,,,Standard
418,1995-08-27,Monthly statement,36,Liberec,north Bohemia,504,M,19,40928.36666666666,33474.299999999996,29823.2,0,73,1,junior,,,,,Standard
340,1993-11-03,Monthly statement,1,Hl.m. Praha,Prague,416,F,66,40927.00833333333,39396.2,38651.4,0,83,0,,,,,,Standard
10068,1997-04-02,Monthly statement,1,Hl.m. Praha,Prague,12382,M,43,40878.3,23326.700000000004,13842.9,0,79,0,,7051.0,77808.0,A,0.0,Standard
2276,1993-10-22,Monthly statement,31,Tachov,west Bohemia,2756,F,79,40877.98333333334,50768.4,32128.300000000003,0,60,0,,,,,,Standard
2780,1995-12-29,Monthly statement,63,Vyskov,south Moravia,3357,F,44,40856.81666666667,44789.8,34536.200000000004,0,55,1,classic,,,,,Standard
3926,1994-09-11,Monthly statement,72,Olomouc,north Moravia,4734,M,73,40837.833333333336,47488.6,32179.9,0,61,0,,,,,,Standard
2,1993-02-26,Monthly statement,1,Hl.m. Praha,Prague,2,M,53,40837.46666666667,42627.7,29056.8,0,85,0,,4959.0,80952.0,A,0.0,Standard
4286,1996-11-11,Monthly statement,43,Hradec Kralove,east Bohemia,5163,F,41,40823.833333333336,94399.0,12301.600000000006,0,60,0,,,,,,Standard
2707,1994-11-27,Monthly statement,61,Trebic,south Moravia,3267,M,47,40820.79166666667,48451.40000000001,27424.500000000007,0,78,1,classic,,,,,Standard
65,1996-10-29,Monthly statement,36,Liberec,north Bohemia,76,F,31,40819.89166666666,56145.9,33761.0,0,95,1,classic,,,,,Standard
6,1994-09-27,Monthly statement,51,Trutnov,east Bohemia,8,F,60,40817.5,47667.9,35585.5,0,61,0,,,,,,Standard
878,1996-06-29,Monthly statement,52,Usti nad Orlici,east Bohemia,1057,M,59,40809.308333333334,61022.4,27422.100000000002,0,74,1,classic,,,,,Standard
6510,1996-12-18,Monthly statement,74,Ostrava - mesto,north Moravia,7862,M,33,40793.175,43707.200000000004,8291.300000000003,0,71,1,classic,6322.0,76992.0,C,0.0,Standard
197,1993-02-25,Monthly statement,1,Hl.m. Praha,Prague,239,F,24,40762.9,52073.2,24059.899999999998,0,65,0,,,,,,Standard
2652,1996-07-22,Monthly statement,1,Hl.m. Praha,Prague,3199,F,41,40759.583333333336,50927.4,18732.100000000002,0,86,0,,,,,,Standard
3538,1993-08-08,Monthly statement,58,Jihlava,south Moravia,4270,F,26,40756.166666666664,49271.799999999996,26863.199999999993,0,60,1,classic,,,,,Standard
7559,1997-05-24,Monthly statement,56,Breclav,south Moravia,9362,F,25,40729.24166666667,50923.4,19586.7,0,82,0,,6539.0,12792.0,C,0.0,Standard
3811,1996-10-26,Monthly statement,1,Hl.m. Praha,Prague,4592,F,43,40722.46666666667,43999.7,32015.199999999997,0,75,1,classic,,,,,Standard
3063,1993-05-26,Monthly statement,72,Olomouc,north Moravia,3704,M,36,40699.75,43081.799999999996,35952.7,0,61,0,,,,,,Standard
3647,1996-06-17,Monthly statement,77,Vsetin,north Moravia,4398,M,40,40693.299999999996,22147.1,22147.1,0,67,0,,,,,,Standard
1872,1997-09-17,Monthly statement,61,Trebic,south Moravia,2270,F,38,40663.583333333336,61165.8,20877.500000000004,0,75,0,,,,,,Standard
1170,1996-03-26,Monthly statement,25,Klatovy,west Bohemia,1409,M,47,40662.76666666667,28597.100000000002,23286.9,0,76,0,,,,,,Standard
988,1994-10-22,Monthly statement,10,Praha - vychod,central Bohemia,1192,F,73,40655.35833333333,33194.2,29224.399999999998,0,66,0,,,,,,Standard
2077,1995-01-04,Monthly statement,29,Rokycany,west Bohemia,2519,F,28,40630.924999999996,67648.8,23800.6,0,59,0,,,,,,Standard
1348,1997-11-12,Monthly statement,55,Brno - venkov,south Moravia,1633,F,26,40629.725,52324.9,29001.5,0,76,0,,,,,,Standard
195,1997-02-27,Monthly statement,70,Karvina,north Moravia,236,M,37,40626.36666666666,49425.1,29323.3,0,68,1,classic,,,,,Standard
2760,1997-03-14,Monthly statement,10,Praha - vychod,central Bohemia,3333,F,49,40612.71666666667,60923.299999999996,16193.6,0,85,1,classic,,,,,Standard
2816,1997-05-04,Monthly statement,74,Ostrava - mesto,north Moravia,3402,F,46,40585.2,57376.1,24663.6,0,87,0,,,,,,Standard
2097,1997-10-11,Monthly statement,46,Nachod,east Bohemia,2540,M,17,40569.24166666667,41095.700000000004,27922.500000000004,0,67,1,junior,,,,,Standard
534,1997-05-26,Monthly statement,1,Hl.m. Praha,Prague,643,F,49,40551.299999999996,47877.6,29764.9,0,97,0,,,,,,Standard
3249,1996-10-11,Monthly statement,74,Ostrava - mesto,north Moravia,3929,M,41,40529.4,57644.8,33193.4,0,83,0,,5638.0,68124.0,A,0.0,Standard
2825,1996-07-10,Monthly statement,54,Brno - mesto,south Moravia,3415,F,25,40518.575000000004,65870.7,30556.9,0,66,1,classic,,,,,Standard
3103,1997-09-21,Statement after transaction,1,Hl.m. Praha,Prague,3753,F,39,40516.875,37128.0,32728.0,0,25,1,gold,,,,,Standard
3486,1995-10-09,Monthly statement,64,Zlin,south Moravia,4213,F,73,40511.9,45878.7,31838.6,0,58,0,,,,,,Standard
3489,1994-12-08,Monthly statement,9,Nymburk,central Bohemia,4217,F,47,40504.333333333336,46381.2,28950.899999999998,0,76,0,,5693.0,44088.0,A,0.0,Standard
491,1996-05-12,Monthly statement,44,Chrudim,east Bohemia,590,M,49,40479.791666666664,52013.3,31469.300000000003,0,73,1,classic,,,,,Standard
701,1993-06-08,Monthly statement,69,Jesenik,north Moravia,841,M,17,40471.075000000004,44008.00000000001,23547.7,0,65,0,,,,,,Standard
4026,1997-02-06,Monthly statement,58,Jihlava,south Moravia,4853,M,59,40471.05833333333,63545.7,23102.8,0,86,0,,,,,,Standard
494,1993-03-11,Monthly statement,60,Prostejov,south Moravia,593,F,44,40470.549999999996,64172.0,20059.3,0,70,1,classic,,,,,Standard
1843,1993-01-30,Monthly statement,12,Pribram,central Bohemia,2235,F,58,40464.12500000001,31575.300000000007,20605.700000000008,0,83,1,classic,5325.0,105804.0,A,0.0,Standard
2750,1995-04-13,Monthly statement,13,Rakovnik,central Bohemia,3321,F,29,40459.51666666667,43721.4,31782.1,0,84,0,,,,,,Standard
1153,1993-12-29,Monthly statement,35,Jablonec n. Nisou,north Bohemia,1387,F,21,40458.175,56185.700000000004,22757.800000000003,0,71,0,,,,,,Standard
1178,1997-05-04,Monthly statement,41,Usti nad Labem,north Bohemia,1418,F,24,40444.275,52749.9,30091.3,0,75,1,classic,,,,,Standard
3066,1996-08-12,Monthly statement,74,Ostrava - mesto,north Moravia,3707,M,57,40423.25833333333,44835.5,25066.899999999998,0,74,0,,,,,,Standard
1135,1995-07-17,Monthly statement,1,Hl.m. Praha,Prague,1364,M,65,40378.433333333334,46903.8,31187.4,0,66,0,,,,,,Standard
239,1993-03-01,Weekly statement,69,Jesenik,north Moravia,289,M,40,40376.41666666667,34974.8,29237.100000000006,0,87,0,,,,,,Standard
7424,1996-07-28,Monthly statement,68,Frydek - Mistek,north Moravia,9202,M,36,40365.475,26029.200000000004,15596.300000000001,0,104,0,,6502.0,30276.0,A,0.0,Standard
6706,1996-12-28,Monthly statement,38,Louny,north Bohemia,8096,F,19,40359.174999999996,46144.700000000004,36327.6,0,101,0,,6357.0,64860.0,C,0.0,Standard
1763,1996-03-06,Monthly statement,73,Opava,north Moravia,2137,F,36,40355.208333333336,63632.4,26175.2,0,83,1,classic,,,,,Standard
7844,1993-11-26,Monthly statement,1,Hl.m. Praha,Prague,9702,F,47,40352.35833333333,68598.5,24865.999999999996,0,73,0,,6596.0,91584.0,A,0.0,Standard
1966,1993-02-12,Monthly statement,27,Plzen - jih,west Bohemia,2391,M,56,40351.583333333336,62865.9,32254.100000000002,0,72,0,,,,,,Standard
387,1997-09-19,Monthly statement,72,Olomouc,north Moravia,468,M,39,40342.191666666666,43155.4,13558.700000000003,0,52,1,classic,,,,,Standard
3149,1996-06-27,Monthly statement,57,Hodonin,south Moravia,3808,M,55,40325.950000000004,46160.1,20193.100000000002,0,60,0,,,,,,Standard
1111,1996-02-16,Monthly statement,5,Kolin,central Bohemia,1332,F,41,40320.08333333333,44851.299999999996,18142.8,0,68,0,,,,,,Standard
2942,1997-09-24,Monthly statement,44,Chrudim,east Bohemia,3552,M,58,40304.066666666666,47912.6,33690.9,0,70,0,,,,,,Standard
6472,1994-02-08,Monthly statement,61,Trebic,south Moravia,7814,F,22,40264.608333333344,58992.500000000015,13871.400000000016,0,82,0,,6315.0,43164.0,A,0.0,Standard
1257,1995-10-11,Monthly statement,66,Zdar nad Sazavou,south Moravia,1517,M,42,40241.066666666666,60012.1,24311.8,0,72,1,classic,,,,,Standard
1210,1996-05-21,Monthly statement,28,Plzen - sever,west Bohemia,1461,M,29,40238.5,44695.4,34695.8,0,60,1,classic,,,,,Standard
1350,1996-08-25,Weekly statement,21,Tabor,south Bohemia,1637,M,55,40233.599999999984,54579.19999999998,20076.09999999999,0,89,0,,,,,,Standard
10131,1993-11-27,Monthly statement,1,Hl.m. Praha,Prague,12464,M,39,40223.883333333324,12291.899999999992,12291.899999999992,0,88,0,,7066.0,215388.0,B,1.0,Standard
8558,1994-02-27,Statement after transaction,1,Hl.m. Praha,Prague,10555,M,63,40215.208333333336,27958.800000000003,26330.2,0,63,0,,6736.0,288360.0,C,0.0,Standard
396,1993-03-08,Monthly statement,21,Tabor,south Bohemia,478,M,20,40199.98333333333,54056.3,30658.3,0,106,0,,,,,,Standard
3772,1995-11-20,Monthly statement,7,Melnik,central Bohemia,4548,M,40,40180.51666666667,43442.799999999996,32450.399999999998,0,72,0,,,,,,Standard
590,1996-02-24,Monthly statement,50,Svitavy,east Bohemia,708,F,21,40175.24166666667,59026.9,31389.7,0,53,0,,,,,,Standard
125,1996-09-07,Statement after transaction,2,Benesov,central Bohemia,150,F,18,40174.6,64858.399999999994,13505.5,0,60,0,,,,,,Standard
3697,1993-04-29,Monthly statement,45,Jicin,east Bohemia,4458,F,48,40167.525,67777.4,22809.8,0,74,0,,,,,,Standard
2990,1996-09-16,Monthly statement,30,Sokolov,west Bohemia,3611,F,26,40106.166666666664,42712.299999999996,24296.199999999997,0,82,1,classic,,,,,Standard
2763,1993-02-11,Monthly statement,64,Zlin,south Moravia,3336,F,47,40091.36666666666,66561.4,19138.6,0,58,0,,,,,,Standard
1268,1993-07-25,Monthly statement,74,Ostrava - mesto,north Moravia,1530,F,53,40082.925,35114.2,34013.3,0,72,0,,,,,,Standard
1952,1993-11-28,Monthly statement,70,Karvina,north Moravia,2373,M,44,40076.86666666666,47482.799999999996,18906.4,0,60,0,,,,,,Standard
3816,1996-04-21,Monthly statement,25,Klatovy,west Bohemia,4598,F,57,40075.0,44600.0,35800.0,0,12,0,,,,,,Standard
6062,1996-08-28,Monthly statement,24,Karlovy Vary,west Bohemia,7325,M,23,40069.299999999996,41691.3,21650.800000000003,0,95,1,classic,6235.0,321360.0,C,0.0,Standard
3279,1994-12-17,Weekly statement,46,Nachod,east Bohemia,3970,F,18,40050.88333333333,22685.2,22685.2,0,59,1,junior,,,,,Standard
366,1996-10-23,Monthly statement,1,Hl.m. Praha,Prague,445,F,51,40049.125,39123.2,30486.7,0,110,0,,,,,,Standard
1733,1996-04-20,Monthly statement,18,Pisek,south Bohemia,2103,F,54,40037.975,21434.000000000004,10111.300000000001,0,68,0,,,,,,Standard
205,1997-10-08,Monthly statement,1,Hl.m. Praha,Prague,247,M,41,40036.65833333333,45267.1,33336.4,0,62,0,,,,,,Standard
3913,1996-10-04,Monthly statement,23,Cheb,west Bohemia,4719,M,61,40032.816666666666,53132.9,28799.6,0,70,0,,,,,,Standard
2639,1993-04-26,Monthly statement,17,Pelhrimov,south Bohemia,3185,F,26,39986.691666666666,61947.700000000004,22408.8,0,74,0,,,,,,Standard
2711,1993-05-19,Monthly statement,58,Jihlava,south Moravia,3271,F,56,39978.86666666666,53892.799999999996,26616.0,0,70,0,,,,,,Standard
4237,1993-11-29,Monthly statement,18,Pisek,south Bohemia,5107,F,51,39973.225,29083.9,19903.8,0,38,0,,,,,,Standard
7966,1996-12-27,Monthly statement,54,Brno - mesto,south Moravia,9846,F,31,39970.799999999996,27609.9,8047.5,0,99,0,,6625.0,473280.0,D,1.0,Standard
1339,1997-07-06,Monthly statement,76,Sumperk,north Moravia,1621,F,46,39964.69166666667,34146.3,14462.400000000003,0,54,0,,,,,,Standard
2738,1993-11-12,Monthly statement,41,Usti nad Labem,north Bohemia,3305,F,27,39951.933333333334,46618.1,31731.2,0,81,0,,,,,,Standard
245,1993-11-25,Monthly statement,65,Znojmo,south Moravia,296,M,24,39918.18333333332,44669.499999999985,16464.599999999984,0,71,0,,,,,,Standard
399,1996-08-27,Monthly statement,1,Hl.m. Praha,Prague,483,M,54,39914.625,28017.9,23225.800000000003,0,63,1,classic,,,,,Standard
2911,1995-02-25,Monthly statement,33,Decin,north Bohemia,3518,F,43,39854.35833333334,67726.5,16279.500000000002,0,89,0,,,,,,Standard
3708,1996-11-24,Monthly statement,64,Zlin,south Moravia,4471,F,23,39834.00833333333,32049.899999999998,28981.999999999996,0,74,1,classic,,,,,Standard
3945,1995-11-07,Monthly statement,50,Svitavy,east Bohemia,4758,F,25,39827.03333333333,33745.200000000004,33545.200000000004,0,21,0,,,,,,Standard
2800,1997-05-08,Monthly statement,41,Usti nad Labem,north Bohemia,3384,F,56,39826.049999999996,39421.7,35187.0,0,76,1,classic,,,,,Standard
2563,1995-01-17,Monthly statement,48,Rychnov nad Kneznou,east Bohemia,3094,M,48,39781.291666666664,44593.7,30295.5,0,72,0,,,,,,Standard
3876,1994-02-13,Monthly statement,69,Jesenik,north Moravia,4673,M,46,39780.716666666674,65885.6,14632.300000000008,0,72,0,,,,,,Standard
9179,1997-01-21,Monthly statement,28,Plzen - sever,west Bohemia,11304,F,38,39774.700000000004,34946.8,22201.600000000002,0,84,0,,6861.0,215040.0,C,0.0,Standard
2910,1997-10-21,Monthly statement,68,Frydek - Mistek,north Moravia,3517,F,45,39764.23333333333,42249.899999999994,28065.999999999996,0,78,1,classic,5561.0,437460.0,C,0.0,Standard
9859,1996-07-08,Monthly statement,27,Plzen - jih,west Bohemia,12133,F,34,39739.975,49075.6,29939.1,0,110,1,classic,7001.0,300600.0,C,0.0,Standard
1114,1993-11-13,Weekly statement,6,Kutna Hora,central Bohemia,1335,F,37,39735.32499999999,83347.5,20861.799999999996,0,69,0,,,,,,Standard
1958,1994-10-24,Monthly statement,40,Teplice,north Bohemia,2380,M,71,39714.225,45959.1,34137.6,0,57,0,,,,,,Standard
119,1993-05-25,Monthly statement,27,Plzen - jih,west Bohemia,143,M,20,39661.59166666667,57395.00000000001,30858.300000000003,0,73,0,,,,,,Standard
9826,1996-08-23,Monthly statement,68,Frydek - Mistek,north Moravia,12092,M,21,39651.11666666667,45662.9,8749.300000000003,0,91,0,,,,,,Standard
1554,1994-11-15,Monthly statement,47,Pardubice,east Bohemia,1885,F,28,39629.775,56718.0,30354.7,0,73,1,classic,,,,,Standard
3201,1994-04-17,Monthly statement,4,Kladno,central Bohemia,3870,F,27,39614.96666666667,62750.6,24130.999999999996,0,84,0,,,,,,Standard
1561,1995-04-01,Monthly statement,66,Zdar nad Sazavou,south Moravia,1892,M,70,39608.9,45750.700000000004,32966.3,0,76,0,,,,,,Standard
3267,1993-07-21,Monthly statement,64,Zlin,south Moravia,3954,M,41,39585.6,47193.200000000004,34389.5,0,71,0,,,,,,Standard
7721,1997-07-03,Monthly statement,13,Rakovnik,central Bohemia,9555,F,51,39567.525,64929.9,18646.7,0,74,1,classic,6569.0,45456.0,C,0.0,Standard
9673,1997-06-07,Monthly statement,76,Sumperk,north Moravia,11906,M,54,39560.191666666666,38854.0,23407.8,0,84,0,,6969.0,88200.0,C,0.0,Standard
1264,1997-02-16,Monthly statement,1,Hl.m. Praha,Prague,1525,M,55,39551.583333333336,51656.6,14148.999999999998,0,71,1,classic,,,,,Standard
1800,1996-03-14,Monthly statement,51,Trutnov,east Bohemia,2180,F,26,39539.275,60881.2,29679.8,0,81,0,,,,,,Standard
3651,1993-02-27,Monthly statement,23,Cheb,west Bohemia,4402,M,69,39527.50833333333,40105.399999999994,35748.0,0,60,0,,,,,,Standard
3597,1996-02-11,Statement after transaction,1,Hl.m. Praha,Prague,4340,F,49,39515.90833333333,25470.699999999993,20365.699999999997,0,71,1,classic,,,,,Standard
3366,1996-03-02,Monthly statement,68,Frydek - Mistek,north Moravia,4069,M,39,39497.875,50363.3,26819.4,0,85,1,classic,,,,,Standard
8628,1996-10-15,Statement after transaction,2,Benesov,central Bohemia,10639,M,44,39497.68333333334,56182.900000000016,6461.600000000011,0,84,0,,,,,,Standard
1666,1993-10-30,Monthly statement,67,Bruntal,north Moravia,2021,M,79,39494.63333333333,50900.9,31030.6,0,63,0,,,,,,Standard
1361,1996-12-09,Monthly statement,46,Nachod,east Bohemia,1648,M,46,39451.775,50348.7,29870.100000000002,0,68,0,,,,,,Standard
2882,1996-07-20,Monthly statement,44,Chrudim,east Bohemia,3484,M,26,39451.12499999999,57292.299999999996,9329.799999999996,0,59,0,,,,,,Standard
1566,1993-07-07,Monthly statement,73,Opava,north Moravia,1898,M,37,39436.666666666664,46966.2,16883.8,0,107,0,,,,,,Standard
344,1993-12-01,Monthly statement,54,Brno - mesto,south Moravia,421,M,33,39436.075000000004,56604.4,23566.0,0,82,0,,5044.0,100980.0,C,0.0,Standard
7449,1993-11-24,Monthly statement,1,Hl.m. Praha,Prague,9231,F,26,39436.05833333333,47948.399999999994,34462.1,0,65,0,,,,,,Standard
1379,1997-10-01,Monthly statement,47,Pardubice,east Bohemia,1669,M,46,39418.36666666666,47827.2,33347.1,0,59,1,classic,,,,,Standard
1818,1997-02-25,Monthly statement,54,Brno - mesto,south Moravia,2204,F,52,39416.583333333336,38612.1,36088.5,0,55,0,,,,,,Standard
444,1996-05-09,Monthly statement,26,Plzen - mesto,west Bohemia,535,M,61,39410.25,46784.4,27394.2,0,64,0,,,,,,Standard
3196,1993-12-13,Monthly statement,1,Hl.m. Praha,Prague,3863,F,59,39398.041666666664,45108.1,28834.8,0,62,0,,,,,,Standard
3540,1997-01-03,Monthly statement,18,Pisek,south Bohemia,4273,F,22,39394.625,42578.5,34652.2,0,67,0,,,,,,Standard
107,1993-11-05,Monthly statement,64,Zlin,south Moravia,129,F,51,39384.525,44266.799999999996,30133.8,0,95,0,,,,,,Standard
2132,1993-10-08,Monthly statement,76,Sumperk,north Moravia,2578,M,44,39383.84166666667,61614.7,26051.3,0,60,0,,,,,,Standard
676,1995-09-22,Monthly statement,39,Most,north Bohemia,812,M,58,39381.4,42481.2,13880.5,0,69,0,,,,,,Standard
3422,1996-03-28,Monthly statement,21,Tabor,south Bohemia,4137,M,49,39380.85833333333,36015.700000000004,35178.1,0,67,1,classic,,,,,Standard
3663,1994-11-06,Monthly statement,67,Bruntal,north Moravia,4416,M,28,39340.583333333336,46063.7,22432.5,0,76,1,classic,,,,,Standard
3007,1993-02-02,Monthly statement,16,Jindrichuv Hradec,south Bohemia,3632,F,55,39340.166666666664,45869.299999999996,18656.0,0,100,0,,,,,,Standard
7674,1996-07-21,Monthly statement,1,Hl.m. Praha,Prague,9505,M,40,39313.76666666667,25289.2,18006.300000000003,0,98,0,,6562.0,94488.0,C,0.0,Standard
2039,1993-03-12,Monthly statement,44,Chrudim,east Bohemia,2475,F,16,39305.8,32751.900000000005,22838.800000000007,0,49,1,junior,,,,,Standard
10799,1997-08-19,Monthly statement,76,Sumperk,north Moravia,13276,M,21,39287.325,56696.299999999996,27982.6,0,70,0,,7200.0,31140.0,C,0.0,Standard
3584,1996-06-12,Monthly statement,55,Brno - venkov,south Moravia,4325,M,51,39271.93333333333,61403.3,21861.0,0,84,0,,,,,,Standard
14,1996-11-27,Monthly statement,47,Pardubice,east Bohemia,19,M,56,39226.525,39314.0,30232.699999999997,0,66,1,classic,,,,,Standard
3059,1997-02-15,Monthly statement,1,Hl.m. Praha,Prague,3699,M,30,39224.25,48278.9,24018.7,0,96,1,classic,,,,,Standard
3842,1997-03-12,Monthly statement,1,Hl.m. Praha,Prague,4632,M,70,39223.975,50408.9,28525.899999999998,0,56,0,,,,,,Standard
892,1993-03-20,Monthly statement,70,Karvina,north Moravia,1075,F,64,39223.25833333334,53799.4,25305.7,0,72,0,,,,,,Standard
1012,1994-07-09,Monthly statement,65,Znojmo,south Moravia,1216,F,53,39175.39166666666,43350.399999999994,18752.199999999993,0,85,0,,5161.0,98184.0,A,0.0,Standard
109,1997-04-20,Monthly statement,53,Blansko,south Moravia,131,F,21,39152.225,41821.7,22718.8,0,70,1,classic,,,,,Standard
618,1996-10-02,Monthly statement,1,Hl.m. Praha,Prague,742,F,47,39152.15,33629.5,22290.4,0,76,1,classic,,,,,Standard
2799,1994-04-03,Weekly statement,54,Brno - mesto,south Moravia,3382,M,44,39122.58333333332,72933.4,2772.5999999999894,0,79,1,classic,,,,,Standard
4296,1993-01-28,Monthly statement,63,Vyskov,south Moravia,5175,F,49,39106.39166666667,46966.9,21175.699999999997,0,61,1,classic,,,,,Standard
1528,1996-06-08,Monthly statement,50,Svitavy,east Bohemia,1852,M,36,39097.99166666667,63329.3,26332.2,0,79,0,,5270.0,191088.0,C,0.0,Standard
2296,1997-11-05,Monthly statement,29,Rokycany,west Bohemia,2779,M,50,39051.083333333336,42346.2,12689.699999999999,0,60,1,classic,,,,,Standard
1655,1996-04-15,Monthly statement,41,Usti nad Labem,north Bohemia,2006,F,36,39039.24999999999,54693.2,29250.199999999997,0,84,0,,,,,,Standard
1534,1993-05-24,Monthly statement,1,Hl.m. Praha,Prague,1860,F,34,39027.191666666666,56494.6,26727.3,0,84,0,,,,,,Standard
3083,1997-03-18,Monthly statement,66,Zdar nad Sazavou,south Moravia,3728,M,62,39027.10833333333,61025.399999999994,30993.8,0,58,0,,,,,,Standard
1380,1996-02-19,Monthly statement,53,Blansko,south Moravia,1670,M,37,39003.88333333334,68911.8,24690.7,0,87,0,,,,,,Standard
1416,1993-07-12,Weekly statement,66,Zdar nad Sazavou,south Moravia,1717,F,19,38960.291666666664,-6746.399999999996,-6746.399999999996,1,64,0,,,,,,Standard
796,1997-02-13,Monthly statement,1,Hl.m. Praha,Prague,954,F,56,38946.13333333333,23073.4,21859.9,0,37,1,classic,,,,,Standard
3190,1996-12-30,Monthly statement,1,Hl.m. Praha,Prague,3856,F,54,38940.666666666664,41993.8,33031.8,0,71,0,,,,,,Standard
2770,1993-12-25,Monthly statement,42,Havlickuv Brod,east Bohemia,3344,M,37,38932.65833333333,40229.2,29977.8,0,96,0,,,,,,Standard
1199,1997-03-18,Monthly statement,50,Svitavy,east Bohemia,1448,F,41,38932.525,42952.5,15769.2,0,82,0,,,,,,Standard
5385,1993-05-21,Weekly statement,44,Chrudim,east Bohemia,6499,M,35,38932.049999999996,36206.899999999994,27906.999999999993,0,79,0,,6103.0,149340.0,C,0.0,Standard
1585,1996-02-23,Monthly statement,42,Havlickuv Brod,east Bohemia,1920,M,23,38926.95,30317.199999999997,28397.999999999996,0,43,0,,,,,,Standard
7713,1996-05-25,Weekly statement,50,Svitavy,east Bohemia,9546,F,43,38911.091666666674,86325.1,16262.500000000007,0,88,0,,6568.0,220440.0,C,0.0,Standard
2140,1993-10-21,Monthly statement,75,Prerov,north Moravia,2588,M,40,38910.924999999996,45439.7,24778.3,0,74,0,,,,,,Standard
4140,1997-12-05,Monthly statement,28,Plzen - sever,west Bohemia,4989,M,63,38891.78333333333,49021.4,9674.000000000002,0,52,0,,,,,,Standard
1182,1997-02-11,Monthly statement,8,Mlada Boleslav,central Bohemia,1424,M,46,38881.46666666667,46256.8,6952.000000000002,0,58,1,classic,,,,,Standard
3332,1997-03-25,Monthly statement,17,Pelhrimov,south Bohemia,4029,M,31,38871.541666666664,60997.3,17894.8,0,61,0,,,,,,Standard
3379,1997-01-24,Monthly statement,63,Vyskov,south Moravia,4086,F,57,38858.833333333336,60506.799999999996,31582.899999999998,0,57,0,,,,,,Standard
944,1993-03-08,Monthly statement,70,Karvina,north Moravia,1138,F,28,38852.74166666667,52820.5,30954.900000000005,0,70,0,,,,,,Standard
785,1997-08-09,Weekly statement,21,Tabor,south Bohemia,939,M,46,38830.39166666667,45646.799999999996,21306.1,0,89,0,,5124.0,156096.0,C,0.0,Standard
289,1994-03-17,Monthly statement,1,Hl.m. Praha,Prague,351,M,25,38827.86666666667,47047.6,31686.9,0,83,0,,,,,,Standard
1547,1993-09-14,Monthly statement,72,Olomouc,north Moravia,1876,M,47,38821.31666666666,49823.899999999994,19999.299999999996,0,49,1,gold,,,,,Standard
3994,1996-03-14,Monthly statement,15,Cesky Krumlov,south Bohemia,4815,M,28,38816.725,47267.4,496.79999999999586,0,68,0,,,,,,Standard
213,1995-08-29,Monthly statement,73,Opava,north Moravia,256,F,35,38794.74166666667,36591.8,29165.9,0,74,1,classic,,,,,Standard
3145,1993-12-03,Monthly statement,4,Kladno,central Bohemia,3803,M,68,38786.86666666666,43923.2,32575.100000000002,0,62,0,,,,,,Standard
3886,1994-02-20,Monthly statement,1,Hl.m. Praha,Prague,4684,F,45,38777.48333333335,35500.70000000002,11973.600000000017,0,60,1,classic,,,,,Standard
3360,1997-11-10,Monthly statement,71,Novy Jicin,north Moravia,4062,M,48,38764.808333333334,58009.2,20473.0,0,60,0,,,,,,Standard
2987,1993-09-16,Monthly statement,18,Pisek,south Bohemia,3607,F,52,38743.78333333333,73651.4,20540.3,0,66,0,,,,,,Standard
9403,1993-03-27,Weekly statement,1,Hl.m. Praha,Prague,11574,F,54,38735.05833333335,26220.600000000013,26220.600000000013,0,75,0,,6919.0,120888.0,A,0.0,Standard
2326,1994-01-24,Monthly statement,70,Karvina,north Moravia,2813,M,57,38730.56666666667,41368.50000000001,23277.200000000004,0,59,0,,,,,,Standard
7890,1996-03-26,Monthly statement,23,Cheb,west Bohemia,9755,F,47,38718.50833333333,57445.1,20007.2,0,79,0,,6605.0,79344.0,C,0.0,Standard
2048,1997-03-30,Monthly statement,76,Sumperk,north Moravia,2486,F,37,38708.88333333333,47586.799999999996,24493.399999999998,0,87,0,,,,,,Standard
4099,1996-05-26,Monthly statement,54,Brno - mesto,south Moravia,4937,F,38,38702.14166666667,51534.0,16138.5,0,108,1,classic,5808.0,41856.0,C,0.0,Standard
2073,1997-08-14,Monthly statement,59,Kromeriz,south Moravia,2514,M,41,38684.825,36891.7,30804.600000000002,0,70,0,,5368.0,44640.0,C,0.0,Standard
3858,1995-12-14,Monthly statement,2,Benesov,central Bohemia,4651,M,19,38647.9,36922.90000000001,14722.900000000005,0,71,1,junior,,,,,Standard
5180,1997-02-24,Monthly statement,54,Brno - mesto,south Moravia,6255,F,52,38643.01666666667,34119.8,14046.1,0,56,1,classic,6054.0,58764.0,C,0.0,Standard
1549,1996-11-21,Monthly statement,21,Tabor,south Bohemia,1879,F,54,38639.0,49982.700000000004,28476.000000000004,0,74,0,,,,,,Standard
578,1997-03-21,Weekly statement,28,Plzen - sever,west Bohemia,695,M,43,38634.14166666666,36469.7,20310.399999999998,0,105,0,,,,,,Standard
1572,1997-10-21,Monthly statement,72,Olomouc,north Moravia,1905,F,49,38619.375,25780.300000000003,22934.800000000003,0,58,0,,,,,,Standard
700,1994-06-01,Monthly statement,20,Strakonice,south Bohemia,840,M,61,38616.083333333336,51082.4,22279.2,0,81,0,,,,,,Standard
3177,1996-11-12,Monthly statement,74,Ostrava - mesto,north Moravia,3842,M,22,38599.48333333333,35922.6,29377.699999999997,0,25,0,,,,,,Standard
677,1997-09-13,Monthly statement,70,Karvina,north Moravia,813,M,34,38574.09166666667,46933.0,27128.0,0,52,0,,,,,,Standard
9646,1996-07-30,Weekly statement,1,Hl.m. Praha,Prague,11874,M,29,38557.566666666666,59246.8,614.4999999999976,0,87,0,,6962.0,279072.0,C,0.0,Standard
2983,1996-07-25,Monthly statement,42,Havlickuv Brod,east Bohemia,3603,M,44,38555.09166666667,49965.0,29333.9,0,59,0,,,,,,Standard
2615,1994-07-17,Monthly statement,68,Frydek - Mistek,north Moravia,3156,F,44,38537.416666666664,62753.399999999994,16021.499999999996,0,50,0,,,,,,Standard
2433,1993-02-19,Monthly statement,71,Novy Jicin,north Moravia,2939,M,80,38532.60833333333,51711.299999999996,28452.699999999997,0,59,0,,,,,,Standard
2137,1993-08-17,Statement after transaction,4,Kladno,central Bohemia,2584,F,54,38495.55,68782.8,16131.900000000001,0,57,0,,,,,,Standard
1967,1995-02-13,Weekly statement,26,Plzen - mesto,west Bohemia,2392,M,43,38475.12500000001,27814.500000000007,15925.80000000001,0,98,0,,5350.0,249312.0,C,0.0,Standard
149,1997-11-16,Monthly statement,43,Hradec Kralove,east Bohemia,179,M,18,38461.808333333334,53921.9,27127.3,0,55,0,,,,,,Standard
1904,1996-05-18,Monthly statement,70,Karvina,north Moravia,2313,M,18,38452.01666666667,41632.6,30953.600000000002,0,88,0,,,,,,Standard
1544,1993-07-14,Monthly statement,69,Jesenik,north Moravia,1872,F,35,38448.24166666666,47780.899999999994,18438.3,0,80,0,,,,,,Standard
2047,1995-02-21,Monthly statement,20,Strakonice,south Bohemia,2485,M,65,38429.98333333333,43324.5,34208.2,0,57,0,,,,,,Standard
1565,1993-10-20,Monthly statement,36,Liberec,north Bohemia,1897,F,29,38427.25833333334,32399.2,30472.0,0,96,0,,,,,,Standard
2052,1993-10-20,Monthly statement,61,Trebic,south Moravia,2490,F,37,38409.333333333336,51661.9,29508.8,0,94,1,classic,,,,,Standard
653,1997-08-19,Monthly statement,27,Plzen - jih,west Bohemia,783,F,27,38399.11666666667,30613.0,30613.0,0,62,0,,,,,,Standard
2096,1995-06-17,Monthly statement,32,Ceska Lipa,north Bohemia,2539,F,26,38382.64166666666,48170.799999999996,32012.199999999997,0,84,0,,,,,,Standard
3757,1997-09-24,Monthly statement,64,Zlin,south Moravia,4533,M,18,38356.5,33269.6,26052.399999999998,0,99,1,junior,,,,,Standard
1776,1997-07-27,Monthly statement,36,Liberec,north Bohemia,2153,F,49,38348.38333333333,39767.7,29463.399999999998,0,84,0,,5313.0,43200.0,C,0.0,Standard
911,1996-08-12,Monthly statement,60,Prostejov,south Moravia,1098,F,50,38333.416666666664,26929.399999999994,21131.0,0,73,1,classic,,,,,Standard
221,1996-10-30,Monthly statement,19,Prachatice,south Bohemia,266,F,31,38324.75833333333,58514.1,32790.7,0,69,0,,,,,,Standard
4907,1994-02-06,Monthly statement,42,Havlickuv Brod,east Bohemia,5928,F,28,38303.13333333333,68823.5,15761.299999999997,0,90,0,,5999.0,98832.0,C,0.0,Standard
3633,1997-02-06,Monthly statement,18,Pisek,south Bohemia,4382,M,18,38280.75,50663.4,15620.900000000001,0,85,1,junior,,,,,Standard
3830,1997-04-20,Monthly statement,56,Breclav,south Moravia,4615,M,47,38257.6,23153.0,20053.199999999997,0,78,0,,,,,,Standard
3679,1995-08-15,Monthly statement,64,Zlin,south Moravia,4434,M,34,38243.74166666667,43773.3,27105.700000000004,0,98,0,,5725.0,444864.0,C,0.0,Standard
509,1997-08-14,Monthly statement,36,Liberec,north Bohemia,611,M,46,38242.9,43602.799999999996,31798.6,0,65,0,,,,,,Standard
2909,1996-04-04,Monthly statement,58,Jihlava,south Moravia,3516,F,27,38229.85,43635.399999999994,33647.899999999994,0,74,0,,,,,,Standard
9433,1997-08-14,Monthly statement,59,Kromeriz,south Moravia,11609,M,41,38211.583333333336,35673.3,29596.2,0,70,0,,6923.0,44640.0,C,0.0,Standard
424,1997-02-17,Monthly statement,12,Pribram,central Bohemia,510,M,22,38202.75833333333,53192.7,19351.1,0,72,1,classic,,,,,Standard
2200,1997-06-26,Monthly statement,1,Hl.m. Praha,Prague,2662,M,20,38191.28333333333,52835.3,32142.3,0,52,1,junior,,,,,Standard
3470,1997-01-12,Monthly statement,8,Mlada Boleslav,central Bohemia,4193,F,61,38187.0,49530.3,29673.4,0,61,0,,,,,,Standard
2169,1997-07-09,Monthly statement,57,Hodonin,south Moravia,2625,M,26,38171.49999999999,52792.299999999996,27190.399999999998,0,85,0,,,,,,Standard
2768,1993-12-20,Monthly statement,73,Opava,north Moravia,3342,M,25,38126.48333333333,44232.9,28376.5,0,65,0,,,,,,Standard
2454,1994-05-07,Monthly statement,8,Mlada Boleslav,central Bohemia,2964,M,20,38124.483333333344,35955.600000000006,19603.700000000008,0,72,0,,,,,,Standard
813,1993-02-10,Monthly statement,16,Jindrichuv Hradec,south Bohemia,976,F,43,38113.54166666667,35295.100000000006,32142.500000000004,0,65,0,,5130.0,24312.0,A,0.0,Standard
1822,1993-05-05,Monthly statement,30,Sokolov,west Bohemia,2209,F,71,38106.041666666664,41981.6,31369.600000000002,0,62,0,,,,,,Standard
2792,1996-08-26,Monthly statement,1,Hl.m. Praha,Prague,3372,M,28,38096.125,44135.9,30082.8,0,73,0,,,,,,Standard
1982,1997-05-08,Monthly statement,6,Kutna Hora,central Bohemia,2408,F,58,38081.75833333333,58380.3,18316.3,0,75,0,,,,,,Standard
2131,1996-07-11,Monthly statement,70,Karvina,north Moravia,2577,M,80,38076.50833333334,49339.0,27669.500000000004,0,70,0,,,,,,Standard
3476,1995-12-16,Monthly statement,3,Beroun,central Bohemia,4201,M,21,38075.64166666666,51824.7,23708.699999999997,0,82,1,junior,,,,,Standard
3927,1993-10-22,Monthly statement,56,Breclav,south Moravia,4736,F,55,38046.75833333333,43036.5,29083.399999999998,0,82,0,,,,,,Standard
1030,1995-11-12,Monthly statement,57,Hodonin,south Moravia,1237,M,75,38025.475,47186.7,27102.6,0,76,0,,,,,,Standard
2880,1993-06-16,Monthly statement,71,Novy Jicin,north Moravia,3482,F,57,38024.93333333334,45080.200000000004,33305.3,0,74,0,,,,,,Standard
11231,1997-02-05,Monthly statement,1,Hl.m. Praha,Prague,13803,M,51,38004.64166666667,70405.9,20695.4,0,100,0,,7277.0,89280.0,A,0.0,Standard
1147,1993-04-10,Monthly statement,44,Chrudim,east Bohemia,1380,F,45,37973.925,55133.1,21670.2,0,58,1,classic,,,,,Standard
568,1995-03-28,Monthly statement,18,Pisek,south Bohemia,682,M,19,37950.3,65405.700000000004,21035.500000000004,0,57,0,,,,,,Standard
10005,1997-11-29,Monthly statement,64,Zlin,south Moravia,12308,M,20,37932.825000000004,53811.100000000006,22590.600000000002,0,69,0,,7035.0,210744.0,C,0.0,Standard
3277,1993-07-12,Monthly statement,36,Liberec,north Bohemia,3967,F,38,37926.94166666666,52559.7,21920.899999999994,0,62,0,,,,,,Standard
3917,1996-03-30,Monthly statement,1,Hl.m. Praha,Prague,4723,F,57,37926.78333333333,64492.6,22534.0,0,105,1,classic,,,,,Standard
2343,1994-12-09,Monthly statement,68,Frydek - Mistek,north Moravia,2831,F,18,37905.01666666667,44533.4,27460.2,0,77,0,,5449.0,99336.0,A,0.0,Standard
1363,1997-03-23,Monthly statement,11,Praha - zapad,central Bohemia,1651,F,32,37877.14166666667,31792.800000000003,30805.300000000003,0,104,0,,,,,,Standard
1159,1994-02-09,Monthly statement,49,Semily,east Bohemia,1394,F,56,37864.291666666664,32413.899999999998,20789.999999999996,0,74,0,,,,,,Standard
825,1996-03-06,Monthly statement,19,Prachatice,south Bohemia,992,M,50,37859.9,41748.799999999996,20250.1,0,84,1,classic,5134.0,53076.0,A,0.0,Standard
7815,1995-04-09,Weekly statement,19,Prachatice,south Bohemia,9663,M,53,37856.64999999999,23724.399999999987,20415.599999999988,0,93,0,,6589.0,189696.0,A,0.0,Standard
1443,1997-09-27,Monthly statement,54,Brno - mesto,south Moravia,1751,M,39,37854.525,42034.8,32651.7,0,63,0,,,,,,Standard
3935,1993-03-08,Monthly statement,23,Cheb,west Bohemia,4745,F,50,37839.183333333334,43784.4,23529.2,0,107,0,,,,,,Standard
875,1995-05-17,Monthly statement,63,Vyskov,south Moravia,1054,M,74,37816.041666666664,43025.2,32538.199999999997,0,59,0,,,,,,Standard
1577,1996-10-16,Monthly statement,67,Bruntal,north Moravia,1910,M,52,37795.26666666667,47346.1,23455.100000000002,0,99,0,,,,,,Standard
3445,1994-02-22,Monthly statement,1,Hl.m. Praha,Prague,4166,M,51,37774.175,46467.8,16400.100000000006,0,52,1,classic,,,,,Standard
4144,1996-08-19,Monthly statement,1,Hl.m. Praha,Prague,4993,F,25,37735.85833333333,33055.8,24120.7,0,70,0,,5823.0,212976.0,C,0.0,Standard
3410,1995-07-03,Monthly statement,39,Most,north Bohemia,4122,M,29,37734.875,50725.5,19790.300000000003,0,94,0,,,,,,Standard
1902,1993-07-17,Weekly statement,50,Svitavy,east Bohemia,2310,M,59,37731.299999999996,66516.5,15165.999999999996,0,45,0,,,,,,Standard
361,1993-02-27,Monthly statement,51,Trutnov,east Bohemia,439,F,30,37719.85833333334,34971.700000000004,23052.900000000005,0,81,1,classic,,,,,Standard
1401,1993-08-12,Monthly statement,1,Hl.m. Praha,Prague,1696,F,75,37714.36666666666,41656.0,29552.2,0,68,0,,,,,,Standard
1374,1996-09-26,Monthly statement,53,Blansko,south Moravia,1662,M,31,37685.37500000001,37248.8,14491.500000000002,0,81,0,,5236.0,389136.0,C,0.0,Standard
696,1997-11-09,Monthly statement,54,Brno - mesto,south Moravia,834,M,76,37684.28333333333,56102.9,14508.0,0,60,1,classic,,,,,Standard
2134,1996-08-06,Monthly statement,52,Usti nad Orlici,east Bohemia,2581,F,45,37672.61666666666,57788.5,28287.1,0,89,0,,5382.0,22932.0,C,0.0,Standard
3812,1995-01-16,Monthly statement,72,Olomouc,north Moravia,4593,M,66,37662.24166666667,46327.5,29580.2,0,59,0,,,,,,Standard
4091,1997-08-04,Monthly statement,9,Nymburk,central Bohemia,4928,M,22,37659.125,46512.5,26898.9,0,86,0,,,,,,Standard
2926,1993-01-14,Monthly statement,50,Svitavy,east Bohemia,3534,F,27,37628.691666666666,44250.9,24178.899999999998,0,109,0,,,,,,Standard
2670,1993-01-27,Monthly statement,13,Rakovnik,central Bohemia,3225,M,41,37562.674999999996,39634.2,20636.399999999998,0,72,1,classic,,,,,Standard
1729,1997-09-08,Monthly statement,53,Blansko,south Moravia,2097,M,62,37554.14166666667,40584.0,31535.2,0,65,0,,,,,,Standard
3518,1996-07-22,Monthly statement,9,Nymburk,central Bohemia,4248,F,23,37533.916666666664,46420.3,25998.2,0,72,0,,,,,,Standard
417,1996-01-27,Monthly statement,73,Opava,north Moravia,503,M,39,37526.52499999999,12244.29999999999,12244.29999999999,0,46,1,classic,,,,,Standard
1266,1996-07-01,Monthly statement,57,Hodonin,south Moravia,1528,M,34,37519.166666666664,51866.6,19613.9,0,75,0,,,,,,Standard
3382,1997-11-20,Weekly statement,23,Cheb,west Bohemia,4090,M,27,37501.075000000004,3600.5999999999985,3600.5999999999985,0,40,0,,,,,,Standard
1710,1997-05-25,Monthly statement,74,Ostrava - mesto,north Moravia,2075,M,76,37469.71666666667,49945.700000000004,28425.4,0,68,0,,,,,,Standard
511,1996-11-10,Monthly statement,14,Ceske Budejovice,south Bohemia,614,F,51,37461.14166666667,25868.200000000004,19659.300000000003,0,48,0,,,,,,Standard
1693,1997-04-29,Statement after transaction,1,Hl.m. Praha,Prague,2056,M,20,37453.383333333324,43422.299999999996,2660.4,0,65,0,,,,,,Standard
3170,1996-01-12,Monthly statement,1,Hl.m. Praha,Prague,3834,F,22,37452.46666666667,43383.1,29757.6,0,72,0,,,,,,Standard
6924,1994-06-01,Monthly statement,74,Ostrava - mesto,north Moravia,8359,M,19,37439.491666666676,41267.600000000006,22010.900000000005,0,85,1,junior,6403.0,194880.0,C,0.0,Standard
414,1996-01-29,Monthly statement,1,Hl.m. Praha,Prague,500,M,27,37408.74166666666,65463.8,14023.8,0,66,0,,,,,,Standard
2036,1997-10-03,Monthly statement,70,Karvina,north Moravia,2472,F,22,37396.583333333336,39012.4,26680.4,0,62,0,,,,,,Standard
284,1997-07-18,Monthly statement,54,Brno - mesto,south Moravia,344,F,35,37368.51666666667,30722.800000000003,20208.2,0,73,0,,,,,,Standard
5256,1993-10-25,Statement after transaction,72,Olomouc,north Moravia,6349,M,26,37349.366666666654,45697.19999999998,11167.399999999987,0,75,0,,6072.0,193968.0,A,0.0,Standard
1705,1993-09-15,Monthly statement,70,Karvina,north Moravia,2070,F,26,37333.291666666664,54122.8,21071.000000000004,0,56,0,,,,,,Standard
2440,1997-12-18,Monthly statement,19,Prachatice,south Bohemia,2947,F,41,37326.225,59518.7,24436.2,0,67,0,,,,,,Standard
1285,1993-06-04,Monthly statement,65,Znojmo,south Moravia,1555,M,48,37319.5,43724.9,34305.9,0,69,0,,,,,,Standard
134,1997-12-10,Monthly statement,34,Chomutov,north Bohemia,161,F,55,37297.84166666667,45531.1,19290.5,0,47,1,classic,,,,,Standard
4052,1997-01-25,Weekly statement,36,Liberec,north Bohemia,4882,M,20,37280.35833333334,36806.9,12946.500000000004,0,83,0,,5799.0,106128.0,C,0.0,Standard
880,1996-12-08,Monthly statement,26,Plzen - mesto,west Bohemia,1059,M,38,37275.46666666667,35210.1,18195.1,0,69,1,classic,,,,,Standard
1245,1997-11-12,Monthly statement,68,Frydek - Mistek,north Moravia,1502,M,25,37261.36666666667,50764.0,28884.800000000003,0,56,0,,,,,,Standard
2940,1993-06-24,Monthly statement,54,Brno - mesto,south Moravia,3550,F,29,37242.96666666666,38007.299999999996,30119.899999999994,0,58,0,,,,,,Standard
3111,1995-11-08,Monthly statement,60,Prostejov,south Moravia,3762,F,39,37224.73333333334,38158.3,27866.300000000003,0,73,0,,,,,,Standard
554,1996-01-26,Monthly statement,26,Plzen - mesto,west Bohemia,667,F,17,37221.725,24666.6,24666.6,0,74,1,junior,,,,,Standard
2645,1993-05-22,Monthly statement,54,Brno - mesto,south Moravia,3191,F,23,37218.691666666666,34592.7,26907.7,0,101,0,,,,,,Standard
1511,1994-03-13,Statement after transaction,51,Trutnov,east Bohemia,1831,M,22,37197.25000000001,95057.0,6548.100000000003,0,66,1,junior,,,,,Standard
10520,1995-10-24,Statement after transaction,55,Brno - venkov,south Moravia,12943,M,28,37174.74166666667,28241.5,21585.100000000002,0,63,1,gold,7154.0,417600.0,C,0.0,Standard
1877,1993-12-13,Monthly statement,76,Sumperk,north Moravia,2278,M,77,37153.924999999996,48561.8,29608.3,0,80,0,,,,,,Standard
3042,1993-09-16,Monthly statement,10,Praha - vychod,central Bohemia,3676,F,33,37143.51666666667,45156.700000000004,15866.400000000003,0,69,0,,,,,,Standard
3534,1996-04-08,Monthly statement,59,Kromeriz,south Moravia,4265,M,20,37095.75833333333,41511.399999999994,29328.3,0,85,1,junior,,,,,Standard
3297,1995-02-17,Monthly statement,53,Blansko,south Moravia,3988,F,24,37080.666666666664,41330.700000000004,22045.800000000003,0,56,0,,,,,,Standard
1580,1996-01-08,Monthly statement,69,Jesenik,north Moravia,1913,M,30,37045.85,32372.200000000004,25846.500000000004,0,62,1,classic,5281.0,194256.0,C,0.0,Standard
2228,1994-03-19,Monthly statement,34,Chomutov,north Bohemia,2700,M,53,37045.50833333334,20340.2,20340.2,0,83,0,,5414.0,185952.0,C,0.0,Standard
2391,1997-11-07,Monthly statement,2,Benesov,central Bohemia,2887,F,37,37036.63333333333,40823.7,27520.399999999998,0,60,0,,,,,,Standard
2447,1997-07-14,Monthly statement,38,Louny,north Bohemia,2954,F,39,37020.63333333334,47048.5,23372.800000000003,0,70,0,,,,,,Standard
3357,1995-07-26,Monthly statement,54,Brno - mesto,south Moravia,4059,M,74,37017.59166666667,37321.2,29318.0,0,64,0,,,,,,Standard
2139,1995-06-09,Monthly statement,8,Mlada Boleslav,central Bohemia,2586,M,32,36984.333333333336,43241.5,23343.7,0,98,0,,,,,,Standard
1645,1996-10-16,Monthly statement,50,Svitavy,east Bohemia,1995,F,57,36937.43333333333,46193.5,24913.699999999997,0,71,0,,,,,,Standard
2389,1996-06-02,Monthly statement,40,Teplice,north Bohemia,2884,F,40,36936.225,45351.1,31606.100000000002,0,73,0,,,,,,Standard
2532,1996-12-24,Monthly statement,38,Louny,north Bohemia,3056,F,39,36897.74166666666,26035.899999999998,22303.899999999998,0,74,1,classic,,,,,Standard
3384,1995-11-05,Monthly statement,14,Ceske Budejovice,south Bohemia,4092,F,65,36891.13333333333,47147.1,28982.4,0,65,0,,,,,,Standard
85,1997-03-23,Monthly statement,68,Frydek - Mistek,north Moravia,101,M,55,36813.35,52012.5,12452.2,0,68,0,,,,,,Standard
1398,1994-08-18,Monthly statement,62,Uherske Hradiste,south Moravia,1692,M,26,36811.36666666667,31998.0,30998.0,0,23,0,,,,,,Standard
3791,1996-05-03,Weekly statement,1,Hl.m. Praha,Prague,4571,M,31,36800.34166666667,58935.2,23718.599999999995,0,102,0,,,,,,Standard
1672,1996-05-08,Monthly statement,5,Kolin,central Bohemia,2030,F,18,36800.15,46333.7,27738.8,0,74,0,,,,,,Standard
381,1993-07-04,Monthly statement,68,Frydek - Mistek,north Moravia,461,F,28,36777.816666666666,49153.4,20420.2,0,61,0,,,,,,Standard
9677,1996-10-13,Monthly statement,8,Mlada Boleslav,central Bohemia,11911,M,59,36771.01666666667,37363.6,29352.0,0,82,0,,6970.0,31620.0,C,0.0,Standard
3704,1993-01-24,Monthly statement,75,Prerov,north Moravia,4466,F,76,36740.98333333333,42722.1,28980.5,0,61,0,,,,,,Standard
5033,1995-08-03,Monthly statement,54,Brno - mesto,south Moravia,6077,F,18,36718.34166666667,41097.8,25889.200000000004,0,98,0,,6019.0,11400.0,A,0.0,Standard
2936,1996-03-27,Monthly statement,3,Beroun,central Bohemia,3546,M,27,36716.958333333336,45255.5,22222.800000000003,0,82,0,,5569.0,504000.0,C,0.0,Standard
1393,1996-11-24,Monthly statement,1,Hl.m. Praha,Prague,1686,F,51,36713.775,32149.399999999998,30326.1,0,63,0,,,,,,Standard
1269,1994-03-28,Monthly statement,52,Usti nad Orlici,east Bohemia,1531,F,38,36710.200000000004,51049.0,24424.100000000002,0,86,0,,,,,,Standard
2801,1996-09-23,Monthly statement,11,Praha - zapad,central Bohemia,3385,F,74,36667.958333333336,46391.7,30932.1,0,59,0,,,,,,Standard
2742,1994-10-15,Monthly statement,23,Cheb,west Bohemia,3310,M,44,36664.25833333333,32584.3,28459.8,0,85,1,classic,,,,,Standard
3501,1997-12-13,Monthly statement,36,Liberec,north Bohemia,4229,M,37,36660.1,28763.200000000004,22341.9,0,70,0,,,,,,Standard
1490,1996-07-25,Monthly statement,5,Kolin,central Bohemia,1806,M,46,36605.85833333334,74065.1,16034.3,0,52,0,,,,,,Standard
1781,1996-06-23,Monthly statement,10,Praha - vychod,central Bohemia,2158,M,17,36597.91666666667,30479.300000000003,18921.000000000004,0,64,0,,,,,,Standard
1650,1997-12-06,Monthly statement,39,Most,north Bohemia,2000,F,56,36590.075,33390.7,16064.199999999999,0,68,0,,,,,,Standard
4493,1996-10-15,Statement after transaction,61,Trebic,south Moravia,5420,M,63,36584.924999999996,32360.299999999996,25626.499999999996,0,47,0,,,,,,Standard
4585,1996-06-08,Monthly statement,27,Plzen - jih,west Bohemia,5526,M,51,36569.3,52117.0,29162.300000000003,0,81,1,classic,5923.0,64656.0,C,0.0,Standard
2192,1996-03-22,Monthly statement,59,Kromeriz,south Moravia,2654,F,59,36566.14166666667,52783.3,23795.5,0,92,0,,,,,,Standard
2710,1996-06-12,Monthly statement,12,Pribram,central Bohemia,3270,M,58,36563.61666666666,23958.699999999997,23958.699999999997,0,54,0,,,,,,Standard
1207,1993-06-08,Monthly statement,67,Bruntal,north Moravia,1458,M,60,36499.83333333333,30577.599999999995,25894.999999999996,0,70,0,,,,,,Standard
3072,1993-06-05,Monthly statement,8,Mlada Boleslav,central Bohemia,3714,F,45,36495.533333333326,17010.699999999993,17010.699999999993,0,61,0,,,,,,Standard
1949,1994-05-04,Monthly statement,41,Usti nad Labem,north Bohemia,2370,F,42,36493.01666666667,39859.700000000004,24823.2,0,106,0,,,,,,Standard
586,1995-03-16,Monthly statement,54,Brno - mesto,south Moravia,704,M,23,36492.708333333336,22608.3,22608.3,0,59,0,,,,,,Standard
1541,1996-10-18,Monthly statement,60,Prostejov,south Moravia,1868,M,18,36488.808333333334,17012.899999999998,16636.5,0,75,0,,,,,,Standard
4354,1997-01-08,Monthly statement,38,Louny,north Bohemia,5245,F,56,36483.81666666667,54055.9,7580.8,0,81,1,classic,5865.0,327660.0,C,0.0,Standard
2394,1997-08-23,Monthly statement,62,Uherske Hradiste,south Moravia,2890,M,47,36474.75833333333,31143.4,20500.5,0,89,0,,,,,,Standard
2393,1993-01-07,Monthly statement,10,Praha - vychod,central Bohemia,2889,M,55,36469.19166666666,48061.299999999996,21635.699999999997,0,74,0,,,,,,Standard
1405,1996-06-04,Monthly statement,53,Blansko,south Moravia,1702,F,25,36420.916666666664,39239.3,31191.5,0,79,0,,,,,,Standard
750,1993-09-12,Monthly statement,73,Opava,north Moravia,900,M,21,36378.775,38884.5,22103.500000000004,0,73,1,junior,,,,,Standard
2400,1996-06-15,Monthly statement,40,Teplice,north Bohemia,2897,M,73,36371.4,42380.7,28106.2,0,64,0,,,,,,Standard
355,1996-02-01,Weekly statement,62,Uherske Hradiste,south Moravia,433,M,43,36370.61666666666,21764.199999999997,20866.7,0,85,0,,,,,,Standard
1370,1996-09-25,Monthly statement,52,Usti nad Orlici,east Bohemia,1658,F,69,36365.85833333333,39710.3,26564.9,0,65,0,,,,,,Standard
6434,1995-05-08,Monthly statement,1,Hl.m. Praha,Prague,7765,F,40,36356.85833333333,38707.5,12607.699999999993,0,77,0,,6309.0,110136.0,A,0.0,Standard
11096,1996-12-10,Monthly statement,28,Plzen - sever,west Bohemia,13640,F,43,36341.575000000004,64992.3,15765.500000000002,0,84,0,,7255.0,213300.0,C,0.0,Standard
201,1994-11-02,Monthly statement,63,Vyskov,south Moravia,243,M,44,36328.525,43995.600000000006,20931.4,0,76,0,,,,,,Standard
3958,1997-12-28,Monthly statement,59,Kromeriz,south Moravia,4774,M,47,36313.924999999996,52391.4,20298.499999999996,0,46,0,,,,,,Standard
1626,1994-03-15,Monthly statement,3,Beroun,central Bohemia,1971,F,29,36309.81666666667,46361.3,16022.400000000007,0,49,1,classic,,,,,Standard
1149,1995-09-07,Monthly statement,18,Pisek,south Bohemia,1382,F,19,36298.09166666667,27020.3,27020.3,0,36,1,junior,,,,,Standard
1836,1996-02-15,Monthly statement,42,Havlickuv Brod,east Bohemia,2227,M,23,36291.88333333333,50070.1,14945.499999999996,0,87,0,,,,,,Standard
2918,1997-12-05,Statement after transaction,15,Cesky Krumlov,south Bohemia,3525,M,24,36273.049999999996,53535.799999999996,6532.500000000003,0,67,0,,,,,,Standard
6061,1997-03-08,Monthly statement,1,Hl.m. Praha,Prague,7324,F,35,36270.15833333333,51140.2,24794.3,0,81,0,,6234.0,5148.0,C,0.0,Standard
1502,1996-10-02,Monthly statement,1,Hl.m. Praha,Prague,1821,M,57,36261.041666666664,35754.6,16242.700000000003,0,70,0,,,,,,Standard
1619,1997-02-24,Monthly statement,38,Louny,north Bohemia,1963,M,53,36232.625,43753.7,24383.3,0,73,0,,,,,,Standard
10710,1995-10-30,Monthly statement,19,Prachatice,south Bohemia,13171,F,48,36224.19999999999,60746.499999999985,966.5999999999924,0,73,0,,,,,,Standard
3263,1996-03-07,Monthly statement,44,Chrudim,east Bohemia,3948,F,19,36188.13333333333,42959.299999999996,29695.699999999997,0,21,0,,,,,,Standard
3377,1996-12-02,Monthly statement,74,Ostrava - mesto,north Moravia,4083,F,30,36166.39166666667,65333.3,20626.300000000003,0,68,1,classic,,,,,Standard
3057,1997-07-23,Monthly statement,9,Nymburk,central Bohemia,3697,F,44,36159.48333333333,40251.6,30096.3,0,67,0,,,,,,Standard
5572,1997-08-11,Monthly statement,15,Cesky Krumlov,south Bohemia,6729,M,41,36152.450000000004,49914.0,13806.700000000004,0,76,0,,6136.0,140880.0,C,0.0,Standard
797,1996-11-20,Monthly statement,57,Hodonin,south Moravia,955,M,28,36149.10833333333,39014.0,11391.8,0,71,0,,,,,,Standard
223,1995-06-13,Monthly statement,39,Most,north Bohemia,268,F,16,36147.866666666676,24979.90000000001,24979.90000000001,0,44,1,junior,,,,,Standard
840,1996-03-12,Monthly statement,70,Karvina,north Moravia,1012,F,32,36146.14166666667,62764.4,18570.300000000003,0,69,0,,,,,,Standard
3385,1997-12-21,Monthly statement,1,Hl.m. Praha,Prague,4093,M,52,36140.71666666667,44424.700000000004,17809.7,0,57,0,,,,,,Standard
2533,1995-06-27,Monthly statement,49,Semily,east Bohemia,3058,F,55,36104.075000000004,48416.4,2903.5000000000027,0,66,0,,,,,,Standard
1627,1994-01-20,Monthly statement,1,Hl.m. Praha,Prague,1972,F,52,36077.958333333336,32293.099999999995,32293.099999999995,0,59,0,,,,,,Standard
7606,1995-03-15,Monthly statement,21,Tabor,south Bohemia,9417,M,49,36053.275,35495.5,30364.9,0,81,0,,6545.0,191880.0,C,0.0,Standard
2903,1994-05-19,Monthly statement,38,Louny,north Bohemia,3508,M,28,36050.725,21064.799999999996,19232.6,0,67,0,,,,,,Standard
3601,1995-06-13,Monthly statement,54,Brno - mesto,south Moravia,4344,M,73,36044.675,40748.8,26308.4,0,67,0,,,,,,Standard
2678,1997-07-15,Monthly statement,1,Hl.m. Praha,Prague,3233,M,18,36029.875,61601.6,18775.600000000002,0,69,1,junior,,,,,Standard
2950,1996-06-28,Monthly statement,62,Uherske Hradiste,south Moravia,3564,M,50,36029.39166666667,56930.3,26357.000000000004,0,65,0,,,,,,Standard
2142,1997-09-01,Monthly statement,42,Havlickuv Brod,east Bohemia,2590,F,34,35985.225,31578.1,23735.399999999998,0,77,0,,5384.0,23328.0,C,0.0,Standard
3131,1995-10-23,Monthly statement,21,Tabor,south Bohemia,3787,F,20,35949.183333333334,58808.299999999996,20965.8,0,70,1,junior,,,,,Standard
3622,1994-10-15,Monthly statement,53,Blansko,south Moravia,4369,M,33,35911.42500000002,35265.30000000002,25045.50000000002,0,69,0,,,,,,Standard
3492,1995-09-10,Monthly statement,33,Decin,north Bohemia,4220,M,35,35906.924999999996,40546.6,18655.4,0,85,0,,,,,,Standard
4681,1995-08-08,Monthly statement,70,Karvina,north Moravia,5642,F,41,35905.38333333333,54270.5,26260.7,0,91,0,,5942.0,162624.0,C,0.0,Standard
3688,1993-11-10,Monthly statement,70,Karvina,north Moravia,4448,F,56,35897.75833333334,29732.800000000003,29732.800000000003,0,62,0,,,,,,Standard
4534,1997-01-18,Monthly statement,63,Vyskov,south Moravia,5469,F,19,35874.68333333333,31650.6,25540.199999999997,0,23,0,,,,,,Standard
10063,1996-10-13,Weekly statement,4,Kladno,central Bohemia,12376,M,39,35864.04166666667,50283.4,14912.400000000007,0,121,0,,7049.0,233424.0,C,0.0,Standard
1945,1995-11-09,Monthly statement,56,Breclav,south Moravia,2364,F,27,35858.275,51985.6,27434.499999999996,0,55,0,,,,,,Standard
3429,1993-12-17,Monthly statement,73,Opava,north Moravia,4145,F,76,35843.575,46505.4,26163.3,0,75,0,,,,,,Standard
10774,1997-07-05,Monthly statement,46,Nachod,east Bohemia,13246,F,56,35837.71666666667,37653.799999999996,25240.5,0,77,0,,7195.0,339168.0,C,0.0,Standard
1644,1993-05-09,Monthly statement,1,Hl.m. Praha,Prague,1993,M,23,35798.63333333334,45183.50000000001,21681.000000000004,0,100,0,,,,,,Standard
952,1997-11-09,Monthly statement,41,Usti nad Labem,north Bohemia,1148,M,57,35731.76666666667,55166.9,22817.600000000002,0,60,0,,,,,,Standard
1959,1993-12-24,Monthly statement,62,Uherske Hradiste,south Moravia,2382,F,71,35723.833333333336,31360.1,28441.3,0,80,0,,,,,,Standard
1737,1996-02-13,Monthly statement,77,Vsetin,north Moravia,2108,F,53,35723.316666666666,44518.6,20571.199999999997,0,75,0,,,,,,Standard
1465,1995-06-08,Monthly statement,30,Sokolov,west Bohemia,1776,F,44,35722.36666666667,34071.3,29720.7,0,82,0,,,,,,Standard
3418,1996-09-02,Statement after transaction,42,Havlickuv Brod,east Bohemia,4132,M,36,35714.0,27523.5,5976.300000000004,0,84,0,,5674.0,207264.0,C,0.0,Standard
749,1997-03-23,Monthly statement,38,Louny,north Bohemia,898,F,55,35688.183333333334,30204.6,28054.199999999997,0,108,0,,,,,,Standard
2258,1996-11-12,Monthly statement,3,Beroun,central Bohemia,2733,F,71,35687.64166666667,41192.1,29904.0,0,63,0,,,,,,Standard
2243,1996-01-24,Monthly statement,25,Klatovy,west Bohemia,2716,F,29,35687.083333333336,32456.7,28869.6,0,84,0,,,,,,Standard
3396,1997-11-20,Monthly statement,1,Hl.m. Praha,Prague,4106,M,62,35664.35833333333,37600.5,24623.8,0,49,0,,,,,,Standard
2116,1996-05-02,Monthly statement,70,Karvina,north Moravia,2560,F,24,35663.21666666667,29808.6,25297.699999999997,0,85,1,classic,5377.0,92400.0,A,0.0,Standard
2482,1994-02-23,Monthly statement,1,Hl.m. Praha,Prague,2997,F,57,35658.541666666664,34370.3,24500.3,0,103,0,,,,,,Standard
1102,1996-02-19,Monthly statement,70,Karvina,north Moravia,1323,M,54,35647.475,52603.6,21488.4,0,69,0,,,,,,Standard
4132,1997-10-02,Monthly statement,36,Liberec,north Bohemia,4976,M,17,35637.60833333333,42704.0,29303.7,0,24,1,junior,,,,,Standard
3944,1995-10-08,Monthly statement,22,Domazlice,west Bohemia,4756,F,48,35559.041666666664,58534.899999999994,26991.1,0,85,0,,,,,,Standard
2022,1993-06-11,Monthly statement,72,Olomouc,north Moravia,2455,M,79,35547.35,46468.3,27691.100000000002,0,57,0,,,,,,Standard
913,1996-05-10,Monthly statement,59,Kromeriz,south Moravia,1100,M,47,35529.333333333336,41697.4,28721.4,0,97,0,,,,,,Standard
2860,1997-05-30,Weekly statement,54,Brno - mesto,south Moravia,3456,F,53,35524.11666666667,33815.1,13340.500000000004,0,54,0,,,,,,Standard
8094,1996-11-24,Monthly statement,67,Bruntal,north Moravia,9997,M,36,35513.225000000006,29600.800000000003,20337.400000000005,0,86,0,,6660.0,220428.0,C,0.0,Standard
898,1996-03-27,Monthly statement,71,Novy Jicin,north Moravia,1081,M,28,35501.075000000004,44158.200000000004,15473.8,0,85,0,,,,,,Standard
4134,1993-03-03,Monthly statement,7,Melnik,central Bohemia,4979,M,61,35483.54166666666,29819.59999999999,11802.799999999992,0,65,0,,,,,,Standard
2402,1997-11-06,Monthly statement,18,Pisek,south Bohemia,2900,M,75,35482.816666666666,46175.0,21916.2,0,52,0,,,,,,Standard
1136,1993-08-07,Monthly statement,12,Pribram,central Bohemia,1366,F,18,35474.899999999994,75188.4,21726.499999999996,0,75,0,,,,,,Standard
1976,1997-03-25,Monthly statement,26,Plzen - mesto,west Bohemia,2401,F,50,35459.291666666664,49637.6,20690.2,0,84,1,classic,,,,,Standard
330,1996-11-24,Monthly statement,42,Havlickuv Brod,east Bohemia,403,F,25,35459.23333333333,26726.899999999998,26726.899999999998,0,65,0,,5042.0,331584.0,C,0.0,Standard
3903,1994-12-19,Monthly statement,58,Jihlava,south Moravia,4706,F,55,35450.50833333333,50748.99999999999,26966.299999999996,0,70,0,,,,,,Standard
320,1997-01-23,Monthly statement,47,Pardubice,east Bohemia,390,F,21,35448.775,44231.6,22301.300000000003,0,78,0,,,,,,Standard
2648,1993-04-13,Monthly statement,51,Trutnov,east Bohemia,3194,F,23,35448.241666666676,39659.8,25648.600000000006,0,45,0,,,,,,Standard
248,1995-04-02,Monthly statement,1,Hl.m. Praha,Prague,300,F,41,35441.56666666667,35332.700000000004,25628.000000000004,0,56,0,,,,,,Standard
1454,1997-07-25,Monthly statement,46,Nachod,east Bohemia,1763,M,31,35416.666666666664,35200.0,31200.0,0,11,0,,,,,,Standard
1383,1996-04-15,Monthly statement,11,Praha - zapad,central Bohemia,1674,F,78,35414.791666666664,32566.3,30845.1,0,72,0,,,,,,Standard
3493,1993-07-22,Monthly statement,63,Vyskov,south Moravia,4221,F,57,35414.75833333333,38395.1,32087.899999999998,0,54,0,,,,,,Standard
2401,1994-08-26,Monthly statement,16,Jindrichuv Hradec,south Bohemia,2899,M,80,35392.549999999996,42268.7,25106.5,0,62,0,,,,,,Standard
1885,1996-08-13,Monthly statement,47,Pardubice,east Bohemia,2287,M,19,35391.00833333333,16934.2,16934.2,0,74,1,junior,,,,,Standard
2136,1997-10-02,Monthly statement,75,Prerov,north Moravia,2583,M,61,35377.291666666664,56899.4,22908.0,0,50,0,,,,,,Standard
3656,1993-08-06,Monthly statement,53,Blansko,south Moravia,4407,M,23,35371.34166666667,67106.0,23211.100000000002,0,53,0,,,,,,Standard
21,1997-12-06,Monthly statement,54,Brno - mesto,south Moravia,27,F,32,35370.950000000004,53230.700000000004,15007.800000000001,0,59,0,,,,,,Standard
5774,1995-06-08,Monthly statement,1,Hl.m. Praha,Prague,6987,M,30,35342.24166666666,53225.7,26753.399999999994,0,88,0,,6185.0,31176.0,A,0.0,Standard
1130,1997-05-11,Monthly statement,1,Hl.m. Praha,Prague,1356,M,66,35334.6,38408.0,27283.6,0,69,0,,,,,,Standard
5118,1995-08-05,Monthly statement,72,Olomouc,north Moravia,6175,M,34,35316.791666666664,31798.3,28234.2,0,95,0,,6037.0,53232.0,C,0.0,Standard
2864,1996-03-16,Monthly statement,54,Brno - mesto,south Moravia,3461,M,40,35286.95,53542.5,14542.199999999999,0,96,0,,,,,,Standard
1941,1993-11-15,Monthly statement,60,Prostejov,south Moravia,2358,F,52,35262.24999999999,45044.299999999996,16816.499999999996,0,44,0,,,,,,Standard
3036,1994-04-10,Monthly statement,10,Praha - vychod,central Bohemia,3669,M,36,35258.899999999994,16078.29999999999,16078.29999999999,0,63,0,,,,,,Standard
647,1997-04-28,Monthly statement,1,Hl.m. Praha,Prague,776,F,45,35242.549999999996,40438.8,30115.4,0,70,0,,,,,,Standard
628,1994-01-03,Monthly statement,72,Olomouc,north Moravia,755,M,51,35209.14166666667,28718.5,28649.3,0,66,0,,,,,,Standard
3838,1994-05-02,Monthly statement,3,Beroun,central Bohemia,4626,F,51,35183.61666666667,49245.4,24234.000000000004,0,57,0,,,,,,Standard
5632,1994-11-15,Weekly statement,5,Kolin,central Bohemia,6803,F,18,35160.62500000001,48404.8,14360.100000000004,0,69,0,,6153.0,285600.0,C,0.0,Standard
7401,1993-02-26,Monthly statement,1,Hl.m. Praha,Prague,9173,M,53,35155.15,35761.8,23578.2,0,85,0,,6499.0,80952.0,A,0.0,Standard
3983,1993-02-04,Monthly statement,67,Bruntal,north Moravia,4803,M,53,35152.51666666667,47293.0,24050.2,0,56,0,,,,,,Standard
7262,1996-08-30,Monthly statement,70,Karvina,north Moravia,8764,F,58,35135.69166666667,40855.700000000004,29251.7,0,89,0,,6490.0,73260.0,C,0.0,Standard
10134,1997-04-26,Monthly statement,22,Domazlice,west Bohemia,12468,M,29,35128.058333333334,54589.9,22254.4,0,94,0,,7067.0,136368.0,C,0.0,Standard
3230,1995-03-11,Monthly statement,1,Hl.m. Praha,Prague,3907,F,44,35125.11666666666,107612.2,11541.899999999994,0,70,0,,5635.0,77184.0,C,0.0,Standard
3963,1997-10-27,Monthly statement,9,Nymburk,central Bohemia,4781,F,32,35101.85,48240.200000000004,28862.4,0,81,0,,,,,,Standard
7176,1996-12-07,Monthly statement,1,Hl.m. Praha,Prague,8661,F,44,35098.49166666667,57381.8,22318.899999999998,0,86,0,,6468.0,203940.0,C,0.0,Standard
7636,1996-10-08,Monthly statement,40,Teplice,north Bohemia,9456,F,57,35090.04166666668,30234.200000000015,24135.50000000002,0,83,0,,6553.0,42384.0,C,0.0,Standard
7485,1993-07-28,Monthly statement,39,Most,north Bohemia,9273,F,43,35063.758333333324,47322.799999999996,25422.599999999995,0,68,0,,6520.0,91200.0,A,0.0,Standard
2163,1995-01-05,Monthly statement,17,Pelhrimov,south Bohemia,2618,M,56,35040.85833333333,54302.5,27977.199999999997,0,81,0,,,,,,Standard
6118,1994-03-07,Weekly statement,1,Hl.m. Praha,Prague,7390,M,61,35039.31666666667,38014.0,24933.000000000004,0,69,0,,6244.0,270648.0,B,1.0,Standard
460,1994-04-18,Monthly statement,1,Hl.m. Praha,Prague,552,F,64,35020.025,43382.1,25225.0,0,53,0,,,,,,Standard
3228,1996-10-30,Monthly statement,29,Rokycany,west Bohemia,3904,F,59,35000.475,50136.1,20485.399999999998,0,88,0,,,,,,Standard
3737,1995-03-01,Monthly statement,34,Chomutov,north Bohemia,4510,F,60,34997.183333333334,40682.7,26398.0,0,76,0,,,,,,Standard
1620,1995-06-08,Monthly statement,17,Pelhrimov,south Bohemia,1964,M,67,34994.14166666667,43040.6,27501.0,0,65,0,,,,,,Standard
6856,1995-08-19,Monthly statement,43,Hradec Kralove,east Bohemia,8276,F,19,34985.98333333333,29354.899999999998,21128.8,0,99,0,,6386.0,124344.0,C,0.0,Standard
3098,1996-09-16,Monthly statement,1,Hl.m. Praha,Prague,3747,M,34,34955.450000000004,33009.8,16144.300000000003,0,68,0,,,,,,Standard
6358,1995-05-27,Monthly statement,3,Beroun,central Bohemia,7678,M,36,34933.70833333332,36830.39999999999,24886.399999999987,0,78,0,,6296.0,270384.0,C,0.0,Standard
3718,1994-04-16,Monthly statement,63,Vyskov,south Moravia,4483,F,32,34929.51666666667,41168.8,26185.7,0,72,0,,,,,,Standard
1516,1993-10-08,Monthly statement,67,Bruntal,north Moravia,1837,M,41,34921.10833333333,38602.9,31773.100000000002,0,56,0,,,,,,Standard
3553,1995-08-30,Monthly statement,70,Karvina,north Moravia,4288,F,52,34897.65833333333,38588.0,28177.6,0,53,0,,,,,,Standard
4576,1993-06-05,Monthly statement,27,Plzen - jih,west Bohemia,5517,M,34,34891.5,53576.799999999996,21834.5,0,63,0,,5918.0,300204.0,A,0.0,Standard
807,1995-06-13,Weekly statement,76,Sumperk,north Moravia,967,M,19,34890.60833333334,31334.9,27156.4,0,75,1,junior,,,,,Standard
1622,1996-04-12,Monthly statement,19,Prachatice,south Bohemia,1966,F,50,34844.36666666667,33603.4,23880.6,0,86,0,,,,,,Standard
3456,1993-09-06,Monthly statement,32,Ceska Lipa,north Bohemia,4178,M,72,34844.31666666667,51411.700000000004,16540.7,0,55,0,,,,,,Standard
4438,1996-08-04,Monthly statement,48,Rychnov nad Kneznou,east Bohemia,5353,F,31,34793.50833333333,50700.1,10436.299999999997,0,60,0,,,,,,Standard
2306,1993-12-08,Monthly statement,38,Louny,north Bohemia,2790,M,23,34792.43333333333,49915.2,11855.9,0,85,0,,,,,,Standard
1388,1994-05-02,Monthly statement,29,Rokycany,west Bohemia,1680,F,23,34780.11666666666,63400.2,16721.6,0,48,1,classic,,,,,Standard
844,1994-04-28,Monthly statement,53,Blansko,south Moravia,1018,M,53,34756.200000000004,61749.20000000001,21095.800000000007,0,80,1,classic,,,,,Standard
3835,1993-03-16,Monthly statement,50,Svitavy,east Bohemia,4622,F,26,34754.416666666664,38091.700000000004,26423.1,0,79,0,,,,,,Standard
562,1993-02-25,Monthly statement,50,Svitavy,east Bohemia,675,M,23,34742.83333333334,65208.80000000001,21883.80000000001,0,73,0,,,,,,Standard
1017,1994-08-11,Monthly statement,14,Ceske Budejovice,south Bohemia,1221,F,25,34729.575000000004,47124.1,22792.0,0,83,0,,,,,,Standard
1458,1994-01-03,Monthly statement,29,Rokycany,west Bohemia,1768,M,47,34723.73333333334,33413.0,30427.4,0,72,0,,,,,,Standard
910,1997-02-03,Monthly statement,1,Hl.m. Praha,Prague,1096,F,72,34712.53333333333,34669.299999999996,25783.399999999998,0,63,0,,,,,,Standard
2395,1996-06-24,Monthly statement,3,Beroun,central Bohemia,2892,F,57,34703.458333333336,42007.9,20171.000000000004,0,70,0,,,,,,Standard
680,1997-07-18,Monthly statement,17,Pelhrimov,south Bohemia,816,F,40,34699.15,32282.8,23185.1,0,68,1,classic,,,,,Standard
10404,1996-12-30,Monthly statement,1,Hl.m. Praha,Prague,12802,M,29,34697.791666666664,50339.0,27299.3,0,119,1,classic,7129.0,194280.0,C,0.0,Standard
3032,1993-06-07,Monthly statement,5,Kolin,central Bohemia,3662,M,67,34688.666666666664,50394.7,16241.599999999999,0,55,0,,,,,,Standard
2612,1997-04-29,Monthly statement,1,Hl.m. Praha,Prague,3152,M,62,34676.6,38316.6,21350.3,0,61,0,,,,,,Standard
3555,1994-09-26,Monthly statement,32,Ceska Lipa,north Bohemia,4290,M,51,34674.674999999996,47620.7,24083.3,0,67,0,,,,,,Standard
1399,1996-05-20,Monthly statement,45,Jicin,east Bohemia,1693,F,18,34665.0,37188.6,25574.8,0,107,0,,,,,,Standard
26,1993-08-08,Monthly statement,52,Usti nad Orlici,east Bohemia,32,M,18,34659.95833333333,51771.399999999994,24736.199999999993,0,65,0,,,,,,Standard
2112,1996-07-12,Monthly statement,44,Chrudim,east Bohemia,2556,F,47,34641.31666666667,52249.9,15090.400000000003,0,74,0,,,,,,Standard
1303,1997-09-08,Monthly statement,23,Cheb,west Bohemia,1577,M,54,34609.083333333336,39873.3,30513.7,0,60,0,,,,,,Standard
3571,1993-11-21,Monthly statement,39,Most,north Bohemia,4309,F,19,34606.941666666666,39367.2,22719.699999999997,0,79,0,,,,,,Standard
2830,1995-08-04,Monthly statement,20,Strakonice,south Bohemia,3421,M,51,34574.975,34598.1,23085.2,0,85,0,,,,,,Standard
1810,1995-09-03,Monthly statement,50,Svitavy,east Bohemia,2194,F,37,34566.175,24099.2,21867.4,0,70,0,,,,,,Standard
1826,1994-05-22,Monthly statement,5,Kolin,central Bohemia,2214,M,52,34511.166666666664,45910.3,26290.9,0,66,1,classic,,,,,Standard
3604,1993-12-22,Monthly statement,75,Prerov,north Moravia,4347,F,72,34504.066666666666,44739.5,26390.1,0,61,0,,,,,,Standard
112,1993-03-12,Monthly statement,6,Kutna Hora,central Bohemia,134,M,66,34494.041666666664,51810.700000000004,17009.500000000004,0,54,0,,,,,,Standard
3137,1996-12-15,Monthly statement,39,Most,north Bohemia,3793,F,47,34478.458333333336,50782.4,18952.1,0,65,0,,5614.0,253560.0,C,0.0,Standard
3329,1996-10-12,Monthly statement,3,Beroun,central Bohemia,4024,M,34,34467.2,37235.1,21693.199999999997,0,85,0,,5651.0,19248.0,A,0.0,Standard
1231,1994-01-18,Monthly statement,7,Melnik,central Bohemia,1485,M,20,34463.6,63735.5,16583.199999999997,0,61,0,,,,,,Standard
1093,1996-01-14,Monthly statement,54,Brno - mesto,south Moravia,1311,F,42,34458.741666666676,39717.20000000001,17264.20000000001,0,92,0,,5174.0,385104.0,C,0.0,Standard
3448,1996-06-06,Weekly statement,58,Jihlava,south Moravia,4169,F,18,34456.36666666666,23916.3,15742.0,0,60,0,,5681.0,68664.0,C,0.0,Standard
5628,1994-06-17,Monthly statement,61,Trebic,south Moravia,6798,F,50,34419.691666666666,40558.1,23150.6,0,68,0,,6151.0,225420.0,C,0.0,Standard
3722,1997-12-07,Monthly statement,76,Sumperk,north Moravia,4489,M,50,34398.933333333334,27156.600000000002,22941.300000000003,0,60,0,,,,,,Standard
955,1996-07-08,Monthly statement,59,Kromeriz,south Moravia,1151,M,25,34388.86666666667,55275.0,17872.4,0,66,0,,,,,,Standard
2427,1993-10-08,Weekly statement,70,Karvina,north Moravia,2932,F,58,34387.67500000001,32094.200000000008,26260.40000000001,0,86,0,,,,,,Standard
1889,1995-02-06,Monthly statement,59,Kromeriz,south Moravia,2292,M,77,34381.25833333334,41575.3,26811.6,0,62,0,,,,,,Standard
115,1993-03-19,Monthly statement,68,Frydek - Mistek,north Moravia,138,F,26,34344.625,33605.200000000004,26715.3,0,65,1,classic,,,,,Standard
2968,1995-02-05,Monthly statement,15,Cesky Krumlov,south Bohemia,3583,F,56,34335.87499999999,40296.69999999999,24894.099999999995,0,84,1,classic,,,,,Standard
11054,1996-02-01,Weekly statement,59,Kromeriz,south Moravia,13590,M,21,34330.066666666666,53050.7,20644.1,0,85,0,,7246.0,148920.0,C,0.0,Standard
1866,1997-11-17,Monthly statement,4,Kladno,central Bohemia,2264,M,55,34313.63333333333,47114.2,18605.600000000002,0,69,0,,,,,,Standard
1520,1995-08-08,Monthly statement,48,Rychnov nad Kneznou,east Bohemia,1843,F,59,34295.316666666666,40428.5,26197.6,0,66,0,,,,,,Standard
8926,1997-03-21,Monthly statement,1,Hl.m. Praha,Prague,10997,F,26,34288.99166666667,40297.700000000004,23744.500000000004,0,134,0,,6791.0,566640.0,C,0.0,Standard
2159,1996-01-01,Monthly statement,1,Hl.m. Praha,Prague,2613,M,21,34285.84166666667,54621.9,16891.2,0,80,0,,,,,,Standard
982,1993-02-05,Monthly statement,54,Brno - mesto,south Moravia,1183,M,56,34274.875,21159.4,18191.7,0,105,0,,,,,,Standard
4066,1994-05-24,Monthly statement,72,Olomouc,north Moravia,4901,F,48,34255.84999999999,37372.79999999999,23378.99999999999,0,82,1,classic,,,,,Standard
6738,1994-07-28,Monthly statement,62,Uherske Hradiste,south Moravia,8130,F,22,34227.96666666667,46885.9,24409.1,0,66,0,,6362.0,37908.0,A,0.0,Standard
6321,1994-09-10,Monthly statement,1,Hl.m. Praha,Prague,7632,M,50,34191.78333333333,19268.699999999997,15004.399999999998,0,57,0,,,,,,Standard
694,1996-09-04,Monthly statement,67,Bruntal,north Moravia,832,F,75,34180.441666666666,42169.1,27976.699999999997,0,61,0,,,,,,Standard
251,1996-04-06,Monthly statement,74,Ostrava - mesto,north Moravia,303,M,52,34166.075000000004,35458.3,21282.600000000002,0,72,0,,,,,,Standard
4650,1995-10-15,Monthly statement,4,Kladno,central Bohemia,5606,M,18,34151.55833333333,42051.6,17612.399999999998,0,93,0,,5938.0,402000.0,C,0.0,Standard
1101,1997-09-22,Monthly statement,4,Kladno,central Bohemia,1322,F,53,34126.549999999996,43046.6,19422.0,0,59,1,classic,,,,,Standard
565,1995-11-25,Monthly statement,39,Most,north Bohemia,678,F,65,34106.63333333334,42415.3,26725.0,0,57,0,,,,,,Standard
2655,1996-09-07,Monthly statement,1,Hl.m. Praha,Prague,3203,F,39,34076.05833333334,29299.100000000002,20581.100000000006,0,83,0,,,,,,Standard
2038,1993-08-06,Monthly statement,42,Havlickuv Brod,east Bohemia,2474,M,41,34057.34166666667,41074.200000000004,28973.300000000003,0,80,0,,,,,,Standard
10152,1997-09-28,Monthly statement,34,Chomutov,north Bohemia,12490,M,18,34045.10833333334,46727.9,15817.500000000004,0,74,0,,,,,,Standard
3521,1993-06-22,Monthly statement,75,Prerov,north Moravia,4251,M,38,34030.03333333332,44770.79999999999,22825.29999999999,0,50,1,classic,,,,,Standard
2858,1995-08-22,Monthly statement,56,Breclav,south Moravia,3453,M,48,33996.81666666667,43839.9,21967.500000000004,0,84,0,,,,,,Standard
7487,1995-10-01,Monthly statement,4,Kladno,central Bohemia,9276,M,52,33996.76666666667,34781.200000000004,3013.6000000000067,0,78,1,classic,,,,,Standard
336,1995-10-16,Monthly statement,62,Uherske Hradiste,south Moravia,410,M,36,33993.825000000004,56021.9,19194.0,0,73,0,,,,,,Standard
3598,1997-11-02,Monthly statement,76,Sumperk,north Moravia,4341,M,34,33968.69166666667,35013.700000000004,19248.500000000004,0,59,1,classic,,,,,Standard
640,1993-06-02,Monthly statement,32,Ceska Lipa,north Bohemia,768,F,67,33957.275,36166.6,32281.399999999998,0,55,0,,,,,,Standard
1470,1994-02-10,Monthly statement,19,Prachatice,south Bohemia,1782,M,50,33956.53333333333,58077.8,17530.6,0,65,0,,,,,,Standard
2311,1997-10-19,Monthly statement,28,Plzen - sever,west Bohemia,2797,M,48,33909.458333333336,31132.7,17082.899999999998,0,63,0,,,,,,Standard
2622,1996-08-21,Monthly statement,1,Hl.m. Praha,Prague,3163,F,34,33879.12499999999,30096.999999999996,15414.999999999996,0,85,0,,5501.0,136344.0,C,0.0,Standard
3265,1996-03-30,Statement after transaction,52,Usti nad Orlici,east Bohemia,3952,F,33,33875.216666666674,31759.500000000007,21708.600000000006,0,63,0,,,,,,Standard
10762,1995-10-23,Monthly statement,1,Hl.m. Praha,Prague,13231,M,39,33874.90833333333,50909.8,25506.800000000003,0,80,0,,7194.0,68832.0,C,0.0,Standard
3096,1993-06-29,Monthly statement,68,Frydek - Mistek,north Moravia,3745,F,27,33873.816666666666,33721.0,18373.9,0,103,0,,,,,,Standard
1171,1997-12-20,Monthly statement,18,Pisek,south Bohemia,1410,M,54,33838.79166666667,52627.100000000006,16993.500000000004,0,53,0,,,,,,Standard
1019,1993-01-21,Monthly statement,52,Usti nad Orlici,east Bohemia,1223,F,43,33807.9,56757.0,22418.5,0,94,1,classic,,,,,Standard
4033,1996-11-19,Monthly statement,57,Hodonin,south Moravia,4861,F,21,33793.975,38273.1,24550.0,0,88,0,,5790.0,84288.0,C,0.0,Standard
10788,1993-11-22,Weekly statement,67,Bruntal,north Moravia,13260,F,21,33787.916666666664,59877.8,9452.500000000002,0,94,0,,7198.0,45768.0,A,0.0,Standard
4538,1995-05-07,Monthly statement,70,Karvina,north Moravia,5473,F,30,33750.40833333333,24354.699999999997,24354.699999999997,0,19,0,,,,,,Standard
3462,1996-03-04,Monthly statement,51,Trutnov,east Bohemia,4185,F,34,33748.65,39784.7,14186.4,0,83,0,,,,,,Standard
526,1996-07-16,Monthly statement,67,Bruntal,north Moravia,632,M,52,33744.950000000004,33899.4,16386.0,0,73,0,,,,,,Standard
1557,1996-12-13,Monthly statement,66,Zdar nad Sazavou,south Moravia,1888,F,80,33733.24166666667,48023.7,23136.6,0,61,0,,,,,,Standard
1604,1993-12-16,Monthly statement,54,Brno - mesto,south Moravia,1945,M,44,33732.23333333333,61847.6,24014.100000000002,0,73,0,,,,,,Standard
31,1994-04-27,Monthly statement,68,Frydek - Mistek,north Moravia,39,M,30,33724.549999999996,13298.699999999999,13298.699999999999,0,56,0,,,,,,Standard
3334,1996-07-09,Monthly statement,67,Bruntal,north Moravia,4031,M,23,33710.025,42377.3,21106.899999999998,0,22,0,,,,,,Standard
837,1993-09-18,Monthly statement,46,Nachod,east Bohemia,1008,M,42,33703.71666666667,50873.0,26672.800000000003,0,70,0,,,,,,Standard
1796,1995-10-14,Monthly statement,18,Pisek,south Bohemia,2176,M,52,33679.208333333336,53563.8,22700.5,0,84,0,,,,,,Standard
183,1993-12-12,Monthly statement,43,Hradec Kralove,east Bohemia,223,F,46,33649.566666666666,45614.6,22199.2,0,75,0,,,,,,Standard
2991,1993-05-22,Monthly statement,19,Prachatice,south Bohemia,3612,F,36,33630.458333333336,60383.3,16004.3,0,92,0,,,,,,Standard
1791,1996-02-03,Monthly statement,1,Hl.m. Praha,Prague,2171,M,40,33599.49166666667,24274.7,22708.1,0,72,0,,,,,,Standard
5912,1996-10-25,Monthly statement,45,Jicin,east Bohemia,7150,F,35,33591.63333333334,34943.2,26035.2,0,75,0,,6207.0,184620.0,C,0.0,Standard
500,1996-04-27,Monthly statement,56,Breclav,south Moravia,601,M,32,33585.575000000004,20999.7,19650.9,0,66,0,,,,,,Standard
3799,1996-11-29,Monthly statement,74,Ostrava - mesto,north Moravia,4579,F,59,33569.00833333333,28393.7,22499.3,0,105,0,,,,,,Standard
901,1994-07-10,Monthly statement,60,Prostejov,south Moravia,1085,F,66,33566.691666666666,43560.9,22281.0,0,59,0,,,,,,Standard
2158,1997-03-29,Monthly statement,38,Louny,north Bohemia,2612,M,23,33565.316666666666,30636.399999999998,25805.7,0,62,0,,,,,,Standard
1161,1993-05-08,Monthly statement,66,Zdar nad Sazavou,south Moravia,1397,F,77,33559.066666666666,41845.1,22371.7,0,54,0,,,,,,Standard
953,1995-07-22,Monthly statement,14,Ceske Budejovice,south Bohemia,1149,F,22,33545.65833333333,26298.4,26298.4,0,83,0,,,,,,Standard
3408,1993-09-19,Monthly statement,62,Uherske Hradiste,south Moravia,4119,F,36,33507.14166666667,46502.3,19393.600000000006,0,54,0,,,,,,Standard
6715,1993-09-15,Weekly statement,48,Rychnov nad Kneznou,east Bohemia,8105,M,35,33500.708333333336,33022.8,3193.1000000000063,0,81,0,,6358.0,137880.0,D,1.0,Standard
1397,1993-03-22,Monthly statement,17,Pelhrimov,south Bohemia,1691,F,20,33500.308333333334,43480.3,27268.100000000002,0,71,1,junior,,,,,Standard
3933,1996-02-11,Monthly statement,61,Trebic,south Moravia,4742,F,49,33500.00833333334,14027.900000000001,14027.900000000001,0,55,0,,,,,,Standard
2315,1994-02-13,Monthly statement,75,Prerov,north Moravia,2801,M,79,33485.40833333333,38774.5,26902.100000000002,0,63,0,,,,,,Standard
1656,1997-02-01,Monthly statement,47,Pardubice,east Bohemia,2008,M,58,33481.408333333326,45712.399999999994,24251.699999999993,0,84,0,,5293.0,189792.0,C,0.0,Standard
2428,1993-09-08,Monthly statement,72,Olomouc,north Moravia,2933,M,56,33471.59166666667,44383.299999999996,18876.899999999998,0,59,0,,,,,,Standard
919,1997-03-03,Monthly statement,62,Uherske Hradiste,south Moravia,1108,F,43,33467.24166666667,38375.8,25035.100000000002,0,71,0,,,,,,Standard
9242,1996-03-15,Monthly statement,57,Hodonin,south Moravia,11381,F,19,33461.325000000004,44455.6,20778.100000000002,0,84,0,,6878.0,23184.0,A,0.0,Standard
164,1996-09-13,Monthly statement,60,Prostejov,south Moravia,198,M,22,33449.89166666666,32852.49999999999,12217.5,0,23,0,,,,,,Standard
3988,1997-05-04,Monthly statement,23,Cheb,west Bohemia,4808,F,17,33445.93333333333,37783.299999999996,20864.3,0,75,1,junior,,,,,Standard
493,1994-04-05,Monthly statement,26,Plzen - mesto,west Bohemia,592,M,33,33433.48333333333,35061.0,24134.3,0,62,1,classic,,,,,Standard
1453,1993-09-25,Weekly statement,61,Trebic,south Moravia,1762,M,42,33432.56666666665,39923.599999999984,15578.899999999987,0,53,1,classic,,,,,Standard
10954,1996-07-29,Monthly statement,25,Klatovy,west Bohemia,13468,M,38,33354.65,43156.299999999996,20614.7,0,73,1,classic,7230.0,18720.0,C,0.0,Standard
273,1993-07-11,Statement after transaction,24,Karlovy Vary,west Bohemia,330,F,54,33353.85833333333,40490.5,26420.0,0,96,0,,,,,,Standard
402,1997-09-14,Monthly statement,68,Frydek - Mistek,north Moravia,486,M,54,33346.74166666666,34598.0,15691.5,0,79,0,,,,,,Standard
4471,1997-06-09,Weekly statement,4,Kladno,central Bohemia,5393,M,43,33345.85,57295.9,19247.899999999998,0,75,0,,,,,,Standard
2684,1997-09-10,Monthly statement,7,Melnik,central Bohemia,3239,F,17,33337.933333333334,41100.9,16729.600000000002,0,63,0,,,,,,Standard
407,1997-04-18,Weekly statement,72,Olomouc,north Moravia,492,M,63,33329.725,47334.59999999999,17213.3,0,84,0,,,,,,Standard
9494,1996-05-10,Monthly statement,21,Tabor,south Bohemia,11686,F,50,33310.19166666667,37695.8,19146.2,0,82,0,,6934.0,116832.0,A,0.0,Standard
2107,1996-11-09,Monthly statement,70,Karvina,north Moravia,2551,F,59,33275.433333333334,45519.2,13507.100000000002,0,81,0,,,,,,Standard
564,1997-12-23,Monthly statement,5,Kolin,central Bohemia,677,M,35,33264.46666666667,32410.0,20083.0,0,60,0,,,,,,Standard
744,1993-03-06,Monthly statement,42,Havlickuv Brod,east Bohemia,892,F,76,33259.60833333334,40280.700000000004,24576.2,0,66,0,,,,,,Standard
1946,1997-09-16,Monthly statement,46,Nachod,east Bohemia,2365,F,45,33250.73333333333,44802.1,17898.100000000002,0,64,0,,,,,,Standard
1564,1996-03-05,Monthly statement,48,Rychnov nad Kneznou,east Bohemia,1896,M,16,33250.65,39405.3,21384.0,0,74,0,,,,,,Standard
4414,1993-09-10,Monthly statement,24,Karlovy Vary,west Bohemia,5320,F,47,33242.424999999996,31528.6,21867.499999999996,0,94,0,,5877.0,97224.0,A,0.0,Standard
3978,1995-02-18,Monthly statement,59,Kromeriz,south Moravia,4797,F,58,33238.575000000004,42489.0,15843.1,0,93,0,,,,,,Standard
3229,1995-11-18,Monthly statement,64,Zlin,south Moravia,3906,M,62,33236.69999999999,14287.999999999982,14287.999999999982,0,82,1,classic,5634.0,39024.0,A,0.0,Standard
2733,1993-12-22,Monthly statement,76,Sumperk,north Moravia,3299,F,37,33236.60833333333,34828.7,28843.6,0,72,0,,,,,,Standard
2700,1993-11-08,Monthly statement,74,Ostrava - mesto,north Moravia,3258,F,38,33230.4,21162.899999999998,21162.899999999998,0,99,0,,,,,,Standard
1068,1997-02-15,Monthly statement,52,Usti nad Orlici,east Bohemia,1282,M,62,33221.475,30116.7,18579.1,0,97,0,,5169.0,253200.0,C,0.0,Standard
2484,1993-01-03,Monthly statement,74,Ostrava - mesto,north Moravia,2999,F,19,33210.674999999996,43644.799999999996,18038.1,0,100,0,,,,,,Standard
3841,1995-01-22,Monthly statement,8,Mlada Boleslav,central Bohemia,4631,F,65,33189.625,36926.0,27367.699999999997,0,73,0,,,,,,Standard
316,1997-05-08,Monthly statement,62,Uherske Hradiste,south Moravia,386,M,18,33179.70833333333,20666.0,20666.0,0,69,0,,,,,,Standard
1895,1996-07-12,Monthly statement,35,Jablonec n. Nisou,north Bohemia,2300,F,37,33175.450000000004,50219.5,19795.0,0,64,0,,,,,,Standard
2531,1996-12-21,Monthly statement,51,Trutnov,east Bohemia,3055,M,67,33161.65,38277.2,22310.6,0,69,0,,,,,,Standard
2313,1993-04-13,Weekly statement,26,Plzen - mesto,west Bohemia,2799,F,37,33154.93333333333,36193.799999999996,23056.999999999993,0,86,0,,,,,,Standard
2498,1996-03-01,Monthly statement,40,Teplice,north Bohemia,3016,M,21,33138.11666666667,43483.1,15332.8,0,69,0,,,,,,Standard
3374,1993-02-17,Monthly statement,21,Tabor,south Bohemia,4080,F,55,33122.56666666666,72688.09999999999,6818.199999999993,0,83,0,,,,,,Standard
2153,1996-01-07,Weekly statement,31,Tachov,west Bohemia,2606,M,55,33120.64166666667,64031.100000000006,15871.800000000007,0,92,1,classic,5388.0,61560.0,A,0.0,Standard
1422,1993-04-09,Monthly statement,68,Frydek - Mistek,north Moravia,1724,F,64,33102.525,38151.0,24335.8,0,65,0,,,,,,Standard
2488,1993-04-06,Monthly statement,5,Kolin,central Bohemia,3003,F,25,33101.90833333333,36275.3,31311.5,0,54,0,,,,,,Standard
3643,1994-12-22,Monthly statement,1,Hl.m. Praha,Prague,4393,F,57,33100.0,31800.0,30200.0,0,11,0,,,,,,Standard
1306,1995-03-22,Monthly statement,1,Hl.m. Praha,Prague,1580,F,30,33098.71666666667,39338.700000000004,25577.100000000002,0,99,0,,,,,,Standard
1994,1995-07-19,Monthly statement,42,Havlickuv Brod,east Bohemia,2423,M,41,33067.27500000001,31338.20000000001,6014.600000000006,0,103,1,classic,,,,,Standard
4511,1993-09-26,Monthly statement,33,Decin,north Bohemia,5441,M,41,33066.36666666666,25234.899999999998,22278.199999999997,0,73,0,,,,,,Standard
4047,1995-09-29,Weekly statement,45,Jicin,east Bohemia,4877,M,41,33065.075000000004,65657.4,4985.2000000000035,0,58,0,,,,,,Standard
3905,1997-05-28,Statement after transaction,54,Brno - mesto,south Moravia,4709,M,20,33039.53333333333,28650.2,20307.7,0,67,0,,,,,,Standard
725,1996-07-08,Monthly statement,70,Karvina,north Moravia,870,M,41,33013.21666666667,36195.3,29521.9,0,70,0,,,,,,Standard
3797,1994-09-03,Monthly statement,64,Zlin,south Moravia,4577,F,49,32999.23333333334,32118.7,29012.300000000003,0,19,0,,,,,,Standard
553,1995-06-06,Monthly statement,26,Plzen - mesto,west Bohemia,666,M,16,32989.12499999999,41620.49999999999,19029.599999999995,0,77,1,junior,,,,,Standard
409,1996-06-11,Monthly statement,1,Hl.m. Praha,Prague,494,M,18,32953.39166666667,41191.8,24138.600000000002,0,72,0,,,,,,Standard
3494,1996-07-22,Monthly statement,60,Prostejov,south Moravia,4222,M,70,32953.14166666667,37562.7,26893.1,0,57,0,,,,,,Standard
2495,1997-03-19,Monthly statement,70,Karvina,north Moravia,3012,F,43,32916.666666666664,49400.0,18200.0,0,12,0,,,,,,Standard
1612,1996-02-12,Monthly statement,66,Zdar nad Sazavou,south Moravia,1955,F,27,32912.00833333333,45573.899999999994,14490.699999999997,0,61,0,,,,,,Standard
7184,1995-06-19,Monthly statement,5,Kolin,central Bohemia,8670,F,55,32904.791666666664,52849.7,16253.499999999998,0,105,0,,6471.0,155640.0,A,0.0,Standard
2754,1996-01-26,Weekly statement,57,Hodonin,south Moravia,3326,F,46,32868.583333333336,75483.8,15093.599999999999,0,84,0,,5532.0,335280.0,C,0.0,Standard
4260,1993-10-14,Monthly statement,56,Breclav,south Moravia,5134,F,31,32860.35833333334,51977.4,18390.800000000003,0,68,0,,5837.0,244560.0,C,0.0,Standard
1227,1996-01-13,Monthly statement,69,Jesenik,north Moravia,1480,M,55,32852.683333333334,23640.100000000002,19153.2,0,104,1,classic,,,,,Standard
2499,1996-02-08,Monthly statement,2,Benesov,central Bohemia,3017,M,57,32837.59166666667,40490.5,23207.1,0,92,0,,,,,,Standard
1638,1996-11-12,Weekly statement,6,Kutna Hora,central Bohemia,1985,M,61,32826.083333333336,27015.200000000004,23725.700000000004,0,66,0,,5287.0,64224.0,C,0.0,Standard
971,1996-07-18,Monthly statement,12,Pribram,central Bohemia,1170,M,21,32789.450000000004,28343.1,19288.2,0,72,0,,,,,,Standard
3239,1996-06-19,Monthly statement,5,Kolin,central Bohemia,3918,M,24,32788.075000000004,29700.600000000002,22972.2,0,66,0,,,,,,Standard
567,1996-06-19,Monthly statement,15,Cesky Krumlov,south Bohemia,681,M,21,32781.458333333336,53180.5,13002.3,0,67,0,,,,,,Standard
3550,1996-07-04,Monthly statement,68,Frydek - Mistek,north Moravia,4284,M,52,32776.775,39586.0,30048.8,0,87,0,,,,,,Standard
1957,1996-09-18,Monthly statement,33,Decin,north Bohemia,2379,F,34,32774.28333333333,26012.8,26012.8,0,83,0,,,,,,Standard
1198,1997-04-20,Monthly statement,70,Karvina,north Moravia,1446,M,44,32736.566666666666,56534.7,8967.199999999999,0,65,0,,,,,,Standard
5483,1993-03-28,Monthly statement,13,Rakovnik,central Bohemia,6619,F,55,32724.350000000002,46569.200000000004,22968.2,0,70,0,,,,,,Standard
210,1996-03-17,Monthly statement,48,Rychnov nad Kneznou,east Bohemia,253,F,51,32711.350000000002,30198.1,29187.899999999998,0,73,0,,,,,,Standard
1309,1995-04-15,Monthly statement,1,Hl.m. Praha,Prague,1583,F,26,32703.516666666666,30060.999999999996,17730.100000000002,0,69,1,classic,,,,,Standard
643,1997-10-28,Monthly statement,64,Zlin,south Moravia,772,M,54,32702.158333333336,35954.4,30134.6,0,51,0,,,,,,Standard
467,1993-09-24,Monthly statement,74,Ostrava - mesto,north Moravia,561,F,36,32694.625,36254.6,25903.3,0,82,0,,,,,,Standard
2470,1994-07-23,Monthly statement,16,Jindrichuv Hradec,south Bohemia,2981,F,49,32690.50833333333,44461.299999999996,17783.199999999997,0,91,0,,,,,,Standard
3122,1997-05-12,Monthly statement,74,Ostrava - mesto,north Moravia,3776,M,20,32686.366666666665,44688.299999999996,16305.3,0,76,0,,,,,,Standard
1186,1997-12-17,Monthly statement,64,Zlin,south Moravia,1430,F,16,32669.100000000002,35162.5,16641.4,0,67,0,,,,,,Standard
470,1994-03-23,Monthly statement,64,Zlin,south Moravia,565,F,39,32659.516666666666,34656.9,29506.7,0,97,0,,,,,,Standard
3397,1996-08-04,Monthly statement,49,Semily,east Bohemia,4107,M,44,32656.358333333334,34208.4,22282.0,0,71,0,,,,,,Standard
3478,1994-09-04,Monthly statement,30,Sokolov,west Bohemia,4205,M,63,32633.233333333334,38813.4,21672.4,0,70,0,,,,,,Standard
1880,1994-02-25,Monthly statement,76,Sumperk,north Moravia,2281,F,20,32625.50833333333,31741.1,23091.6,0,72,0,,,,,,Standard
10320,1993-07-11,Monthly statement,68,Frydek - Mistek,north Moravia,12695,M,19,32621.991666666654,41851.099999999984,20779.899999999987,0,80,0,,7104.0,259740.0,A,0.0,Standard
1664,1993-11-15,Monthly statement,56,Breclav,south Moravia,2018,F,53,32600.38333333333,20269.399999999998,17100.899999999998,0,63,0,,,,,,Standard
717,1993-04-24,Monthly statement,75,Prerov,north Moravia,859,F,30,32586.783333333336,24374.8,21631.2,0,69,1,classic,,,,,Standard
2629,1996-09-10,Monthly statement,66,Zdar nad Sazavou,south Moravia,3173,F,52,32569.683333333338,46740.50000000001,21636.400000000005,0,60,1,classic,,,,,Standard
1597,1995-07-04,Monthly statement,68,Frydek - Mistek,north Moravia,1935,F,69,32568.141666666666,31873.4,23858.0,0,69,0,,,,,,Standard
1587,1996-12-11,Monthly statement,1,Hl.m. Praha,Prague,1923,F,40,32558.733333333334,42086.6,20287.0,0,50,0,,,,,,Standard
770,1996-09-24,Monthly statement,7,Melnik,central Bohemia,921,F,44,32523.574999999997,46973.799999999996,20188.399999999998,0,58,0,,,,,,Standard
8261,1993-05-12,Monthly statement,13,Rakovnik,central Bohemia,10200,F,18,32485.816666666666,63163.1,19592.699999999997,0,117,0,,6687.0,87840.0,A,0.0,Standard
3351,1996-03-08,Monthly statement,70,Karvina,north Moravia,4053,F,69,32474.558333333334,25459.9,25459.9,0,67,0,,,,,,Standard
2240,1996-10-07,Monthly statement,36,Liberec,north Bohemia,2713,M,36,32470.891666666674,40527.3,21112.200000000004,0,53,1,classic,,,,,Standard
1372,1993-03-16,Monthly statement,1,Hl.m. Praha,Prague,1660,F,16,32469.108333333337,22946.7,22605.9,0,71,0,,,,,,Standard
2405,1997-02-27,Monthly statement,64,Zlin,south Moravia,2904,F,52,32459.916666666668,30736.7,25630.800000000003,0,70,0,,,,,,Standard
3430,1996-12-10,Monthly statement,9,Nymburk,central Bohemia,4146,F,43,32438.86666666667,49897.8,20114.300000000003,0,68,0,,,,,,Standard
3519,1996-02-10,Monthly statement,52,Usti nad Orlici,east Bohemia,4249,M,21,32434.208333333332,31872.700000000004,26237.9,0,74,0,,,,,,Standard
5305,1996-09-16,Monthly statement,47,Pardubice,east Bohemia,6408,M,42,32433.11666666667,55603.3,10497.800000000001,0,74,0,,6083.0,240528.0,C,0.0,Standard
3545,1993-02-17,Monthly statement,51,Trutnov,east Bohemia,4279,M,49,32412.375,54599.4,22366.4,0,64,0,,,,,,Standard
295,1997-11-23,Monthly statement,66,Zdar nad Sazavou,south Moravia,359,M,28,32394.466666666664,30270.1,17143.3,0,60,0,,,,,,Standard
614,1997-06-07,Monthly statement,25,Klatovy,west Bohemia,738,M,78,32386.2,39286.9,21676.7,0,65,0,,,,,,Standard
1510,1996-03-11,Monthly statement,33,Decin,north Bohemia,1830,M,46,32374.641666666674,38121.00000000001,22678.000000000004,0,65,0,,,,,,Standard
2314,1996-09-07,Monthly statement,2,Benesov,central Bohemia,2800,M,49,32362.591666666664,46732.3,16208.7,0,62,0,,,,,,Standard
3453,1995-06-08,Monthly statement,13,Rakovnik,central Bohemia,4175,F,33,32354.891666666666,58506.100000000006,17725.9,0,65,0,,,,,,Standard
1560,1997-04-14,Monthly statement,62,Uherske Hradiste,south Moravia,1891,F,39,32354.441666666666,42618.3,24649.899999999998,0,96,0,,,,,,Standard
3055,1996-05-26,Monthly statement,15,Cesky Krumlov,south Bohemia,3693,M,76,32353.566666666666,40341.5,21373.899999999998,0,77,0,,,,,,Standard
3751,1993-09-15,Monthly statement,9,Nymburk,central Bohemia,4526,F,28,32352.458333333332,51224.2,18175.899999999998,0,76,0,,,,,,Standard
264,1996-02-09,Monthly statement,15,Cesky Krumlov,south Bohemia,318,F,55,32340.383333333335,35403.5,22810.9,0,68,0,,,,,,Standard
1832,1996-04-01,Monthly statement,70,Karvina,north Moravia,2223,F,55,32338.949999999997,52097.6,21171.399999999998,0,110,0,,,,,,Standard
1391,1996-12-21,Monthly statement,15,Cesky Krumlov,south Bohemia,1683,F,47,32336.875,42889.2,24143.6,0,72,0,,,,,,Standard
2184,1997-05-07,Monthly statement,6,Kutna Hora,central Bohemia,2644,F,34,32324.916666666668,46721.2,17031.8,0,74,1,classic,,,,,Standard
2851,1995-12-02,Monthly statement,17,Pelhrimov,south Bohemia,3445,F,19,32304.624999999996,14760.299999999994,14760.299999999994,0,71,0,,,,,,Standard
3585,1996-06-23,Monthly statement,1,Hl.m. Praha,Prague,4326,M,68,32271.933333333334,31508.2,23096.1,0,65,0,,,,,,Standard
269,1996-08-30,Monthly statement,3,Beroun,central Bohemia,325,M,38,32251.891666666666,42634.2,21858.2,0,81,0,,,,,,Standard
332,1996-01-12,Monthly statement,36,Liberec,north Bohemia,406,M,21,32249.416666666668,25840.3,25142.7,0,72,0,,,,,,Standard
3219,1996-03-26,Monthly statement,1,Hl.m. Praha,Prague,3893,M,29,32223.649999999998,39930.399999999994,21791.999999999996,0,66,1,classic,,,,,Standard
626,1993-11-11,Monthly statement,72,Olomouc,north Moravia,752,M,54,32219.516666666666,34601.8,22561.600000000002,0,74,0,,,,,,Standard
8129,1993-06-26,Monthly statement,45,Jicin,east Bohemia,10043,M,33,32212.533333333336,58452.0,21972.9,0,72,1,classic,6668.0,74736.0,A,0.0,Standard
3251,1995-05-18,Monthly statement,59,Kromeriz,south Moravia,3932,M,59,32162.708333333332,35081.9,27942.2,0,54,0,,,,,,Standard
3880,1996-07-28,Monthly statement,3,Beroun,central Bohemia,4677,F,77,32159.733333333334,34408.3,23656.3,0,68,0,,,,,,Standard
1678,1993-02-22,Monthly statement,1,Hl.m. Praha,Prague,2038,F,18,32154.133333333335,66459.5,23914.0,0,85,1,junior,,,,,Standard
1442,1993-05-23,Monthly statement,23,Cheb,west Bohemia,1750,M,34,32150.25833333333,54624.299999999996,17142.399999999998,0,61,0,,,,,,Standard
1140,1997-11-07,Monthly statement,49,Semily,east Bohemia,1371,F,50,32145.408333333336,42479.2,23166.3,0,57,0,,,,,,Standard
393,1995-02-04,Monthly statement,46,Nachod,east Bohemia,474,M,49,32113.733333333337,32522.100000000002,26655.800000000003,0,78,1,classic,,,,,Standard
2992,1997-07-11,Monthly statement,43,Hradec Kralove,east Bohemia,3614,F,27,32111.55,44432.1,17044.699999999997,0,71,0,,,,,,Standard
7274,1997-09-28,Monthly statement,11,Praha - zapad,central Bohemia,8777,F,45,32081.975000000002,30039.6,19570.7,0,76,0,,6495.0,49044.0,C,0.0,Standard
1659,1996-12-25,Monthly statement,46,Nachod,east Bohemia,2011,F,73,32081.925,33043.9,24648.8,0,64,0,,,,,,Standard
1238,1995-10-29,Monthly statement,1,Hl.m. Praha,Prague,1493,M,76,32070.533333333336,42756.1,23660.0,0,63,0,,,,,,Standard
918,1996-08-23,Monthly statement,60,Prostejov,south Moravia,1107,M,37,32066.625,39166.5,19330.3,0,82,0,,,,,,Standard
1751,1996-10-04,Monthly statement,53,Blansko,south Moravia,2123,M,16,32062.349999999995,37768.7,26804.899999999998,0,64,0,,,,,,Standard
1784,1993-05-08,Monthly statement,59,Kromeriz,south Moravia,2161,F,78,32052.833333333332,32036.2,20144.300000000003,0,60,0,,,,,,Standard
2304,1996-02-19,Monthly statement,49,Semily,east Bohemia,2788,F,47,32017.34166666667,25859.400000000005,18702.5,0,50,0,,,,,,Standard
1469,1995-12-15,Monthly statement,67,Bruntal,north Moravia,1781,M,74,31999.908333333336,32531.8,26023.6,0,62,0,,,,,,Standard
1110,1997-07-10,Monthly statement,54,Brno - mesto,south Moravia,1331,M,35,31977.133333333335,66207.3,13875.300000000001,0,72,0,,,,,,Standard
3759,1993-12-29,Monthly statement,1,Hl.m. Praha,Prague,4535,F,67,31958.916666666668,44726.8,18264.9,0,58,0,,,,,,Standard
3276,1997-12-29,Monthly statement,1,Hl.m. Praha,Prague,3965,M,35,31952.216666666664,42727.4,17012.1,0,68,0,,,,,,Standard
672,1997-06-23,Monthly statement,53,Blansko,south Moravia,807,F,29,31950.0,37000.0,22600.0,0,11,0,,,,,,Standard
3262,1997-06-22,Monthly statement,23,Cheb,west Bohemia,3947,M,31,31948.066666666666,54390.0,18906.199999999997,0,72,1,classic,,,,,Standard
576,1993-01-01,Monthly statement,55,Brno - venkov,south Moravia,692,F,62,31937.841666666664,35550.9,27126.7,0,63,0,,,,,,Standard
3094,1993-12-20,Monthly statement,56,Breclav,south Moravia,3742,F,37,31927.841666666664,46964.7,24435.1,0,102,0,,,,,,Standard
1345,1993-10-19,Monthly statement,28,Plzen - sever,west Bohemia,1629,M,32,31924.833333333332,53931.8,23674.300000000003,0,81,1,gold,,,,,Standard
222,1993-03-15,Monthly statement,37,Litomerice,north Bohemia,267,M,31,31910.925,59952.5,22084.499999999996,0,53,1,classic,,,,,Standard
2415,1997-02-27,Monthly statement,16,Jindrichuv Hradec,south Bohemia,2917,M,58,31900.208333333332,43552.7,27214.8,0,63,0,,,,,,Standard
1833,1997-11-15,Monthly statement,54,Brno - mesto,south Moravia,2224,M,66,31898.725000000002,35981.299999999996,14192.0,0,50,0,,,,,,Standard
9024,1996-01-05,Monthly statement,1,Hl.m. Praha,Prague,11114,M,46,31892.966666666664,37163.6,24013.2,0,91,0,,6817.0,70656.0,C,0.0,Standard
3867,1997-07-19,Monthly statement,1,Hl.m. Praha,Prague,4661,F,54,31832.141666666666,31253.9,20111.000000000004,0,72,0,,,,,,Standard
2340,1997-06-22,Monthly statement,14,Ceske Budejovice,south Bohemia,2828,F,49,31819.466666666664,43447.7,18429.2,0,60,0,,,,,,Standard
535,1994-05-24,Monthly statement,35,Jablonec n. Nisou,north Bohemia,644,F,37,31816.69166666667,40388.00000000001,22785.600000000002,0,93,0,,,,,,Standard
2920,1997-11-13,Monthly statement,73,Opava,north Moravia,3528,F,28,31811.024999999998,33071.4,25108.3,0,57,0,,,,,,Standard
2876,1993-04-22,Monthly statement,52,Usti nad Orlici,east Bohemia,3476,F,30,31794.574999999997,42162.1,15752.699999999997,0,75,0,,,,,,Standard
2692,1995-12-08,Monthly statement,28,Plzen - sever,west Bohemia,3248,F,69,31782.641666666663,35932.9,22471.699999999997,0,59,0,,,,,,Standard
520,1993-11-04,Monthly statement,60,Prostejov,south Moravia,625,F,20,31764.066666666666,33911.1,29129.5,0,56,0,,,,,,Standard
42,1996-08-16,Monthly statement,39,Most,north Bohemia,50,F,20,31739.850000000002,25984.4,25984.4,0,95,0,,,,,,Standard
318,1994-09-16,Monthly statement,36,Liberec,north Bohemia,388,F,48,31713.56666666667,36593.5,19379.5,0,70,0,,,,,,Standard
137,1996-07-19,Monthly statement,70,Karvina,north Moravia,164,F,36,31706.625,49568.9,16519.2,0,80,0,,,,,,Standard
2511,1994-05-01,Monthly statement,40,Teplice,north Bohemia,3031,F,33,31701.166666666668,43575.9,23147.0,0,78,0,,,,,,Standard
3804,1994-04-07,Monthly statement,7,Melnik,central Bohemia,4584,F,49,31698.516666666677,39896.70000000001,15563.300000000008,0,97,0,,5750.0,63252.0,A,0.0,Standard
3362,1995-01-25,Monthly statement,73,Opava,north Moravia,4065,M,56,31688.149999999998,29317.4,17384.9,0,72,0,,,,,,Standard
659,1996-12-14,Monthly statement,63,Vyskov,south Moravia,790,F,31,31665.55,22328.2,22328.2,0,84,0,,,,,,Standard
3764,1995-11-05,Monthly statement,69,Jesenik,north Moravia,4540,M,62,31658.808333333334,33174.1,24364.7,0,73,0,,,,,,Standard
29,1994-11-24,Monthly statement,7,Melnik,central Bohemia,36,F,20,31640.45,37551.9,19717.800000000003,0,97,0,,,,,,Standard
4082,1994-11-08,Monthly statement,49,Semily,east Bohemia,4919,F,47,31635.96666666666,85117.09999999999,8907.799999999996,0,62,0,,,,,,Standard
3312,1996-12-04,Monthly statement,30,Sokolov,west Bohemia,4004,F,41,31634.758333333335,24917.800000000003,24308.9,0,109,0,,,,,,Standard
690,1996-07-11,Monthly statement,10,Praha - vychod,central Bohemia,827,F,33,31625.325,45055.50000000001,13724.2,0,61,0,,,,,,Standard
38,1997-08-08,Weekly statement,19,Prachatice,south Bohemia,46,F,58,31623.825,44580.9,22299.600000000002,0,111,0,,4968.0,110736.0,C,0.0,Standard
6792,1996-05-11,Monthly statement,1,Hl.m. Praha,Prague,8200,F,54,31622.59166666667,40887.1,23788.500000000004,0,107,0,,6377.0,17184.0,A,0.0,Standard
241,1996-09-29,Monthly statement,15,Cesky Krumlov,south Bohemia,292,F,40,31615.649999999998,39909.0,27421.7,0,94,0,,,,,,Standard
1418,1997-02-09,Monthly statement,35,Jablonec n. Nisou,north Bohemia,1719,M,28,31614.78333333333,31361.5,24842.0,0,70,0,,,,,,Standard
6440,1996-11-01,Monthly statement,1,Hl.m. Praha,Prague,7772,F,22,31600.71666666667,19887.600000000002,19887.600000000002,0,65,0,,6310.0,34572.0,A,0.0,Standard
874,1996-03-23,Weekly statement,56,Breclav,south Moravia,1052,M,34,31592.858333333334,42024.5,19136.7,0,84,0,,,,,,Standard
3572,1995-11-12,Monthly statement,65,Znojmo,south Moravia,4310,F,73,31585.733333333334,36257.4,21561.4,0,63,0,,,,,,Standard
9241,1996-09-25,Monthly statement,74,Ostrava - mesto,north Moravia,11379,M,46,31538.016666666666,27212.9,21863.100000000002,0,95,0,,6877.0,285240.0,C,0.0,Standard
2033,1996-03-20,Monthly statement,71,Novy Jicin,north Moravia,2468,M,33,31529.149999999998,49624.6,18896.399999999998,0,74,0,,,,,,Standard
3626,1996-11-05,Monthly statement,51,Trutnov,east Bohemia,4373,M,47,31505.191666666666,35890.6,26863.899999999998,0,86,0,,,,,,Standard
3640,1993-11-05,Monthly statement,10,Praha - vychod,central Bohemia,4389,F,72,31489.475000000002,24326.2,15340.400000000001,0,60,0,,,,,,Standard
1871,1994-05-10,Monthly statement,48,Rychnov nad Kneznou,east Bohemia,2269,F,35,31435.225000000002,28400.3,25136.2,0,60,0,,,,,,Standard
2651,1993-03-21,Monthly statement,2,Benesov,central Bohemia,3197,M,40,31408.18333333333,24801.09999999999,23837.999999999993,0,67,1,classic,,,,,Standard
631,1996-03-25,Monthly statement,68,Frydek - Mistek,north Moravia,758,F,37,31407.441666666666,42364.6,24132.0,0,71,0,,,,,,Standard
530,1996-11-19,Monthly statement,54,Brno - mesto,south Moravia,638,F,37,31406.808333333334,32985.700000000004,23363.1,0,66,1,classic,,,,,Standard
3827,1994-10-04,Monthly statement,1,Hl.m. Praha,Prague,4611,F,45,31404.599999999995,42918.799999999996,20232.399999999998,0,56,0,,,,,,Standard
3815,1996-03-24,Monthly statement,1,Hl.m. Praha,Prague,4597,F,46,31378.375,19292.000000000004,19292.000000000004,0,49,0,,,,,,Standard
22,1994-03-23,Monthly statement,1,Hl.m. Praha,Prague,28,M,53,31369.891666666666,35740.1,18161.100000000002,0,66,0,,,,,,Standard
2293,1993-02-13,Monthly statement,31,Tachov,west Bohemia,2776,F,64,31368.46666666667,43746.1,16923.800000000003,0,56,0,,,,,,Standard
3001,1993-03-24,Monthly statement,1,Hl.m. Praha,Prague,3624,F,16,31359.391666666666,26618.300000000003,22848.600000000002,0,73,0,,,,,,Standard
3930,1995-04-25,Monthly statement,37,Litomerice,north Bohemia,4739,F,38,31359.125,50460.4,14011.5,0,65,0,,,,,,Standard
954,1996-01-08,Monthly statement,74,Ostrava - mesto,north Moravia,1150,F,53,31343.108333333334,31032.0,25702.1,0,92,0,,,,,,Standard
4475,1997-04-16,Monthly statement,72,Olomouc,north Moravia,5397,F,29,31313.899999999998,32082.399999999998,22989.8,0,56,0,,,,,,Standard
867,1997-11-09,Monthly statement,60,Prostejov,south Moravia,1045,F,51,31311.55,22611.600000000002,-1263.8999999999992,3,78,0,,,,,,Standard
1759,1996-01-25,Monthly statement,39,Most,north Bohemia,2131,F,23,31306.81666666667,62708.6,12674.300000000001,0,71,0,,,,,,Standard
933,1995-11-18,Monthly statement,21,Tabor,south Bohemia,1124,M,70,31254.53333333333,31212.999999999996,24403.999999999996,0,67,0,,,,,,Standard
132,1996-05-11,Statement after transaction,40,Teplice,north Bohemia,158,F,53,31238.216666666664,34556.299999999996,10280.7,0,67,1,classic,4996.0,88440.0,A,0.0,Standard
1896,1993-10-05,Monthly statement,74,Ostrava - mesto,north Moravia,2302,M,41,31238.100000000006,25392.000000000004,25256.400000000005,0,59,0,,,,,,Standard
2712,1993-03-12,Monthly statement,9,Nymburk,central Bohemia,3272,F,78,31228.083333333332,18432.1,17013.0,0,58,0,,,,,,Standard
1246,1994-08-18,Monthly statement,58,Jihlava,south Moravia,1503,M,76,31206.391666666666,39033.7,25861.0,0,62,0,,,,,,Standard
3180,1996-06-18,Monthly statement,1,Hl.m. Praha,Prague,3845,M,39,31202.166666666668,47522.200000000004,16461.5,0,79,0,,,,,,Standard
4467,1997-04-13,Weekly statement,17,Pelhrimov,south Bohemia,5389,M,30,31197.533333333336,31222.100000000002,23768.800000000003,0,70,0,,5893.0,86184.0,C,0.0,Standard
1200,1993-05-07,Monthly statement,33,Decin,north Bohemia,1449,M,49,31180.591666666674,57569.90000000001,16053.200000000008,0,91,0,,,,,,Standard
2637,1997-01-01,Monthly statement,70,Karvina,north Moravia,3183,M,18,31173.45,42296.4,20500.7,0,69,1,junior,,,,,Standard
3338,1995-12-24,Monthly statement,25,Klatovy,west Bohemia,4036,F,22,31173.149999999998,49284.0,14228.399999999998,0,55,0,,,,,,Standard
1228,1995-04-09,Monthly statement,62,Uherske Hradiste,south Moravia,1481,F,65,31149.433333333334,38195.5,22944.6,0,63,0,,,,,,Standard
968,1995-11-11,Monthly statement,74,Ostrava - mesto,north Moravia,1166,M,39,31120.925,28294.8,24916.9,0,67,0,,,,,,Standard
1187,1996-07-28,Monthly statement,55,Brno - venkov,south Moravia,1431,F,68,31084.416666666668,19544.2,19544.2,0,69,0,,,,,,Standard
163,1993-01-27,Monthly statement,30,Sokolov,west Bohemia,197,M,65,31077.599999999995,37539.5,23331.399999999998,0,73,0,,,,,,Standard
551,1993-05-07,Monthly statement,77,Vsetin,north Moravia,664,F,18,31074.408333333336,41512.0,23220.000000000004,0,45,0,,,,,,Standard
3,1997-07-07,Monthly statement,5,Kolin,central Bohemia,4,M,42,31039.2,51096.2,12394.6,0,92,0,,,,,,Standard
2376,1996-12-14,Monthly statement,71,Novy Jicin,north Moravia,2871,F,31,31029.083333333332,54486.5,17369.7,0,68,0,,,,,,Standard
2183,1997-07-17,Monthly statement,54,Brno - mesto,south Moravia,2643,F,52,31027.508333333335,44687.4,3599.6999999999994,0,61,0,,,,,,Standard
3593,1993-02-18,Monthly statement,1,Hl.m. Praha,Prague,4336,F,29,31025.300000000003,50411.6,18655.300000000003,0,83,0,,,,,,Standard
8411,1994-12-02,Monthly statement,20,Strakonice,south Bohemia,10389,F,55,31022.866666666658,32674.999999999993,24744.699999999993,0,100,0,,6715.0,220620.0,C,0.0,Standard
2345,1993-10-25,Monthly statement,5,Kolin,central Bohemia,2834,M,49,31018.79166666667,31795.800000000007,20496.200000000008,0,79,0,,5450.0,199680.0,C,0.0,Standard
497,1993-04-15,Monthly statement,55,Brno - venkov,south Moravia,597,M,55,30983.050000000007,46574.100000000006,21737.600000000006,0,67,1,classic,,,,,Standard
938,1997-12-13,Monthly statement,70,Karvina,north Moravia,1130,F,58,30971.241666666665,29723.2,18269.5,0,62,0,,5147.0,22260.0,C,0.0,Standard
3088,1996-03-08,Monthly statement,18,Pisek,south Bohemia,3735,M,60,30961.658333333336,60996.8,17422.3,0,72,1,classic,,,,,Standard
2194,1997-02-25,Monthly statement,54,Brno - mesto,south Moravia,2656,M,43,30951.466666666664,42793.9,15173.8,0,70,0,,,,,,Standard
3208,1997-08-04,Monthly statement,29,Rokycany,west Bohemia,3880,F,37,30945.849999999995,22647.6,10475.799999999997,0,83,0,,,,,,Standard
1195,1996-12-27,Monthly statement,42,Havlickuv Brod,east Bohemia,1441,F,67,30937.766666666666,33302.4,25152.7,0,76,0,,,,,,Standard
3649,1993-05-14,Monthly statement,54,Brno - mesto,south Moravia,4400,F,39,30930.325,44694.3,21317.300000000003,0,81,0,,,,,,Standard
516,1996-02-08,Monthly statement,6,Kutna Hora,central Bohemia,619,M,78,30927.358333333334,30155.2,25464.8,0,67,0,,,,,,Standard
768,1997-07-03,Monthly statement,26,Plzen - mesto,west Bohemia,918,M,34,30927.333333333332,38731.9,20587.1,0,65,0,,,,,,Standard
120,1995-06-16,Weekly statement,65,Znojmo,south Moravia,144,M,40,30923.566666666666,25835.899999999998,25835.899999999998,0,53,0,,,,,,Standard
1420,1995-06-08,Monthly statement,68,Frydek - Mistek,north Moravia,1722,M,65,30921.78333333333,42305.0,21183.0,0,61,0,,,,,,Standard
3575,1993-09-08,Monthly statement,7,Melnik,central Bohemia,4313,F,30,30915.93333333333,28260.0,17786.5,0,72,0,,,,,,Standard
1298,1996-01-20,Monthly statement,7,Melnik,central Bohemia,1571,F,31,30901.233333333337,40976.200000000004,16699.000000000004,0,71,0,,,,,,Standard
3805,1994-07-02,Monthly statement,9,Nymburk,central Bohemia,4585,F,50,30897.59166666667,41879.200000000004,25048.3,0,74,0,,,,,,Standard
812,1996-08-30,Monthly statement,1,Hl.m. Praha,Prague,975,F,39,30897.574999999997,34853.0,21883.1,0,73,0,,,,,,Standard
3016,1996-02-23,Monthly statement,26,Plzen - mesto,west Bohemia,3643,M,18,30882.391666666666,46276.1,21912.5,0,73,0,,,,,,Standard
2914,1996-09-08,Monthly statement,4,Kladno,central Bohemia,3521,M,34,30875.63333333333,40322.5,18769.1,0,84,0,,,,,,Standard
4480,1996-08-19,Monthly statement,58,Jihlava,south Moravia,5404,F,22,30864.7,33705.3,12896.3,0,60,0,,,,,,Standard
1053,1994-05-25,Monthly statement,57,Hodonin,south Moravia,1265,F,40,30859.433333333334,35862.9,22955.399999999998,0,85,0,,,,,,Standard
2182,1997-07-12,Monthly statement,22,Domazlice,west Bohemia,2642,M,25,30845.74166666667,45275.8,13302.7,0,70,0,,,,,,Standard
2121,1994-12-05,Monthly statement,64,Zlin,south Moravia,2565,M,52,30839.925,24373.0,20445.5,0,78,0,,,,,,Standard
3428,1997-07-12,Monthly statement,27,Plzen - jih,west Bohemia,4143,M,43,30838.825,41019.6,5289.0,0,62,0,,,,,,Standard
8381,1996-09-17,Monthly statement,14,Ceske Budejovice,south Bohemia,10355,F,22,30833.508333333335,11054.900000000001,-1073.4999999999968,1,112,0,,6705.0,333648.0,D,1.0,Standard
2976,1996-08-19,Monthly statement,13,Rakovnik,central Bohemia,3594,F,37,30827.608333333334,31165.899999999998,18639.6,0,73,0,,,,,,Standard
619,1995-09-09,Weekly statement,1,Hl.m. Praha,Prague,743,M,57,30807.033333333336,38376.40000000001,24232.200000000004,0,66,0,,,,,,Standard
3168,1993-02-20,Monthly statement,39,Most,north Bohemia,3831,M,80,30766.591666666664,39227.3,26051.8,0,63,0,,,,,,Standard
853,1996-03-20,Monthly statement,1,Hl.m. Praha,Prague,1027,F,58,30765.90833333333,26552.1,18568.3,0,85,1,classic,,,,,Standard
11027,1996-07-26,Weekly statement,32,Ceska Lipa,north Bohemia,13556,M,40,30753.399999999998,49770.3,22877.8,0,82,0,,7242.0,48096.0,C,0.0,Standard
81,1996-07-18,Monthly statement,74,Ostrava - mesto,north Moravia,96,M,26,30747.625,36443.8,23903.2,0,99,0,,,,,,Standard
1302,1993-11-21,Monthly statement,55,Brno - venkov,south Moravia,1575,F,75,30736.958333333332,35449.9,24685.0,0,60,0,,,,,,Standard
1602,1993-09-19,Monthly statement,33,Decin,north Bohemia,1943,M,72,30723.691666666666,32418.0,20941.2,0,64,0,,,,,,Standard
2455,1997-02-06,Monthly statement,30,Sokolov,west Bohemia,2965,F,80,30678.566666666666,30822.3,26233.1,0,61,0,,,,,,Standard
2119,1995-09-21,Monthly statement,74,Ostrava - mesto,north Moravia,2563,M,27,30664.06666666667,53489.600000000006,13881.900000000003,0,70,0,,,,,,Standard
9828,1993-05-20,Monthly statement,11,Praha - zapad,central Bohemia,12095,M,59,30663.291666666675,38073.00000000001,16369.60000000001,0,76,0,,6996.0,126600.0,A,0.0,Standard
508,1996-11-19,Monthly statement,74,Ostrava - mesto,north Moravia,610,F,19,30627.075,22617.8,22617.8,0,75,0,,,,,,Standard
703,1997-12-21,Monthly statement,54,Brno - mesto,south Moravia,843,F,41,30599.850000000002,35288.299999999996,13580.9,0,54,0,,,,,,Standard
1049,1997-12-04,Monthly statement,18,Pisek,south Bohemia,1259,M,32,30596.758333333335,35298.8,16669.3,0,66,0,,,,,,Standard
2261,1996-12-27,Weekly statement,1,Hl.m. Praha,Prague,2738,M,47,30562.925,47600.8,5877.499999999998,0,60,0,,,,,,Standard
405,1997-03-13,Monthly statement,55,Brno - venkov,south Moravia,490,M,48,30557.88333333332,13828.399999999987,-593.0000000000086,1,90,1,classic,,,,,Standard
3542,1993-06-11,Monthly statement,49,Semily,east Bohemia,4275,F,41,30548.05,34148.1,27744.2,0,58,0,,,,,,Standard
1463,1996-09-25,Monthly statement,32,Ceska Lipa,north Bohemia,1774,F,27,30545.96666666667,37023.1,24249.300000000003,0,83,0,,,,,,Standard
896,1995-06-11,Monthly statement,3,Beroun,central Bohemia,1079,M,37,30539.0,15241.799999999997,14037.9,0,60,0,,,,,,Standard
2784,1997-10-30,Monthly statement,40,Teplice,north Bohemia,3361,F,68,30531.11666666667,37052.1,20634.0,0,52,0,,,,,,Standard
558,1996-06-15,Monthly statement,10,Praha - vychod,central Bohemia,671,F,27,30517.858333333334,47064.4,13060.699999999999,0,85,0,,,,,,Standard
1157,1993-03-27,Monthly statement,7,Melnik,central Bohemia,1391,M,33,30484.80833333333,31589.899999999998,24198.899999999998,0,55,0,,,,,,Standard
780,1996-04-26,Monthly statement,3,Beroun,central Bohemia,932,M,51,30466.166666666668,51302.7,19782.3,0,70,0,,,,,,Standard
1118,1993-07-04,Monthly statement,48,Rychnov nad Kneznou,east Bohemia,1341,F,36,30464.058333333334,40446.0,16724.2,0,71,0,,,,,,Standard
3238,1996-01-07,Monthly statement,47,Pardubice,east Bohemia,3916,F,28,30451.124999999996,58086.49999999999,20184.8,0,83,0,,,,,,Standard
5267,1996-01-12,Monthly statement,4,Kladno,central Bohemia,6363,F,25,30442.391666666663,45836.899999999994,4409.299999999997,0,70,0,,6075.0,129312.0,D,1.0,Standard
47,1993-08-08,Monthly statement,45,Jicin,east Bohemia,55,F,50,30434.266666666666,78755.40000000001,13138.300000000001,0,100,0,,,,,,Standard
2969,1995-05-26,Monthly statement,29,Rokycany,west Bohemia,3585,F,30,30433.333333333332,37700.0,23900.0,0,12,0,,,,,,Standard
2357,1993-01-04,Monthly statement,19,Prachatice,south Bohemia,2849,M,70,30431.100000000002,38296.6,23958.0,0,58,0,,,,,,Standard
3564,1996-11-17,Monthly statement,14,Ceske Budejovice,south Bohemia,4301,F,42,30381.808333333334,38658.799999999996,18841.3,0,63,0,,,,,,Standard
1868,1997-11-29,Weekly statement,16,Jindrichuv Hradec,south Bohemia,2266,M,59,30366.716666666664,29394.1,21700.0,0,22,0,,,,,,Standard
2553,1995-07-24,Monthly statement,41,Usti nad Labem,north Bohemia,3083,M,27,30364.125,41458.6,11774.600000000002,0,64,0,,,,,,Standard
3940,1995-05-07,Weekly statement,35,Jablonec n. Nisou,north Bohemia,4751,M,25,30347.541666666668,51699.7,22333.8,0,58,1,classic,,,,,Standard
1761,1993-08-24,Monthly statement,24,Karlovy Vary,west Bohemia,2135,F,58,30333.99166666667,36193.700000000004,16795.200000000004,0,95,0,,,,,,Standard
308,1995-10-16,Monthly statement,61,Trebic,south Moravia,375,F,29,30332.55,40581.1,21400.0,0,15,0,,,,,,Standard
2356,1996-12-23,Weekly statement,34,Chomutov,north Bohemia,2847,F,56,30282.183333333323,26611.09999999999,21012.499999999993,0,42,0,,,,,,Standard
3912,1994-05-04,Monthly statement,2,Benesov,central Bohemia,4718,M,66,30275.15833333333,42383.5,20366.999999999996,0,72,0,,,,,,Standard
1222,1993-01-20,Monthly statement,66,Zdar nad Sazavou,south Moravia,1475,M,66,30241.841666666664,20078.600000000002,20078.600000000002,0,67,0,,,,,,Standard
3974,1996-03-08,Monthly statement,55,Brno - venkov,south Moravia,4793,F,52,30237.516666666666,34061.4,18207.4,0,68,0,,,,,,Standard
3104,1997-04-29,Monthly statement,1,Hl.m. Praha,Prague,3754,F,51,30232.975000000002,16158.4,16158.4,0,70,0,,,,,,Standard
89,1997-09-25,Monthly statement,68,Frydek - Mistek,north Moravia,106,F,30,30202.575,37919.9,24758.2,0,51,0,,,,,,Standard
8505,1997-03-20,Monthly statement,70,Karvina,north Moravia,10492,M,61,30199.94166666667,22860.4,22860.4,0,84,0,,6727.0,42840.0,A,0.0,Standard
8972,1996-05-21,Monthly statement,70,Karvina,north Moravia,11050,F,41,30184.53333333333,29604.1,18360.399999999998,0,102,0,,6805.0,45024.0,C,0.0,Standard
2916,1996-12-03,Monthly statement,6,Kutna Hora,central Bohemia,3523,M,34,30162.658333333336,40488.3,22274.5,0,108,0,,,,,,Standard
3947,1996-01-23,Monthly statement,76,Sumperk,north Moravia,4762,F,27,30157.19166666667,28188.600000000002,22411.2,0,82,0,,,,,,Standard
3287,1993-07-26,Monthly statement,18,Pisek,south Bohemia,3978,M,28,30149.66666666667,53254.100000000006,16671.700000000004,0,72,0,,,,,,Standard
2165,1997-04-08,Monthly statement,51,Trutnov,east Bohemia,2621,M,42,30147.616666666658,38703.59999999999,21078.599999999995,0,81,0,,5389.0,78600.0,C,0.0,Standard
2631,1996-03-29,Monthly statement,1,Hl.m. Praha,Prague,3176,M,61,30125.05,34927.2,24216.0,0,58,0,,,,,,Standard
1189,1993-03-19,Monthly statement,59,Kromeriz,south Moravia,1433,F,39,30097.0,31387.1,26514.699999999997,0,73,0,,,,,,Standard
2207,1996-01-25,Monthly statement,35,Jablonec n. Nisou,north Bohemia,2671,F,26,30062.599999999995,36885.99999999999,16164.999999999996,0,56,0,,,,,,Standard
2921,1996-09-21,Monthly statement,54,Brno - mesto,south Moravia,3529,M,25,30058.816666666666,29712.4,21907.9,0,72,0,,,,,,Standard
3415,1997-12-06,Monthly statement,75,Prerov,north Moravia,4129,F,46,30058.641666666666,28585.5,17493.3,0,59,0,,,,,,Standard
8475,1993-09-08,Monthly statement,4,Kladno,central Bohemia,10459,F,34,30041.25833333333,35895.5,24187.199999999997,0,106,0,,6721.0,21072.0,A,0.0,Standard
2185,1995-01-18,Monthly statement,67,Bruntal,north Moravia,2645,M,78,30026.983333333334,30223.2,22729.6,0,66,0,,,,,,Standard
1712,1996-11-25,Monthly statement,44,Chrudim,east Bohemia,2077,F,68,30024.983333333334,40003.2,20025.6,0,64,0,,,,,,Standard
445,1993-07-29,Weekly statement,63,Vyskov,south Moravia,536,M,59,30006.30833333333,27579.999999999996,15976.999999999996,0,78,0,,,,,,Standard
1788,1994-01-04,Monthly statement,1,Hl.m. Praha,Prague,2167,M,17,29997.38333333333,59549.8,15729.5,0,44,0,,,,,,Standard
3840,1994-02-19,Monthly statement,76,Sumperk,north Moravia,4629,M,75,29981.25833333333,35815.8,21300.0,0,63,0,,,,,,Standard
230,1996-02-26,Monthly statement,1,Hl.m. Praha,Prague,276,M,41,29966.11666666667,11813.1,11813.1,0,95,0,,,,,,Standard
2753,1996-02-13,Monthly statement,26,Plzen - mesto,west Bohemia,3324,F,27,29962.350000000002,32257.5,17922.4,0,83,0,,5531.0,66432.0,C,0.0,Standard
540,1993-10-16,Monthly statement,75,Prerov,north Moravia,651,F,22,29953.166666666668,23311.2,16742.699999999993,0,66,0,,,,,,Standard
2836,1995-11-18,Monthly statement,42,Havlickuv Brod,east Bohemia,3427,M,18,29934.175,38402.0,18401.3,0,71,1,junior,,,,,Standard
141,1996-03-06,Monthly statement,38,Louny,north Bohemia,169,M,45,29919.941666666666,54878.0,15564.100000000002,0,90,0,,,,,,Standard
2798,1994-08-24,Monthly statement,70,Karvina,north Moravia,3381,F,33,29908.541666666668,31138.4,16690.800000000003,0,64,0,,,,,,Standard
2278,1996-08-03,Monthly statement,1,Hl.m. Praha,Prague,2758,M,52,29888.925,47525.899999999994,20538.499999999996,0,82,0,,,,,,Standard
1726,1993-01-03,Monthly statement,48,Rychnov nad Kneznou,east Bohemia,2093,M,28,29870.716666666664,34244.1,17379.3,0,96,0,,,,,,Standard
774,1993-06-08,Monthly statement,1,Hl.m. Praha,Prague,926,M,17,29865.24166666667,64833.700000000004,20323.200000000004,0,74,0,,,,,,Standard
9188,1993-02-08,Monthly statement,45,Jicin,east Bohemia,11314,M,62,29854.841666666656,34456.29999999999,22917.69999999999,0,101,0,,6863.0,127080.0,A,0.0,Standard
1571,1996-07-29,Monthly statement,66,Zdar nad Sazavou,south Moravia,1904,M,57,29835.075,53451.3,13925.800000000001,0,57,0,,,,,,Standard
3872,1997-05-21,Monthly statement,25,Klatovy,west Bohemia,4667,M,57,29834.024999999998,44729.3,20420.6,0,116,0,,,,,,Standard
3113,1993-08-16,Monthly statement,67,Bruntal,north Moravia,3765,F,42,29779.949999999986,29568.79999999999,3383.79999999999,0,92,1,classic,,,,,Standard
3359,1996-07-30,Monthly statement,8,Mlada Boleslav,central Bohemia,4061,M,20,29747.75,31521.5,25010.399999999998,0,68,1,junior,,,,,Standard
1584,1993-05-27,Monthly statement,30,Sokolov,west Bohemia,1919,M,49,29725.024999999998,31270.4,27645.6,0,53,0,,,,,,Standard
1990,1993-06-09,Monthly statement,1,Hl.m. Praha,Prague,2418,F,45,29713.63333333333,33166.2,25584.2,0,60,0,,,,,,Standard
3563,1996-07-04,Monthly statement,1,Hl.m. Praha,Prague,4300,F,21,29687.350000000002,46579.7,18378.5,0,60,0,,,,,,Standard
2334,1996-03-19,Monthly statement,50,Svitavy,east Bohemia,2822,M,40,29678.300000000003,45833.3,18765.600000000002,0,84,0,,5446.0,48312.0,C,0.0,Standard
2806,1997-06-26,Monthly statement,53,Blansko,south Moravia,3390,F,26,29656.86666666667,31812.8,23372.0,0,67,0,,,,,,Standard
3528,1994-03-05,Monthly statement,10,Praha - vychod,central Bohemia,4259,F,49,29649.783333333336,43283.5,17702.500000000004,0,70,0,,,,,,Standard
2668,1997-05-20,Monthly statement,21,Tabor,south Bohemia,3222,M,21,29603.616666666665,26194.899999999998,19026.8,0,69,0,,,,,,Standard
2432,1996-04-18,Monthly statement,8,Mlada Boleslav,central Bohemia,2938,F,77,29600.141666666663,40787.2,21355.499999999996,0,62,0,,,,,,Standard
121,1997-10-11,Monthly statement,55,Brno - venkov,south Moravia,145,M,20,29595.691666666666,34955.7,22394.3,0,83,0,,,,,,Standard
2380,1997-02-27,Monthly statement,46,Nachod,east Bohemia,2875,M,62,29550.316666666666,34924.7,21033.6,0,67,0,,,,,,Standard
1259,1997-04-12,Monthly statement,72,Olomouc,north Moravia,1520,M,42,29523.95833333333,45047.1,17305.699999999997,0,107,0,,,,,,Standard
1912,1993-08-15,Monthly statement,64,Zlin,south Moravia,2322,M,70,29522.324999999997,41511.5,16805.399999999998,0,60,0,,,,,,Standard
622,1997-06-22,Monthly statement,24,Karlovy Vary,west Bohemia,747,F,45,29521.858333333334,59770.2,15907.0,0,105,0,,,,,,Standard
946,1996-01-01,Monthly statement,21,Tabor,south Bohemia,1141,F,57,29510.983333333334,33571.7,19587.8,0,61,0,,,,,,Standard
131,1995-06-13,Monthly statement,52,Usti nad Orlici,east Bohemia,157,F,55,29477.733333333334,36355.399999999994,15369.799999999997,0,57,0,,,,,,Standard
118,1997-09-18,Monthly statement,68,Frydek - Mistek,north Moravia,142,M,61,29461.266666666666,29483.8,22786.7,0,63,0,,,,,,Standard
192,1993-01-08,Monthly statement,55,Brno - venkov,south Moravia,232,F,77,29448.21666666667,29946.5,25491.9,0,65,0,,,,,,Standard
8405,1994-05-10,Monthly statement,20,Strakonice,south Bohemia,10382,F,33,29447.63333333333,42280.0,20950.2,0,120,0,,6712.0,266220.0,C,0.0,Standard
3274,1997-09-17,Monthly statement,76,Sumperk,north Moravia,3963,M,24,29429.016666666663,28328.199999999997,16708.499999999996,0,65,0,,,,,,Standard
298,1997-12-02,Monthly statement,35,Jablonec n. Nisou,north Bohemia,362,F,48,29420.75,30399.100000000002,15573.1,0,49,0,,,,,,Standard
531,1995-08-18,Monthly statement,31,Tachov,west Bohemia,639,M,20,29413.225000000002,33665.1,24986.3,0,61,0,,,,,,Standard
1177,1997-12-20,Monthly statement,27,Plzen - jih,west Bohemia,1417,F,32,29408.133333333335,39485.700000000004,18233.0,0,67,0,,,,,,Standard
2214,1996-01-27,Monthly statement,45,Jicin,east Bohemia,2681,F,27,29398.658333333336,43944.1,8134.600000000001,0,61,0,,,,,,Standard
1996,1996-05-08,Weekly statement,6,Kutna Hora,central Bohemia,2425,F,21,29392.899999999994,26884.899999999998,21580.799999999996,0,63,1,junior,,,,,Standard
4405,1996-09-08,Monthly statement,41,Usti nad Labem,north Bohemia,5308,F,24,29379.399999999994,6885.099999999994,6885.099999999994,0,62,0,,,,,,Standard
3231,1995-04-18,Monthly statement,73,Opava,north Moravia,3908,M,69,29369.149999999998,25603.8,25603.8,0,61,0,,,,,,Standard
3110,1997-01-12,Monthly statement,48,Rychnov nad Kneznou,east Bohemia,3761,M,23,29352.416666666668,31049.5,13850.8,0,62,0,,,,,,Standard
3333,1997-11-27,Monthly statement,44,Chrudim,east Bohemia,4030,F,22,29293.658333333336,33925.9,16379.2,0,53,0,,,,,,Standard
3266,1997-03-29,Monthly statement,14,Ceske Budejovice,south Bohemia,3953,F,73,29239.291666666668,35614.4,24241.300000000003,0,74,0,,,,,,Standard
2028,1994-11-26,Weekly statement,7,Melnik,central Bohemia,2463,M,54,29226.491666666665,49859.1,5870.099999999996,0,55,0,,,,,,Standard
3463,1997-09-21,Monthly statement,38,Louny,north Bohemia,4186,M,20,29204.983333333334,30718.2,19843.5,0,84,0,,,,,,Standard
3657,1997-09-19,Monthly statement,62,Uherske Hradiste,south Moravia,4408,M,75,29199.583333333332,35451.1,20517.3,0,56,0,,,,,,Standard
4768,1996-06-17,Monthly statement,39,Most,north Bohemia,5753,M,50,29186.29166666666,37826.899999999994,-178.80000000000416,1,66,0,,,,,,Standard
496,1993-02-26,Monthly statement,69,Jesenik,north Moravia,596,M,50,29173.091666666664,36817.799999999996,18676.199999999997,0,70,0,,,,,,Standard
4445,1997-08-07,Monthly statement,47,Pardubice,east Bohemia,5362,M,59,29172.74166666667,32960.7,14986.499999999998,0,62,0,,,,,,Standard
181,1996-06-11,Monthly statement,21,Tabor,south Bohemia,221,F,21,29169.99166666667,32491.7,23706.0,0,71,1,junior,,,,,Standard
1475,1993-06-14,Weekly statement,1,Hl.m. Praha,Prague,1788,M,48,29150.324999999997,36696.4,-211.90000000000583,1,74,0,,,,,,Standard
274,1993-08-20,Monthly statement,76,Sumperk,north Moravia,331,M,56,29147.591666666664,42735.0,21236.9,0,70,0,,,,,,Standard
317,1993-03-10,Monthly statement,76,Sumperk,north Moravia,387,M,71,29146.475000000002,38695.2,18708.2,0,60,0,,,,,,Standard
7437,1997-08-08,Weekly statement,19,Prachatice,south Bohemia,9217,F,58,29112.558333333334,41656.6,20291.7,0,111,0,,6508.0,110736.0,C,0.0,Standard
1814,1997-09-23,Monthly statement,17,Pelhrimov,south Bohemia,2198,F,78,29112.158333333336,37486.4,23290.0,0,55,0,,,,,,Standard
2235,1995-10-22,Monthly statement,45,Jicin,east Bohemia,2707,M,29,29109.183333333334,50619.6,8129.5,0,53,0,,,,,,Standard
1262,1997-01-19,Monthly statement,29,Rokycany,west Bohemia,1523,F,67,29106.600000000002,35185.0,18940.1,0,67,0,,,,,,Standard
2230,1996-02-11,Monthly statement,7,Melnik,central Bohemia,2702,M,79,29096.800000000003,31806.2,22451.5,0,63,0,,,,,,Standard
2213,1993-07-11,Monthly statement,68,Frydek - Mistek,north Moravia,2679,M,60,29096.38333333333,30943.6,15825.499999999998,0,74,0,,,,,,Standard
2746,1996-08-23,Monthly statement,24,Karlovy Vary,west Bohemia,3314,F,67,29084.266666666666,27789.7,23768.8,0,71,0,,,,,,Standard
891,1996-05-23,Monthly statement,34,Chomutov,north Bohemia,1073,M,74,29083.091666666664,44556.4,14756.8,0,59,0,,,,,,Standard
2160,1996-11-10,Monthly statement,72,Olomouc,north Moravia,2614,M,52,29066.0,38470.6,18225.1,0,73,0,,,,,,Standard
2020,1993-09-04,Monthly statement,13,Rakovnik,central Bohemia,2453,M,74,29062.691666666666,23431.5,12766.500000000002,0,53,0,,,,,,Standard
351,1997-02-17,Monthly statement,50,Svitavy,east Bohemia,429,F,17,29044.65833333333,18154.999999999996,18082.299999999996,0,76,1,junior,,,,,Standard
5445,1997-02-19,Monthly statement,72,Olomouc,north Moravia,6571,F,27,29041.25,22118.2,20041.8,0,122,0,,6113.0,78696.0,C,0.0,Standard
9645,1996-01-23,Monthly statement,38,Louny,north Bohemia,11873,F,35,28969.233333333337,26525.7,23138.300000000003,0,83,0,,6961.0,176148.0,C,0.0,Standard
859,1997-08-26,Monthly statement,13,Rakovnik,central Bohemia,1035,F,27,28967.024999999998,40625.4,20144.3,0,104,0,,,,,,Standard
3918,1993-12-09,Monthly statement,53,Blansko,south Moravia,4724,F,25,28960.841666666664,37586.899999999994,15390.499999999996,0,58,0,,,,,,Standard
1647,1997-07-09,Monthly statement,1,Hl.m. Praha,Prague,1997,F,21,28948.116666666665,38975.6,20259.899999999998,0,97,0,,,,,,Standard
3952,1996-03-08,Monthly statement,26,Plzen - mesto,west Bohemia,4767,F,80,28940.974999999995,20126.899999999998,15241.699999999997,0,75,0,,,,,,Standard
580,1996-05-20,Monthly statement,75,Prerov,north Moravia,698,M,44,28937.716666666664,29863.7,23604.0,0,78,0,,,,,,Standard
2739,1993-11-29,Monthly statement,59,Kromeriz,south Moravia,3306,M,50,28937.266666666666,35488.8,17717.600000000002,0,65,0,,,,,,Standard
3152,1993-07-16,Monthly statement,1,Hl.m. Praha,Prague,3812,M,31,28920.61666666667,42234.4,14600.0,0,55,0,,,,,,Standard
809,1995-12-20,Monthly statement,36,Liberec,north Bohemia,970,M,41,28913.975000000002,39707.4,13948.099999999999,0,66,0,,,,,,Standard
4463,1993-09-03,Monthly statement,67,Bruntal,north Moravia,5385,M,24,28906.63333333333,30288.2,22338.3,0,52,0,,,,,,Standard
2441,1996-12-22,Monthly statement,47,Pardubice,east Bohemia,2948,M,20,28891.875,36029.4,17401.4,0,97,1,junior,,,,,Standard
105,1997-07-10,Monthly statement,21,Tabor,south Bohemia,127,F,48,28874.84166666667,17221.5,15083.1,0,46,1,classic,4989.0,352704.0,C,0.0,Standard
3354,1993-11-05,Monthly statement,63,Vyskov,south Moravia,4056,F,46,28861.616666666665,30676.3,4868.2,0,105,0,,5657.0,4980.0,A,0.0,Standard
4355,1993-02-21,Monthly statement,31,Tachov,west Bohemia,5246,M,16,28850.54999999999,18168.19999999999,15203.599999999991,0,63,0,,,,,,Standard
9052,1995-08-30,Statement after transaction,43,Hradec Kralove,east Bohemia,11149,M,33,28832.22499999999,27755.899999999994,3571.299999999993,0,84,0,,6824.0,71976.0,D,1.0,Standard
1046,1995-04-14,Monthly statement,1,Hl.m. Praha,Prague,1255,F,32,28823.566666666666,38704.5,19396.4,0,70,0,,,,,,Standard
3813,1997-10-09,Monthly statement,1,Hl.m. Praha,Prague,4594,M,58,28818.941666666666,26842.1,20052.0,0,82,0,,,,,,Standard
1874,1993-03-27,Monthly statement,9,Nymburk,central Bohemia,2274,M,34,28807.024999999998,28897.1,27010.1,0,66,0,,,,,,Standard
1402,1993-03-26,Monthly statement,74,Ostrava - mesto,north Moravia,1697,F,34,28786.125,23611.4,23611.4,0,108,0,,,,,,Standard
2671,1993-09-15,Monthly statement,1,Hl.m. Praha,Prague,3226,M,47,28783.03333333333,38914.5,24974.199999999997,0,66,0,,,,,,Standard
3784,1996-01-22,Monthly statement,25,Klatovy,west Bohemia,4562,M,33,28775.50833333333,39012.799999999996,13564.599999999999,0,81,0,,,,,,Standard
2318,1993-11-08,Monthly statement,73,Opava,north Moravia,2805,M,34,28741.191666666662,22325.799999999996,17470.799999999996,0,103,0,,,,,,Standard
2989,1993-11-28,Monthly statement,4,Kladno,central Bohemia,3610,M,79,28738.791666666668,28369.7,26480.3,0,62,0,,,,,,Standard
1072,1997-12-09,Monthly statement,65,Znojmo,south Moravia,1287,F,54,28737.941666666666,44517.7,16819.1,0,57,0,,,,,,Standard
3431,1996-09-21,Monthly statement,64,Zlin,south Moravia,4147,M,26,28735.941666666666,30233.1,15865.300000000003,0,72,0,,,,,,Standard
258,1997-07-09,Monthly statement,64,Zlin,south Moravia,311,F,68,28711.966666666664,24649.3,24649.3,0,61,0,,,,,,Standard
2413,1997-10-27,Monthly statement,33,Decin,north Bohemia,2915,F,44,28690.600000000002,43982.700000000004,18690.600000000002,0,69,0,,5463.0,17952.0,C,0.0,Standard
8320,1997-01-19,Monthly statement,51,Trutnov,east Bohemia,10273,F,40,28690.058333333334,36611.700000000004,15739.5,0,92,0,,6695.0,309660.0,C,0.0,Standard
10652,1997-03-18,Monthly statement,1,Hl.m. Praha,Prague,13098,F,20,28686.75,44224.9,21017.8,0,97,0,,7172.0,45720.0,C,0.0,Standard
778,1996-10-26,Monthly statement,68,Frydek - Mistek,north Moravia,930,F,39,28666.666666666668,37000.0,22100.0,0,12,0,,,,,,Standard
4214,1996-03-21,Monthly statement,1,Hl.m. Praha,Prague,5081,F,37,28645.599999999988,27798.49999999999,20121.79999999999,0,57,0,,,,,,Standard
1986,1995-04-04,Monthly statement,46,Nachod,east Bohemia,2413,M,37,28639.8,46609.0,13677.099999999999,0,68,0,,,,,,Standard
3998,1996-04-20,Monthly statement,2,Benesov,central Bohemia,4820,F,29,28573.533333333336,53747.9,16372.0,0,80,0,,,,,,Standard
11244,1997-01-12,Monthly statement,33,Decin,north Bohemia,13820,F,50,28571.783333333336,19049.6,2957.0,0,78,0,,7279.0,155760.0,C,0.0,Standard
2002,1993-04-08,Monthly statement,1,Hl.m. Praha,Prague,2432,F,74,28562.533333333336,39121.5,17439.600000000002,0,59,0,,,,,,Standard
3648,1996-05-06,Monthly statement,61,Trebic,south Moravia,4399,F,31,28561.641666666666,38519.1,25214.0,0,97,0,,,,,,Standard
10630,1995-01-15,Monthly statement,41,Usti nad Labem,north Bohemia,13071,M,42,28545.975000000002,36729.1,21353.399999999998,0,77,0,,7166.0,198240.0,A,0.0,Standard
1762,1993-12-11,Monthly statement,28,Plzen - sever,west Bohemia,2136,F,58,28528.925,29333.199999999997,20546.3,0,93,0,,5310.0,248148.0,A,0.0,Standard
2756,1997-10-21,Monthly statement,24,Karlovy Vary,west Bohemia,3328,M,32,28502.691666666666,24586.300000000003,20549.5,0,59,0,,,,,,Standard
8713,1997-05-18,Monthly statement,53,Blansko,south Moravia,10746,M,27,28454.15833333333,14844.099999999995,10131.099999999997,0,92,0,,6755.0,170700.0,C,0.0,Standard
45,1997-09-02,Monthly statement,64,Zlin,south Moravia,53,M,21,28452.291666666668,25878.7,24281.699999999997,0,56,0,,,,,,Standard
1739,1996-07-08,Monthly statement,3,Beroun,central Bohemia,2110,F,31,28422.625,46322.0,21191.6,0,64,0,,,,,,Standard
1484,1996-09-23,Monthly statement,70,Karvina,north Moravia,1798,M,65,28406.916666666668,34161.1,19279.3,0,74,0,,,,,,Standard
5313,1993-04-29,Monthly statement,40,Teplice,north Bohemia,6417,M,48,28405.233333333337,22565.500000000004,20911.000000000004,0,90,0,,6087.0,300660.0,C,0.0,Standard
2814,1993-04-25,Monthly statement,72,Olomouc,north Moravia,3399,M,66,28402.833333333332,29111.899999999998,21525.5,0,61,0,,,,,,Standard
2809,1994-12-08,Monthly statement,73,Opava,north Moravia,3393,F,44,28396.66666666666,26708.6,26198.999999999996,0,80,0,,,,,,Standard
1441,1994-10-25,Monthly statement,50,Svitavy,east Bohemia,1749,F,70,28396.2,42468.2,14767.3,0,65,0,,,,,,Standard
2698,1997-05-21,Monthly statement,49,Semily,east Bohemia,3256,M,22,28369.96666666667,19473.2,19473.2,0,21,1,classic,,,,,Standard
2630,1995-12-21,Monthly statement,64,Zlin,south Moravia,3175,F,48,28363.583333333332,31713.3,23113.7,0,65,0,,,,,,Standard
3371,1993-11-04,Monthly statement,68,Frydek - Mistek,north Moravia,4077,F,43,28351.65833333333,30966.1,8323.199999999997,0,45,0,,,,,,Standard
1853,1997-01-29,Monthly statement,7,Melnik,central Bohemia,2248,M,23,28338.541666666668,33220.5,17957.2,0,70,0,,,,,,Standard
792,1997-08-13,Monthly statement,3,Beroun,central Bohemia,949,M,22,28331.908333333336,18948.100000000002,18948.100000000002,0,91,0,,,,,,Standard
4389,1996-07-28,Monthly statement,77,Vsetin,north Moravia,5287,M,27,28310.75833333333,50164.0,13658.199999999999,0,59,0,,,,,,Standard
2388,1993-06-09,Monthly statement,30,Sokolov,west Bohemia,2883,M,45,28292.433333333334,32351.399999999998,25063.2,0,55,0,,,,,,Standard
2403,1996-02-20,Monthly statement,25,Klatovy,west Bohemia,2901,F,59,28289.833333333332,19731.3,19306.6,0,73,0,,,,,,Standard
504,1993-04-21,Monthly statement,73,Opava,north Moravia,606,F,49,28277.45,27321.8,24479.3,0,65,0,,,,,,Standard
3210,1993-05-17,Monthly statement,1,Hl.m. Praha,Prague,3883,M,33,28270.95833333333,35026.59999999999,18477.599999999995,0,59,1,classic,,,,,Standard
1856,1994-06-19,Monthly statement,26,Plzen - mesto,west Bohemia,2251,F,27,28259.533333333336,30876.2,25467.9,0,66,0,,,,,,Standard
1304,1996-04-27,Monthly statement,40,Teplice,north Bohemia,1578,F,27,28259.16666666667,23385.500000000004,22877.500000000004,0,55,1,classic,,,,,Standard
2233,1996-01-03,Monthly statement,43,Hradec Kralove,east Bohemia,2705,M,74,28246.55,44104.9,15617.099999999999,0,53,0,,,,,,Standard
3068,1993-04-25,Monthly statement,59,Kromeriz,south Moravia,3710,M,70,28245.316666666666,36921.0,21875.6,0,54,0,,,,,,Standard
37,1997-08-18,Monthly statement,20,Strakonice,south Bohemia,45,M,46,28205.691666666666,45904.5,6163.400000000001,0,101,0,,4967.0,318480.0,D,1.0,Standard
871,1996-09-02,Monthly statement,1,Hl.m. Praha,Prague,1049,M,56,28186.04166666666,18622.899999999994,18622.899999999994,0,66,1,classic,,,,,Standard
2665,1993-11-13,Monthly statement,61,Trebic,south Moravia,3217,M,21,28176.93333333333,19960.8,17022.499999999996,0,74,0,,,,,,Standard
3706,1996-04-04,Monthly statement,8,Mlada Boleslav,central Bohemia,4469,F,25,28168.274999999998,34304.0,19177.8,0,72,0,,,,,,Standard
3987,1997-09-14,Monthly statement,25,Klatovy,west Bohemia,4807,M,50,28142.99166666667,17933.100000000002,17933.100000000002,0,67,0,,,,,,Standard
209,1996-11-24,Monthly statement,37,Litomerice,north Bohemia,252,F,29,28080.358333333334,45680.6,14320.4,0,94,0,,,,,,Standard
1188,1996-07-22,Monthly statement,16,Jindrichuv Hradec,south Bohemia,1432,F,37,28064.816666666666,35278.4,20191.6,0,68,0,,,,,,Standard
2813,1993-12-15,Monthly statement,24,Karlovy Vary,west Bohemia,3397,F,24,28063.408333333336,18092.199999999997,15382.7,0,94,0,,,,,,Standard
883,1993-12-17,Monthly statement,1,Hl.m. Praha,Prague,1064,F,47,28056.941666666666,31235.0,20848.5,0,89,0,,,,,,Standard
1997,1996-09-05,Monthly statement,74,Ostrava - mesto,north Moravia,2426,M,71,28050.958333333332,24169.3,19453.6,0,78,0,,,,,,Standard
2610,1996-12-20,Monthly statement,54,Brno - mesto,south Moravia,3150,F,66,28050.666666666668,42776.8,16000.9,0,61,0,,,,,,Standard
1105,1994-09-01,Monthly statement,55,Brno - venkov,south Moravia,1326,F,42,28047.40833333333,43621.4,14571.2,0,70,0,,,,,,Standard
1414,1995-01-17,Monthly statement,58,Jihlava,south Moravia,1714,M,53,28046.608333333334,37588.0,20519.2,0,93,0,,,,,,Standard
556,1997-06-26,Monthly statement,12,Pribram,central Bohemia,669,F,42,28003.308333333334,55971.9,15387.800000000001,0,62,0,,,,,,Standard
1975,1994-09-07,Monthly statement,19,Prachatice,south Bohemia,2400,M,39,27999.041666666668,24930.7,22778.6,0,106,0,,,,,,Standard
3859,1996-04-23,Monthly statement,53,Blansko,south Moravia,4652,M,36,27963.883333333328,20410.99999999999,-6849.30000000001,2,71,0,,5758.0,307200.0,D,1.0,Standard
854,1993-09-21,Monthly statement,62,Uherske Hradiste,south Moravia,1029,F,44,27956.708333333332,44584.200000000004,14869.300000000001,0,93,0,,5138.0,87216.0,C,0.0,Standard
2560,1997-06-20,Monthly statement,15,Cesky Krumlov,south Bohemia,3091,F,32,27952.416666666668,24126.100000000002,15546.6,0,77,0,,,,,,Standard
3461,1997-06-23,Monthly statement,8,Mlada Boleslav,central Bohemia,4184,F,23,27933.333333333332,21400.0,21400.0,0,12,0,,,,,,Standard
6495,1996-07-23,Monthly statement,6,Kutna Hora,central Bohemia,7843,M,32,27921.233333333326,24244.699999999997,23303.799999999996,0,76,0,,6320.0,104964.0,C,0.0,Standard
746,1995-05-10,Monthly statement,75,Prerov,north Moravia,894,M,64,27911.516666666666,34902.9,21185.399999999998,0,55,0,,,,,,Standard
2005,1997-05-11,Monthly statement,16,Jindrichuv Hradec,south Bohemia,2435,F,55,27904.391666666666,21688.3,21688.3,0,96,0,,,,,,Standard
368,1993-07-06,Monthly statement,77,Vsetin,north Moravia,448,F,28,27895.05,30879.0,23315.8,0,96,0,,,,,,Standard
3533,1994-08-29,Monthly statement,74,Ostrava - mesto,north Moravia,4264,F,27,27859.291666666668,29297.7,21981.9,0,65,0,,,,,,Standard
1618,1996-12-18,Monthly statement,6,Kutna Hora,central Bohemia,1962,M,48,27837.625,44713.8,16856.4,0,75,0,,,,,,Standard
1886,1996-03-05,Monthly statement,32,Ceska Lipa,north Bohemia,2288,F,41,27803.375000000004,49268.200000000004,18399.600000000002,0,76,0,,5337.0,162468.0,C,0.0,Standard
2902,1993-01-28,Monthly statement,32,Ceska Lipa,north Bohemia,3507,F,52,27800.20833333334,41643.4,17158.300000000003,0,81,0,,,,,,Standard
9156,1997-09-14,Monthly statement,18,Pisek,south Bohemia,11271,M,61,27796.116666666672,31682.000000000007,9115.50000000001,0,61,0,,6856.0,163332.0,C,0.0,Standard
836,1996-07-28,Monthly statement,46,Nachod,east Bohemia,1006,F,56,27794.866666666665,48412.7,13725.699999999999,0,69,0,,,,,,Standard
549,1996-11-27,Monthly statement,5,Kolin,central Bohemia,662,M,53,27787.058333333334,33524.8,16182.600000000002,0,84,1,classic,,,,,Standard
1928,1997-03-02,Monthly statement,70,Karvina,north Moravia,2342,M,50,27777.36666666667,33866.0,6736.599999999999,0,72,0,,5346.0,55632.0,C,0.0,Standard
474,1995-12-06,Monthly statement,61,Trebic,south Moravia,570,F,57,27776.925000000003,35171.5,21126.100000000002,0,83,0,,,,,,Standard
3436,1995-06-24,Monthly statement,5,Kolin,central Bohemia,4156,F,36,27775.416666666668,28175.6,23610.6,0,56,0,,,,,,Standard
2397,1996-06-14,Monthly statement,70,Karvina,north Moravia,2894,F,50,27768.316666666666,37017.8,16575.0,0,81,0,,,,,,Standard
9472,1993-07-06,Weekly statement,1,Hl.m. Praha,Prague,11662,M,26,27759.93333333333,53902.6,6312.9999999999945,0,67,0,,6929.0,36396.0,A,0.0,Standard
2530,1996-07-02,Monthly statement,74,Ostrava - mesto,north Moravia,3054,M,40,27759.641666666666,33640.3,20046.100000000002,0,94,0,,,,,,Standard
99,1995-06-27,Monthly statement,1,Hl.m. Praha,Prague,120,M,22,27754.874999999996,2307.2999999999947,702.3999999999926,0,63,0,,,,,,Standard
1550,1996-04-15,Monthly statement,1,Hl.m. Praha,Prague,1880,M,24,27749.675,36372.7,14187.300000000001,0,67,0,,,,,,Standard
621,1996-06-01,Monthly statement,52,Usti nad Orlici,east Bohemia,745,F,32,27747.69166666667,51366.7,15004.700000000003,0,75,0,,,,,,Standard
3460,1997-04-08,Monthly statement,16,Jindrichuv Hradec,south Bohemia,4182,M,57,27745.758333333335,9836.200000000003,9836.200000000003,0,57,0,,5683.0,140688.0,C,0.0,Standard
502,1997-10-13,Monthly statement,1,Hl.m. Praha,Prague,604,F,33,27733.8,32942.9,20926.1,0,61,0,,,,,,Standard
1898,1993-04-01,Monthly statement,70,Karvina,north Moravia,2305,F,49,27725.291666666668,23388.300000000003,22248.8,0,50,0,,,,,,Standard
1107,1993-09-08,Monthly statement,42,Havlickuv Brod,east Bohemia,1328,F,61,27717.53333333333,33494.0,17573.999999999996,0,65,0,,,,,,Standard
3732,1997-05-25,Monthly statement,21,Tabor,south Bohemia,4502,M,66,27695.316666666666,26452.399999999998,19492.899999999998,0,66,0,,,,,,Standard
3986,1997-06-20,Monthly statement,19,Prachatice,south Bohemia,4806,F,54,27661.475000000002,35726.600000000006,15399.300000000001,0,85,0,,,,,,Standard
8566,1993-10-08,Monthly statement,74,Ostrava - mesto,north Moravia,10566,F,56,27627.791666666657,18680.19999999999,11550.39999999999,0,84,0,,6738.0,230220.0,B,1.0,Standard
4130,1997-06-01,Monthly statement,70,Karvina,north Moravia,4972,F,21,27612.30833333333,45736.29999999999,-1606.3000000000043,1,60,0,,,,,,Standard
446,1993-06-15,Monthly statement,50,Svitavy,east Bohemia,537,M,63,27575.05,49494.1,20503.699999999997,0,66,1,classic,,,,,Standard
1766,1994-09-03,Monthly statement,28,Plzen - sever,west Bohemia,2141,M,47,27569.075,45731.3,17145.000000000004,0,115,1,classic,5311.0,30060.0,C,0.0,Standard
146,1993-09-02,Monthly statement,4,Kladno,central Bohemia,176,M,69,27539.25833333333,38814.4,16836.3,0,56,0,,,,,,Standard
2922,1994-06-06,Monthly statement,16,Jindrichuv Hradec,south Bohemia,3530,F,27,27529.09166666666,18791.89999999999,18791.89999999999,0,43,0,,,,,,Standard
2497,1993-03-16,Monthly statement,65,Znojmo,south Moravia,3015,M,46,27524.808333333334,38051.1,14982.800000000001,0,55,0,,,,,,Standard
9897,1995-03-04,Monthly statement,1,Hl.m. Praha,Prague,12181,M,37,27524.575,45652.50000000001,18973.300000000003,0,110,0,,7008.0,36168.0,A,0.0,Standard
934,1997-11-27,Monthly statement,9,Nymburk,central Bohemia,1125,F,64,27520.625,34414.8,12350.0,0,43,0,,,,,,Standard
8085,1996-04-08,Monthly statement,73,Opava,north Moravia,9987,F,48,27511.449999999997,51133.49999999999,9912.699999999997,0,86,0,,6655.0,260400.0,D,1.0,Standard
2329,1996-08-07,Monthly statement,1,Hl.m. Praha,Prague,2817,F,21,27498.975000000002,35915.5,16663.899999999998,0,60,0,,,,,,Standard
3554,1993-02-16,Monthly statement,66,Zdar nad Sazavou,south Moravia,4289,M,17,27485.28333333333,31294.199999999997,14979.199999999995,0,72,0,,,,,,Standard
1633,1995-02-22,Monthly statement,51,Trutnov,east Bohemia,1979,F,72,27468.416666666668,17588.6,17588.6,0,67,0,,,,,,Standard
2060,1996-12-05,Monthly statement,13,Rakovnik,central Bohemia,2499,M,54,27463.650000000005,34376.8,18993.700000000004,0,69,0,,,,,,Standard
6034,1993-03-19,Weekly statement,6,Kutna Hora,central Bohemia,7291,F,58,27456.116666666672,63893.600000000006,-3920.0999999999876,3,81,0,,6228.0,464520.0,B,1.0,Standard
2734,1996-12-16,Monthly statement,53,Blansko,south Moravia,3300,M,48,27431.266666666666,47964.9,13416.199999999999,0,92,0,,,,,,Standard
279,1993-04-14,Monthly statement,39,Most,north Bohemia,336,F,34,27424.583333333332,30761.8,23310.2,0,71,0,,,,,,Standard
1293,1996-09-03,Monthly statement,40,Teplice,north Bohemia,1564,F,51,27417.525000000005,48629.0,17396.9,0,70,0,,,,,,Standard
2336,1993-07-08,Monthly statement,39,Most,north Bohemia,2824,M,57,27415.733333333334,38341.7,14660.800000000001,0,68,0,,,,,,Standard
7926,1996-06-09,Weekly statement,69,Jesenik,north Moravia,9798,F,48,27413.09166666667,69131.40000000001,6723.000000000002,0,54,0,,6613.0,84120.0,A,0.0,Standard
324,1996-08-23,Monthly statement,1,Hl.m. Praha,Prague,396,M,78,27407.141666666666,38110.0,16233.4,0,72,0,,,,,,Standard
5758,1997-07-28,Monthly statement,44,Chrudim,east Bohemia,6967,M,45,27406.475000000002,54595.700000000004,16565.600000000002,0,113,0,,,,,,Standard
2015,1995-11-25,Monthly statement,68,Frydek - Mistek,north Moravia,2447,M,26,27403.233333333334,24967.1,16609.399999999998,0,68,0,,,,,,Standard
116,1996-03-21,Monthly statement,8,Mlada Boleslav,central Bohemia,139,F,39,27402.833333333332,72209.6,10718.0,0,65,0,,,,,,Standard
3531,1996-05-03,Monthly statement,59,Kromeriz,south Moravia,4262,F,73,27401.816666666666,40650.4,14239.0,0,65,0,,,,,,Standard
3845,1995-05-14,Monthly statement,48,Rychnov nad Kneznou,east Bohemia,4636,M,21,27383.999999999996,44705.0,17139.999999999996,0,66,0,,,,,,Standard
1815,1993-04-17,Monthly statement,66,Zdar nad Sazavou,south Moravia,2200,M,45,27370.56666666667,42692.200000000004,18483.800000000003,0,82,0,,,,,,Standard
569,1996-10-01,Monthly statement,76,Sumperk,north Moravia,683,F,53,27363.941666666666,21400.2,20726.3,0,72,0,,,,,,Standard
3339,1996-09-27,Monthly statement,1,Hl.m. Praha,Prague,4037,F,32,27353.541666666668,32102.100000000002,14676.9,0,72,0,,,,,,Standard
5991,1993-11-21,Monthly statement,1,Hl.m. Praha,Prague,7241,F,41,27344.425,32064.5,17402.699999999997,0,85,0,,6223.0,61056.0,A,0.0,Standard
63,1996-11-16,Monthly statement,22,Domazlice,west Bohemia,73,M,74,27340.533333333336,32335.0,21598.1,0,71,0,,,,,,Standard
2507,1996-12-28,Monthly statement,62,Uherske Hradiste,south Moravia,3027,M,39,27333.341666666664,28776.5,23713.199999999997,0,70,0,,,,,,Standard
3605,1996-03-24,Monthly statement,3,Beroun,central Bohemia,4348,F,20,27333.25,51403.1,14109.899999999998,0,89,0,,,,,,Standard
1260,1996-11-17,Monthly statement,5,Kolin,central Bohemia,1521,M,19,27306.725000000002,46632.3,14896.900000000001,0,74,0,,,,,,Standard
11,1995-10-10,Monthly statement,76,Sumperk,north Moravia,14,F,56,27304.283333333336,23187.3,20894.100000000002,0,67,0,,,,,,Standard
435,1993-01-08,Monthly statement,38,Louny,north Bohemia,523,M,76,27281.591666666664,27135.1,23629.3,0,59,0,,,,,,Standard
3774,1996-08-30,Monthly statement,72,Olomouc,north Moravia,4550,F,56,27271.891666666666,32429.100000000002,21468.9,0,81,0,,,,,,Standard
617,1996-08-23,Monthly statement,74,Ostrava - mesto,north Moravia,741,M,57,27267.58333333333,15176.999999999996,15176.999999999996,0,73,0,,,,,,Standard
3247,1996-04-11,Monthly statement,61,Trebic,south Moravia,3927,F,50,27259.99166666667,26910.800000000003,15289.300000000001,0,85,0,,,,,,Standard
2970,1993-01-22,Monthly statement,60,Prostejov,south Moravia,3586,M,55,27239.716666666664,44179.4,17135.2,0,43,0,,,,,,Standard
2917,1996-08-08,Monthly statement,68,Frydek - Mistek,north Moravia,3524,F,53,27212.725000000002,46961.9,12857.300000000003,0,60,0,,,,,,Standard
1969,1994-04-02,Monthly statement,5,Kolin,central Bohemia,2394,M,36,27210.266666666666,33610.0,19843.699999999997,0,66,0,,,,,,Standard
1925,1993-08-03,Monthly statement,12,Pribram,central Bohemia,2336,M,76,27191.49166666667,29994.5,23680.600000000002,0,58,0,,,,,,Standard
3660,1993-11-14,Monthly statement,74,Ostrava - mesto,north Moravia,4413,M,21,27165.399999999998,52791.399999999994,14568.099999999999,0,64,0,,,,,,Standard
829,1996-11-10,Monthly statement,59,Kromeriz,south Moravia,997,M,48,27161.141666666666,31318.0,21934.2,0,52,0,,,,,,Standard
2999,1996-10-08,Monthly statement,66,Zdar nad Sazavou,south Moravia,3621,M,59,27152.533333333336,23962.800000000003,17017.7,0,69,0,,,,,,Standard
3992,1997-12-16,Monthly statement,43,Hradec Kralove,east Bohemia,4813,M,30,27119.5,38823.8,15685.000000000002,0,52,0,,,,,,Standard
439,1996-04-15,Monthly statement,69,Jesenik,north Moravia,529,M,20,27117.416666666668,28765.6,13774.5,0,62,0,,,,,,Standard
3023,1997-10-14,Monthly statement,35,Jablonec n. Nisou,north Bohemia,3651,M,80,27101.933333333334,30508.2,17075.6,0,55,0,,,,,,Standard
2143,1996-01-13,Monthly statement,1,Hl.m. Praha,Prague,2592,F,18,27095.03333333333,29591.0,17773.8,0,84,1,junior,5385.0,71460.0,C,0.0,Standard
2595,1997-08-17,Monthly statement,1,Hl.m. Praha,Prague,3131,F,63,27065.68333333333,34176.6,19147.6,0,60,0,,,,,,Standard
3378,1994-03-14,Monthly statement,55,Brno - venkov,south Moravia,4084,M,41,27065.40833333333,22606.399999999998,21218.399999999998,0,71,0,,,,,,Standard
3878,1994-10-07,Monthly statement,23,Cheb,west Bohemia,4675,M,23,27051.558333333334,22636.0,22636.0,0,92,0,,,,,,Standard
2579,1997-10-18,Monthly statement,24,Karlovy Vary,west Bohemia,3112,M,59,27042.475000000002,18502.7,18502.7,0,63,0,,,,,,Standard
304,1997-03-20,Monthly statement,4,Kladno,central Bohemia,371,M,56,27014.850000000002,23342.399999999998,15245.699999999999,0,70,0,,,,,,Standard
1331,1995-01-03,Monthly statement,59,Kromeriz,south Moravia,1611,F,35,27012.708333333332,19022.1,12579.400000000001,0,65,0,,,,,,Standard
3205,1995-12-17,Monthly statement,1,Hl.m. Praha,Prague,3875,F,68,26990.966666666664,32121.3,20564.0,0,56,0,,,,,,Standard
529,1997-08-18,Monthly statement,39,Most,north Bohemia,637,F,28,26975.066666666666,33116.799999999996,18298.0,0,73,0,,,,,,Standard
1315,1995-04-17,Monthly statement,13,Rakovnik,central Bohemia,1590,F,58,26955.45,20038.4,15470.7,0,100,0,,,,,,Standard
3346,1997-07-25,Monthly statement,1,Hl.m. Praha,Prague,4046,F,54,26920.25,34945.6,18506.899999999998,0,87,0,,,,,,Standard
11349,1995-05-26,Weekly statement,1,Hl.m. Praha,Prague,13955,F,53,26915.150000000005,33978.200000000004,9543.100000000006,0,88,0,,7304.0,419880.0,C,0.0,Standard
2677,1996-08-28,Monthly statement,5,Kolin,central Bohemia,3232,M,22,26902.61666666667,41461.0,16387.699999999997,0,100,0,,,,,,Standard
573,1996-07-11,Weekly statement,1,Hl.m. Praha,Prague,688,M,44,26898.13333333333,44704.0,12969.4,0,38,1,classic,,,,,Standard
3392,1995-06-08,Monthly statement,1,Hl.m. Praha,Prague,4101,F,28,26898.041666666668,39654.6,16328.9,0,65,0,,,,,,Standard
2706,1996-06-23,Monthly statement,47,Pardubice,east Bohemia,3265,F,35,26891.666666666668,36400.0,15600.0,0,12,0,,,,,,Standard
788,1996-06-25,Monthly statement,12,Pribram,central Bohemia,942,F,67,26889.25,30562.7,16808.3,0,60,0,,,,,,Standard
395,1993-03-12,Monthly statement,1,Hl.m. Praha,Prague,476,F,51,26886.25833333333,23296.1,22574.5,0,78,0,,,,,,Standard
1771,1993-03-28,Monthly statement,69,Jesenik,north Moravia,2147,F,35,26879.966666666664,22171.499999999996,19269.899999999998,0,73,0,,,,,,Standard
800,1997-12-06,Monthly statement,11,Praha - zapad,central Bohemia,959,F,36,26859.266666666666,32143.100000000002,16345.300000000001,0,67,0,,,,,,Standard
1435,1996-12-01,Monthly statement,1,Hl.m. Praha,Prague,1742,M,44,26856.666666666668,54417.7,16888.8,0,70,0,,,,,,Standard
850,1997-03-07,Monthly statement,25,Klatovy,west Bohemia,1024,M,42,26845.108333333337,48782.4,20240.2,0,69,0,,,,,,Standard
10093,1994-07-01,Weekly statement,1,Hl.m. Praha,Prague,12416,M,25,26831.850000000006,55178.600000000006,20406.900000000005,0,104,0,,7057.0,231696.0,A,0.0,Standard
1275,1996-06-26,Monthly statement,32,Ceska Lipa,north Bohemia,1539,M,75,26824.95,18970.100000000002,18970.100000000002,0,67,0,,,,,,Standard
973,1994-11-05,Monthly statement,54,Brno - mesto,south Moravia,1172,F,75,26820.858333333334,24106.0,18245.100000000002,0,59,0,,,,,,Standard
2025,1994-10-02,Monthly statement,19,Prachatice,south Bohemia,2460,F,35,26805.358333333337,44338.8,14901.2,0,54,0,,,,,,Standard
2053,1997-10-16,Monthly statement,5,Kolin,central Bohemia,2491,F,59,26800.949999999997,22765.399999999998,20430.8,0,60,0,,,,,,Standard
2538,1994-01-30,Monthly statement,42,Havlickuv Brod,east Bohemia,3064,M,68,26799.55,36625.8,20584.6,0,58,0,,,,,,Standard
2325,1997-02-26,Monthly statement,55,Brno - venkov,south Moravia,2812,F,28,26798.758333333335,35869.3,18271.9,0,94,0,,,,,,Standard
1351,1996-03-29,Monthly statement,40,Teplice,north Bohemia,1638,F,44,26787.45,29192.9,23239.5,0,56,0,,,,,,Standard
1487,1993-09-10,Monthly statement,66,Zdar nad Sazavou,south Moravia,1801,M,28,26780.458333333332,28583.3,25519.3,0,65,0,,,,,,Standard
1429,1993-07-30,Monthly statement,57,Hodonin,south Moravia,1733,F,24,26768.05,29480.7,23326.9,0,62,0,,,,,,Standard
4803,1996-06-08,Monthly statement,26,Plzen - mesto,west Bohemia,5801,F,19,26755.600000000002,35752.4,13264.300000000001,0,74,0,,5977.0,59136.0,C,0.0,Standard
3728,1994-08-18,Monthly statement,10,Praha - vychod,central Bohemia,4496,M,27,26717.800000000003,30237.800000000003,21958.500000000004,0,57,0,,,,,,Standard
3164,1993-12-24,Monthly statement,33,Decin,north Bohemia,3826,M,77,26700.825,35630.0,14487.4,0,67,0,,,,,,Standard
3699,1993-08-05,Monthly statement,50,Svitavy,east Bohemia,4461,F,41,26694.366666666665,9610.999999999996,9610.999999999996,0,58,0,,,,,,Standard
150,1995-03-16,Monthly statement,73,Opava,north Moravia,180,M,16,26691.116666666665,19767.6,17293.5,0,74,0,,,,,,Standard
613,1996-08-10,Statement after transaction,74,Ostrava - mesto,north Moravia,737,M,46,26689.466666666664,37736.5,19275.5,0,55,0,,,,,,Standard
1702,1995-02-27,Monthly statement,56,Breclav,south Moravia,2067,M,19,26681.166666666668,27452.3,18779.5,0,73,0,,,,,,Standard
454,1995-05-07,Monthly statement,7,Melnik,central Bohemia,546,M,45,26679.84166666667,31677.100000000002,18345.200000000004,0,71,0,,,,,,Standard
385,1993-04-07,Monthly statement,5,Kolin,central Bohemia,465,M,46,26678.75833333333,29217.3,23584.5,0,86,0,,,,,,Standard
3056,1993-12-22,Monthly statement,55,Brno - venkov,south Moravia,3695,M,64,26677.016666666666,32991.5,19909.7,0,63,0,,,,,,Standard
779,1996-08-13,Monthly statement,16,Jindrichuv Hradec,south Bohemia,931,M,30,26672.433333333334,33603.0,16553.2,0,59,0,,,,,,Standard
93,1996-06-12,Monthly statement,2,Benesov,central Bohemia,110,F,31,26622.96666666667,34008.9,19185.100000000002,0,57,0,,,,,,Standard
8896,1996-05-02,Statement after transaction,28,Plzen - sever,west Bohemia,10960,M,56,26618.375,44342.09999999999,569.1999999999925,0,75,0,,,,,,Standard
10663,1993-12-08,Monthly statement,11,Praha - zapad,central Bohemia,13113,M,22,26618.21666666667,37966.3,19361.900000000005,0,92,1,classic,7176.0,260028.0,A,0.0,Standard
3736,1996-05-08,Monthly statement,54,Brno - mesto,south Moravia,4508,M,77,26615.90833333333,31467.1,18027.899999999998,0,62,0,,,,,,Standard
1708,1994-11-21,Monthly statement,22,Domazlice,west Bohemia,2073,M,42,26589.349999999995,29823.9,16014.799999999997,0,74,0,,,,,,Standard
3189,1995-11-29,Monthly statement,29,Rokycany,west Bohemia,3855,M,59,26587.783333333326,17263.09999999999,6066.299999999994,0,72,0,,5625.0,222180.0,D,1.0,Standard
1981,1993-10-08,Monthly statement,64,Zlin,south Moravia,2407,M,23,26549.208333333332,31162.9,22598.600000000002,0,72,0,,,,,,Standard
1637,1993-01-08,Monthly statement,1,Hl.m. Praha,Prague,1984,M,72,26538.191666666666,34367.6,19869.899999999998,0,72,0,,,,,,Standard
155,1995-11-07,Monthly statement,58,Jihlava,south Moravia,187,M,56,26537.416666666668,19865.3,16053.5,0,71,0,,,,,,Standard
3272,1996-08-30,Monthly statement,53,Blansko,south Moravia,3961,F,55,26530.88333333333,34337.6,16357.299999999997,0,101,0,,,,,,Standard
3973,1995-11-27,Monthly statement,20,Strakonice,south Bohemia,4792,F,41,26513.29166666666,32200.599999999995,17128.799999999996,0,64,0,,,,,,Standard
3349,1996-03-28,Monthly statement,47,Pardubice,east Bohemia,4050,M,50,26507.38333333333,37683.5,14906.399999999998,0,66,0,,,,,,Standard
1736,1997-02-26,Monthly statement,74,Ostrava - mesto,north Moravia,2106,F,77,26498.491666666665,23341.5,21137.399999999998,0,63,0,,,,,,Standard
2619,1996-05-13,Monthly statement,20,Strakonice,south Bohemia,3160,M,47,26496.291666666668,39871.299999999996,19695.899999999998,0,62,0,,,,,,Standard
1977,1996-02-03,Monthly statement,41,Usti nad Labem,north Bohemia,2402,M,50,26476.38333333333,38708.4,16901.0,0,60,0,,,,,,Standard
3261,1993-07-07,Monthly statement,1,Hl.m. Praha,Prague,3946,M,23,26462.949999999997,22328.3,17014.2,0,83,0,,,,,,Standard
1265,1996-02-25,Monthly statement,49,Semily,east Bohemia,1527,M,64,26457.325,43444.6,11427.400000000001,0,55,0,,,,,,Standard
11362,1995-10-14,Monthly statement,67,Bruntal,north Moravia,13971,F,36,26453.524999999998,38530.899999999994,16000.8,0,117,0,,7308.0,129408.0,A,0.0,Standard
10233,1996-02-21,Monthly statement,27,Plzen - jih,west Bohemia,12586,M,51,26451.766666666674,27020.40000000001,3887.900000000006,0,109,0,,7088.0,239160.0,C,0.0,Standard
5065,1993-01-24,Monthly statement,66,Zdar nad Sazavou,south Moravia,6114,F,58,26442.799999999992,8693.799999999994,4967.299999999994,0,69,0,,,,,,Standard
3936,1995-05-04,Monthly statement,39,Most,north Bohemia,4746,F,57,26434.649999999998,17390.6,17390.6,0,94,0,,,,,,Standard
2071,1997-05-08,Monthly statement,35,Jablonec n. Nisou,north Bohemia,2511,F,23,26432.541666666668,50832.9,11907.4,0,78,0,,,,,,Standard
1590,1995-04-07,Monthly statement,77,Vsetin,north Moravia,1927,M,46,26423.00833333333,33076.9,16872.100000000002,0,103,0,,,,,,Standard
1852,1993-07-05,Monthly statement,35,Jablonec n. Nisou,north Bohemia,2247,F,20,26407.399999999998,31856.4,20782.3,0,57,0,,,,,,Standard
243,1993-11-06,Weekly statement,55,Brno - venkov,south Moravia,294,M,30,26394.775000000012,15154.000000000015,15154.000000000015,0,46,0,,,,,,Standard
2596,1994-09-02,Monthly statement,1,Hl.m. Praha,Prague,3132,F,23,26372.8,27471.6,21276.5,0,60,0,,,,,,Standard
2407,1996-07-21,Monthly statement,1,Hl.m. Praha,Prague,2908,M,27,26354.516666666663,29196.199999999997,16084.9,0,70,0,,,,,,Standard
2374,1995-12-07,Monthly statement,1,Hl.m. Praha,Prague,2869,M,23,26353.125,29082.5,21905.4,0,56,0,,,,,,Standard
455,1995-04-23,Monthly statement,54,Brno - mesto,south Moravia,547,M,49,26351.49166666667,30696.300000000003,18914.600000000002,0,65,0,,,,,,Standard
9263,1996-06-04,Monthly statement,68,Frydek - Mistek,north Moravia,11405,F,34,26343.824999999997,32234.399999999998,22084.699999999997,0,98,0,,6887.0,39576.0,A,0.0,Standard
650,1995-01-28,Monthly statement,3,Beroun,central Bohemia,780,M,74,26337.875,27458.8,18709.5,0,71,0,,,,,,Standard
1070,1996-04-23,Monthly statement,62,Uherske Hradiste,south Moravia,1285,M,59,26337.241666666665,36542.8,19632.0,0,70,0,,,,,,Standard
8547,1995-07-17,Weekly statement,14,Ceske Budejovice,south Bohemia,10543,F,53,26335.074999999986,31403.69999999999,9720.299999999988,0,74,1,classic,6734.0,173016.0,C,0.0,Standard
3052,1997-04-26,Monthly statement,44,Chrudim,east Bohemia,3690,M,38,26330.61666666667,26009.600000000002,17634.0,0,25,0,,,,,,Standard
1344,1995-07-16,Statement after transaction,12,Pribram,central Bohemia,1628,F,41,26329.75000000001,25511.100000000006,15572.700000000006,0,39,0,,,,,,Standard
1333,1994-09-29,Monthly statement,21,Tabor,south Bohemia,1614,M,60,26327.425000000003,25175.000000000004,19290.500000000004,0,72,0,,,,,,Standard
3946,1996-07-16,Monthly statement,70,Karvina,north Moravia,4760,M,63,26324.758333333335,36690.8,14134.7,0,77,0,,,,,,Standard
899,1993-06-21,Monthly statement,72,Olomouc,north Moravia,1082,M,31,26312.608333333334,54018.7,15013.6,0,48,0,,,,,,Standard
3469,1993-05-22,Monthly statement,76,Sumperk,north Moravia,4192,M,67,26311.34166666667,28217.2,20694.800000000003,0,64,0,,,,,,Standard
2826,1996-11-20,Monthly statement,35,Jablonec n. Nisou,north Bohemia,3416,M,20,26292.816666666666,35609.9,19585.3,0,72,0,,,,,,Standard
2090,1996-11-26,Monthly statement,40,Teplice,north Bohemia,2533,F,69,26287.558333333334,29382.7,20789.5,0,57,0,,,,,,Standard
3541,1997-03-02,Monthly statement,70,Karvina,north Moravia,4274,F,61,26237.083333333332,32227.7,16593.3,0,61,0,,,,,,Standard
2101,1996-08-04,Monthly statement,9,Nymburk,central Bohemia,2545,F,45,26226.325,27623.2,22690.600000000002,0,89,0,,,,,,Standard
1785,1996-10-25,Monthly statement,52,Usti nad Orlici,east Bohemia,2163,M,80,26218.449999999997,38171.2,16497.399999999998,0,61,0,,,,,,Standard
130,1997-02-12,Monthly statement,54,Brno - mesto,south Moravia,156,F,68,26214.425000000003,29171.4,19718.9,0,66,0,,,,,,Standard
735,1997-09-17,Monthly statement,70,Karvina,north Moravia,882,F,65,26209.350000000002,30180.8,19661.9,0,64,0,,,,,,Standard
1267,1996-08-05,Monthly statement,43,Hradec Kralove,east Bohemia,1529,F,26,26206.55,39448.5,16507.3,0,104,1,classic,,,,,Standard
64,1997-03-11,Monthly statement,64,Zlin,south Moravia,75,F,21,26206.233333333334,21729.8,11783.000000000002,0,24,0,,,,,,Standard
442,1997-03-30,Monthly statement,54,Brno - mesto,south Moravia,533,F,57,26197.516666666666,54376.5,12641.5,0,65,0,,5063.0,357840.0,D,1.0,Standard
2215,1997-10-17,Monthly statement,48,Rychnov nad Kneznou,east Bohemia,2683,F,69,26163.3,41645.8,16908.5,0,53,0,,,,,,Standard
3632,1996-04-06,Weekly statement,56,Breclav,south Moravia,4381,M,39,26162.791666666668,89712.1,12324.299999999997,0,36,0,,,,,,Standard
5,1997-05-30,Monthly statement,15,Cesky Krumlov,south Bohemia,7,M,69,26159.433333333334,28088.600000000002,22076.2,0,66,0,,,,,,Standard
986,1996-05-02,Monthly statement,74,Ostrava - mesto,north Moravia,1189,F,66,26152.583333333332,23556.1,18973.7,0,63,0,,,,,,Standard
9510,1996-06-09,Monthly statement,1,Hl.m. Praha,Prague,11709,M,37,26143.75,36343.6,13511.7,0,67,0,,6940.0,228276.0,C,0.0,Standard
2074,1996-02-18,Monthly statement,12,Pribram,central Bohemia,2515,M,40,26131.499999999996,64199.49999999999,10272.199999999999,0,74,0,,,,,,Standard
2027,1994-11-28,Monthly statement,19,Prachatice,south Bohemia,2462,M,64,26124.825,32793.2,19837.2,0,58,0,,,,,,Standard
4301,1997-06-26,Monthly statement,1,Hl.m. Praha,Prague,5180,M,55,26110.24166666667,36913.6,15877.800000000001,0,60,0,,,,,,Standard
3969,1993-06-20,Monthly statement,39,Most,north Bohemia,4788,F,18,26081.11666666667,22873.0,17702.2,0,57,0,,,,,,Standard
2173,1997-05-02,Monthly statement,64,Zlin,south Moravia,2630,F,61,26074.416666666668,33367.799999999996,20762.899999999998,0,68,0,,,,,,Standard
1711,1996-01-05,Monthly statement,63,Vyskov,south Moravia,2076,F,41,26071.941666666666,25731.7,21719.1,0,90,0,,,,,,Standard
1665,1997-04-15,Monthly statement,73,Opava,north Moravia,2019,M,66,26056.433333333334,33135.700000000004,17783.5,0,60,0,,,,,,Standard
11265,1993-01-14,Monthly statement,15,Cesky Krumlov,south Bohemia,13845,M,25,26028.908333333336,27391.2,23997.7,0,74,0,,7284.0,52788.0,A,0.0,Standard
1648,1997-08-08,Monthly statement,40,Teplice,north Bohemia,1998,F,20,26012.43333333333,20987.1,20987.1,0,70,0,,,,,,Standard
767,1995-03-26,Monthly statement,25,Klatovy,west Bohemia,917,F,25,26003.316666666666,20407.600000000002,19929.8,0,111,0,,,,,,Standard
2453,1993-03-08,Monthly statement,1,Hl.m. Praha,Prague,2962,M,60,26000.033333333336,28992.8,22907.0,0,54,0,,,,,,Standard
3556,1997-08-29,Monthly statement,58,Jihlava,south Moravia,4291,F,47,25992.391666666666,22495.7,21298.4,0,100,0,,5698.0,174840.0,C,0.0,Standard
3373,1996-01-18,Monthly statement,27,Plzen - jih,west Bohemia,4079,M,43,25968.224999999995,36595.7,6447.999999999996,0,74,0,,,,,,Standard
3252,1995-06-12,Monthly statement,12,Pribram,central Bohemia,3934,M,30,25968.166666666668,30004.5,20421.8,0,81,0,,,,,,Standard
1576,1996-08-06,Weekly statement,35,Jablonec n. Nisou,north Bohemia,1909,F,54,25958.28333333333,13611.3,13611.3,0,58,0,,,,,,Standard
3498,1996-11-12,Monthly statement,31,Tachov,west Bohemia,4226,M,41,25957.141666666663,26452.399999999998,13832.699999999997,0,84,0,,,,,,Standard
297,1996-09-08,Monthly statement,74,Ostrava - mesto,north Moravia,361,F,21,25948.54166666667,61477.200000000004,13678.900000000003,0,74,0,,,,,,Standard
3939,1993-07-08,Monthly statement,70,Karvina,north Moravia,4750,M,36,25944.524999999998,27896.6,22465.6,0,71,0,,,,,,Standard
2924,1994-10-16,Monthly statement,56,Breclav,south Moravia,3532,M,63,25942.0,34617.3,17692.0,0,57,0,,,,,,Standard
1390,1996-12-30,Monthly statement,69,Jesenik,north Moravia,1682,M,42,25941.25833333333,33148.1,17096.3,0,82,0,,,,,,Standard
2333,1994-10-08,Monthly statement,45,Jicin,east Bohemia,2821,F,18,25929.00833333333,24552.6,16440.399999999998,0,64,0,,,,,,Standard
2807,1996-10-04,Monthly statement,42,Havlickuv Brod,east Bohemia,3391,M,27,25925.850000000002,26812.400000000005,13442.900000000001,0,46,0,,,,,,Standard
1575,1993-02-27,Monthly statement,1,Hl.m. Praha,Prague,1908,M,78,25916.833333333332,34595.2,15246.599999999999,0,58,0,,,,,,Standard
3021,1996-04-20,Monthly statement,10,Praha - vychod,central Bohemia,3649,F,39,25908.849999999995,20170.899999999998,19279.199999999997,0,65,0,,5591.0,155616.0,C,0.0,Standard
1830,1993-02-08,Monthly statement,10,Praha - vychod,central Bohemia,2220,F,46,25885.0,39946.6,16015.0,0,60,0,,,,,,Standard
3353,1996-08-27,Monthly statement,74,Ostrava - mesto,north Moravia,4055,F,45,25875.583333333332,40638.6,19450.6,0,94,0,,5656.0,146064.0,C,0.0,Standard
2852,1996-12-29,Monthly statement,70,Karvina,north Moravia,3446,M,41,25875.0,26600.0,21400.0,0,12,0,,,,,,Standard
683,1996-07-22,Monthly statement,74,Ostrava - mesto,north Moravia,819,M,40,25864.56666666667,44108.5,13756.600000000004,0,65,1,classic,,,,,Standard
1123,1993-11-01,Monthly statement,13,Rakovnik,central Bohemia,1347,M,28,25860.774999999998,32084.6,15931.800000000001,0,80,0,,,,,,Standard
3133,1993-06-14,Monthly statement,66,Zdar nad Sazavou,south Moravia,3789,M,34,25851.499999999996,52505.899999999994,16590.399999999994,0,75,0,,,,,,Standard
3989,1995-03-11,Monthly statement,19,Prachatice,south Bohemia,4809,M,68,25841.308333333334,22693.2,19307.3,0,55,0,,,,,,Standard
1142,1995-10-19,Monthly statement,74,Ostrava - mesto,north Moravia,1373,F,23,25838.541666666668,25698.3,20647.0,0,74,0,,,,,,Standard
2839,1995-04-04,Monthly statement,70,Karvina,north Moravia,3431,F,19,25837.608333333334,37567.2,15722.4,0,104,0,,,,,,Standard
3590,1996-06-02,Monthly statement,57,Hodonin,south Moravia,4332,M,62,25827.691666666662,24110.299999999996,20944.599999999995,0,62,0,,,,,,Standard
2657,1996-10-07,Monthly statement,55,Brno - venkov,south Moravia,3207,F,73,25820.191666666666,28249.8,21300.2,0,61,0,,,,,,Standard
431,1996-11-05,Monthly statement,18,Pisek,south Bohemia,519,M,18,25817.266666666666,37675.0,15383.0,0,82,1,junior,,,,,Standard
5422,1994-10-22,Monthly statement,66,Zdar nad Sazavou,south Moravia,6544,M,24,25801.333333333325,36830.79999999999,10297.89999999999,0,93,0,,6109.0,368880.0,C,0.0,Standard
2177,1993-01-04,Monthly statement,62,Uherske Hradiste,south Moravia,2636,M,80,25800.041666666668,32459.0,16191.4,0,53,0,,,,,,Standard
3548,1993-11-11,Monthly statement,23,Cheb,west Bohemia,4282,M,66,25799.433333333334,36971.0,16427.0,0,57,0,,,,,,Standard
1539,1993-01-03,Statement after transaction,1,Hl.m. Praha,Prague,1866,F,56,25799.333333333343,8957.500000000011,-11256.499999999989,3,90,0,,,,,,Standard
715,1996-08-08,Monthly statement,32,Ceska Lipa,north Bohemia,857,M,50,25788.25,33842.6,17001.6,0,93,0,,,,,,Standard
7190,1993-09-06,Monthly statement,49,Semily,east Bohemia,8677,M,43,25784.308333333338,22732.300000000003,22337.800000000003,0,81,0,,6474.0,63360.0,C,0.0,Standard
2627,1994-10-02,Monthly statement,76,Sumperk,north Moravia,3170,M,77,25780.850000000006,22636.300000000003,13216.800000000005,0,73,0,,,,,,Standard
3925,1995-09-05,Monthly statement,1,Hl.m. Praha,Prague,4733,M,43,25749.091666666678,28263.70000000001,18724.400000000012,0,65,0,,,,,,Standard
1308,1996-09-25,Monthly statement,54,Brno - mesto,south Moravia,1582,M,64,25744.266666666666,32164.5,21037.2,0,59,0,,,,,,Standard
984,1996-07-10,Monthly statement,2,Benesov,central Bohemia,1186,F,51,25743.55,26493.8,19510.3,0,70,0,,,,,,Standard
10812,1997-04-08,Monthly statement,16,Jindrichuv Hradec,south Bohemia,13290,M,57,25735.925000000007,7610.800000000009,7610.800000000009,0,57,0,,7202.0,140688.0,C,0.0,Standard
3599,1994-03-20,Monthly statement,63,Vyskov,south Moravia,4342,F,80,25722.891666666666,32142.100000000002,19906.100000000002,0,62,0,,,,,,Standard
268,1996-05-29,Monthly statement,3,Beroun,central Bohemia,324,M,38,25716.300000000003,37866.4,9646.700000000003,0,58,0,,,,,,Standard
1318,1997-12-22,Monthly statement,56,Breclav,south Moravia,1594,M,59,25698.308333333334,34196.799999999996,10500.0,0,56,0,,5226.0,185544.0,C,0.0,Standard
1993,1994-10-30,Monthly statement,68,Frydek - Mistek,north Moravia,2422,F,22,25697.15833333333,51911.799999999996,-4293.000000000003,1,56,0,,5352.0,68400.0,B,1.0,Standard
1366,1993-02-24,Monthly statement,60,Prostejov,south Moravia,1654,M,35,25694.95,23589.6,17147.4,0,93,0,,,,,,Standard
2597,1997-03-16,Monthly statement,31,Tachov,west Bohemia,3133,F,25,25674.158333333336,23168.600000000002,21977.100000000002,0,85,0,,,,,,Standard
587,1996-06-21,Monthly statement,19,Prachatice,south Bohemia,705,M,60,25666.666666666668,33900.0,15900.0,0,11,0,,,,,,Standard
1164,1994-01-14,Monthly statement,35,Jablonec n. Nisou,north Bohemia,1401,M,17,25658.09166666667,22077.0,15828.300000000003,0,70,0,,,,,,Standard
2392,1997-05-18,Monthly statement,1,Hl.m. Praha,Prague,2888,F,20,25645.891666666674,41845.700000000004,13460.700000000004,0,24,1,junior,,,,,Standard
1166,1993-04-21,Monthly statement,11,Praha - zapad,central Bohemia,1404,F,30,25636.45833333334,42640.50000000001,17210.100000000006,0,76,0,,5189.0,149040.0,A,0.0,Standard
2663,1995-01-25,Monthly statement,64,Zlin,south Moravia,3215,F,62,25633.13333333333,33204.8,18548.7,0,62,0,,,,,,Standard
3197,1993-12-25,Monthly statement,1,Hl.m. Praha,Prague,3865,M,21,25632.016666666666,27928.4,21832.4,0,52,0,,,,,,Standard
2810,1995-03-16,Monthly statement,66,Zdar nad Sazavou,south Moravia,3394,F,18,25627.38333333333,31839.100000000002,21228.5,0,105,0,,,,,,Standard
2925,1993-01-10,Monthly statement,1,Hl.m. Praha,Prague,3533,F,35,25623.033333333336,32687.6,16997.5,0,56,0,,,,,,Standard
382,1996-08-16,Monthly statement,14,Ceske Budejovice,south Bohemia,462,M,28,25592.49166666667,28101.9,22040.3,0,76,0,,,,,,Standard
2802,1993-09-16,Monthly statement,1,Hl.m. Praha,Prague,3386,F,58,25592.24166666667,38707.5,17677.5,0,75,0,,,,,,Standard
2422,1997-08-29,Monthly statement,27,Plzen - jih,west Bohemia,2926,M,64,25582.875,33151.6,15764.4,0,65,0,,,,,,Standard
884,1993-12-07,Monthly statement,2,Benesov,central Bohemia,1065,M,41,25578.166666666668,20748.0,20748.0,0,66,0,,,,,,Standard
9513,1996-05-12,Monthly statement,59,Kromeriz,south Moravia,11713,F,47,25572.399999999998,40110.4,15177.699999999999,0,76,0,,6942.0,18324.0,A,0.0,Standard
2997,1997-09-09,Monthly statement,40,Teplice,north Bohemia,3619,M,43,25560.225000000002,28633.6,21821.399999999998,0,71,0,,,,,,Standard
943,1993-02-03,Monthly statement,1,Hl.m. Praha,Prague,1137,F,21,25556.183333333334,27138.1,21814.0,0,60,0,,,,,,Standard
2702,1996-02-01,Monthly statement,74,Ostrava - mesto,north Moravia,3260,F,56,25555.55,42698.7,15660.399999999996,0,72,1,classic,,,,,Standard
3158,1996-10-03,Monthly statement,71,Novy Jicin,north Moravia,3818,M,56,25547.425,23402.2,23402.2,0,58,0,,,,,,Standard
1336,1997-02-26,Monthly statement,5,Kolin,central Bohemia,1617,F,48,25541.84166666667,23340.800000000003,21320.500000000004,0,76,0,,,,,,Standard
3645,1996-06-18,Monthly statement,36,Liberec,north Bohemia,4395,F,40,25538.341666666664,23762.399999999998,20191.1,0,83,0,,,,,,Standard
3668,1996-06-15,Monthly statement,1,Hl.m. Praha,Prague,4421,F,54,25533.333333333332,19500.0,19500.0,0,11,0,,,,,,Standard
3019,1996-04-21,Monthly statement,33,Decin,north Bohemia,3646,F,55,25527.591666666664,15129.0,15129.0,0,52,0,,,,,,Standard
979,1993-02-16,Monthly statement,21,Tabor,south Bohemia,1180,M,54,25523.058333333334,44327.700000000004,19055.5,0,67,0,,,,,,Standard
2548,1996-01-06,Monthly statement,57,Hodonin,south Moravia,3076,F,36,25521.349999999995,31801.8,10256.799999999997,0,57,0,,,,,,Standard
1033,1997-08-05,Monthly statement,32,Ceska Lipa,north Bohemia,1240,F,22,25509.25833333333,18132.0,18132.0,0,21,0,,,,,,Standard
865,1996-03-18,Monthly statement,17,Pelhrimov,south Bohemia,1042,F,32,25448.683333333334,21087.7,21087.7,0,69,0,,,,,,Standard
1721,1993-03-25,Monthly statement,68,Frydek - Mistek,north Moravia,2087,M,21,25433.333333333332,38700.0,9800.0,0,11,0,,,,,,Standard
2721,1997-11-14,Monthly statement,74,Ostrava - mesto,north Moravia,3286,F,26,25418.31666666667,21593.9,19788.7,0,84,0,,,,,,Standard
1596,1997-10-05,Monthly statement,70,Karvina,north Moravia,1934,F,65,25416.016666666666,27213.0,21011.1,0,63,0,,,,,,Standard
2777,1996-12-25,Monthly statement,62,Uherske Hradiste,south Moravia,3354,F,55,25408.333333333332,26600.0,21400.0,0,11,0,,,,,,Standard
3124,1995-06-13,Monthly statement,6,Kutna Hora,central Bohemia,3779,M,49,25401.96666666667,42533.4,18204.0,0,96,1,classic,,,,,Standard
2459,1997-09-10,Monthly statement,55,Brno - venkov,south Moravia,2969,M,75,25392.074999999997,24610.699999999997,19512.1,0,62,0,,,,,,Standard
3990,1997-02-04,Monthly statement,77,Vsetin,north Moravia,4811,F,27,25390.191666666666,17643.3,16985.7,0,48,0,,,,,,Standard
2928,1993-12-14,Monthly statement,55,Brno - venkov,south Moravia,3536,M,76,25388.791666666668,26656.100000000002,22181.3,0,60,0,,,,,,Standard
5066,1995-08-27,Weekly statement,13,Rakovnik,central Bohemia,6115,F,45,25377.241666666672,59668.600000000006,-2176.3999999999915,1,108,0,,6027.0,61656.0,B,1.0,Standard
1256,1994-04-21,Monthly statement,38,Louny,north Bohemia,1516,F,52,25365.574999999997,38910.7,17668.6,0,84,0,,5212.0,71064.0,A,0.0,Standard
2342,1993-02-11,Monthly statement,51,Trutnov,east Bohemia,2830,M,24,25347.8,28616.5,22494.8,0,59,0,,,,,,Standard
519,1993-11-12,Monthly statement,24,Karlovy Vary,west Bohemia,623,M,73,25342.75833333333,26447.5,22603.8,0,70,0,,,,,,Standard
1741,1995-05-10,Monthly statement,21,Tabor,south Bohemia,2112,M,71,25338.283333333336,33604.0,18068.5,0,60,0,,,,,,Standard
784,1994-04-19,Monthly statement,59,Kromeriz,south Moravia,938,F,54,25332.36666666667,21655.899999999998,21655.899999999998,0,105,0,,,,,,Standard
2961,1996-07-12,Monthly statement,9,Nymburk,central Bohemia,3575,F,61,25331.433333333334,32526.7,19063.7,0,74,0,,,,,,Standard
8639,1997-08-22,Monthly statement,46,Nachod,east Bohemia,10654,F,36,25308.958333333332,23567.1,19903.399999999998,0,86,0,,6746.0,185640.0,C,0.0,Standard
2489,1993-03-09,Monthly statement,72,Olomouc,north Moravia,3005,M,67,25306.916666666668,28666.2,21743.9,0,62,0,,,,,,Standard
1987,1994-03-17,Monthly statement,54,Brno - mesto,south Moravia,2414,F,48,25292.225000000002,43453.00000000001,19578.9,0,56,0,,,,,,Standard
3860,1994-10-11,Monthly statement,4,Kladno,central Bohemia,4653,F,52,25291.199999999997,33202.799999999996,12487.499999999998,0,53,0,,,,,,Standard
2049,1997-12-19,Monthly statement,67,Bruntal,north Moravia,2487,F,31,25282.74166666667,22003.7,17169.2,0,64,0,,,,,,Standard
3971,1997-03-13,Monthly statement,75,Prerov,north Moravia,4790,M,52,25244.841666666664,52422.7,5647.0999999999985,0,97,0,,,,,,Standard
2316,1997-07-21,Monthly statement,1,Hl.m. Praha,Prague,2802,F,32,25241.283333333336,27605.4,21437.0,0,92,0,,,,,,Standard
1205,1994-10-08,Monthly statement,73,Opava,north Moravia,1454,M,73,25225.391666666663,33386.6,19390.6,0,61,0,,,,,,Standard
1023,1993-08-13,Monthly statement,21,Tabor,south Bohemia,1228,F,49,25224.949999999997,41292.799999999996,16385.7,0,46,1,classic,,,,,Standard
2234,1996-11-21,Monthly statement,3,Beroun,central Bohemia,2706,M,31,25205.86666666667,30424.5,19735.5,0,74,0,,,,,,Standard
6138,1997-01-22,Monthly statement,54,Brno - mesto,south Moravia,7411,F,35,25205.266666666663,38276.5,15916.799999999997,0,62,0,,6249.0,67608.0,C,0.0,Standard
4385,1993-11-23,Monthly statement,23,Cheb,west Bohemia,5283,M,16,25193.424999999992,27887.499999999993,15155.199999999992,0,59,0,,,,,,Standard
3777,1995-01-19,Monthly statement,70,Karvina,north Moravia,4554,M,61,25179.441666666666,27071.3,21486.1,0,78,0,,,,,,Standard
2212,1996-02-12,Monthly statement,33,Decin,north Bohemia,2677,M,76,25172.21666666667,28742.7,22866.0,0,59,0,,,,,,Standard
1930,1993-06-27,Monthly statement,3,Beroun,central Bohemia,2344,F,74,25169.816666666666,35223.5,15891.199999999999,0,64,0,,,,,,Standard
995,1995-08-23,Monthly statement,64,Zlin,south Moravia,1199,F,22,25165.49166666667,28272.3,21260.7,0,73,0,,,,,,Standard
916,1996-08-13,Monthly statement,1,Hl.m. Praha,Prague,1103,M,47,25159.449999999997,34046.99999999999,13379.199999999997,0,69,0,,,,,,Standard
3959,1997-02-15,Weekly statement,1,Hl.m. Praha,Prague,4776,M,24,25150.3,32562.299999999996,2663.8999999999987,0,69,0,,,,,,Standard
3821,1996-04-18,Monthly statement,18,Pisek,south Bohemia,4605,F,18,25128.88333333332,16050.399999999987,13520.199999999988,0,59,0,,,,,,Standard
2680,1995-03-03,Monthly statement,46,Nachod,east Bohemia,3235,F,48,25109.391666666663,48613.799999999996,13142.099999999997,0,67,0,,,,,,Standard
286,1996-03-27,Monthly statement,71,Novy Jicin,north Moravia,347,M,39,25095.483333333334,34299.8,19497.100000000002,0,66,1,classic,,,,,Standard
2468,1996-07-13,Monthly statement,4,Kladno,central Bohemia,2979,F,37,25060.908333333336,29873.3,21510.2,0,53,0,,,,,,Standard
2108,1996-07-06,Monthly statement,74,Ostrava - mesto,north Moravia,2552,F,34,25052.083333333332,16150.800000000003,12299.300000000003,0,64,0,,,,,,Standard
827,1996-02-23,Monthly statement,36,Liberec,north Bohemia,994,M,27,25051.683333333334,28959.3,22357.600000000002,0,60,0,,,,,,Standard
2130,1996-11-04,Monthly statement,46,Nachod,east Bohemia,2576,F,19,25026.79166666666,24464.799999999996,17763.499999999996,0,37,0,,,,,,Standard
1742,1995-10-08,Monthly statement,68,Frydek - Mistek,north Moravia,2113,M,61,25005.91666666666,30485.699999999997,19389.799999999996,0,74,0,,,,,,Standard
2829,1997-08-18,Monthly statement,66,Zdar nad Sazavou,south Moravia,3420,M,19,25002.24166666667,18508.000000000004,17932.4,0,69,0,,,,,,Standard
1688,1993-02-27,Monthly statement,70,Karvina,north Moravia,2049,M,71,25001.63333333333,34186.8,16178.900000000001,0,60,0,,,,,,Standard
3179,1996-09-20,Monthly statement,71,Novy Jicin,north Moravia,3844,F,35,24980.183333333334,35866.6,16774.300000000003,0,76,0,,,,,,Standard
1183,1995-05-08,Monthly statement,12,Pribram,central Bohemia,1425,M,30,24977.524999999998,14390.4,14390.4,0,75,0,,,,,,Standard
2714,1993-01-30,Monthly statement,1,Hl.m. Praha,Prague,3276,M,18,24969.074999999997,17923.299999999996,16568.199999999997,0,57,0,,,,,,Standard
2743,1997-05-22,Monthly statement,51,Trutnov,east Bohemia,3311,M,44,24938.149999999998,23399.7,15585.800000000001,0,95,0,,,,,,Standard
3242,1997-03-02,Monthly statement,28,Plzen - sever,west Bohemia,3921,F,40,24931.61666666667,22395.6,13537.8,0,82,0,,,,,,Standard
4488,1996-04-24,Monthly statement,33,Decin,north Bohemia,5413,M,52,24929.158333333336,36694.4,11662.900000000001,0,59,0,,,,,,Standard
8051,1993-02-07,Weekly statement,1,Hl.m. Praha,Prague,9945,F,30,24927.783333333336,23794.3,18743.0,0,63,0,,6647.0,208320.0,A,0.0,Standard
3615,1996-11-05,Monthly statement,46,Nachod,east Bohemia,4361,M,43,24927.675,30669.399999999998,15936.099999999999,0,69,0,,,,,,Standard
561,1996-12-12,Monthly statement,11,Praha - zapad,central Bohemia,674,F,71,24927.183333333334,24938.5,18285.4,0,84,0,,,,,,Standard
3335,1996-02-18,Monthly statement,35,Jablonec n. Nisou,north Bohemia,4032,F,34,24920.858333333334,26903.600000000002,20761.1,0,54,0,,,,,,Standard
217,1995-01-20,Monthly statement,77,Vsetin,north Moravia,262,M,53,24920.475000000002,24285.7,13744.0,0,60,0,,,,,,Standard
7824,1994-05-17,Monthly statement,60,Prostejov,south Moravia,9675,F,28,24902.80833333333,28780.199999999993,6883.399999999999,0,100,0,,6594.0,189696.0,B,1.0,Standard
8645,1997-06-23,Monthly statement,60,Prostejov,south Moravia,10662,F,49,24899.625,37613.1,19441.7,0,94,0,,6748.0,240900.0,C,0.0,Standard
4413,1994-01-15,Weekly statement,74,Ostrava - mesto,north Moravia,5318,M,30,24894.88333333333,24178.699999999997,17984.5,0,76,0,,5876.0,221280.0,C,0.0,Standard
609,1994-05-15,Monthly statement,63,Vyskov,south Moravia,729,F,29,24879.699999999997,26136.399999999998,21942.8,0,87,0,,,,,,Standard
1497,1993-07-16,Monthly statement,1,Hl.m. Praha,Prague,1815,F,21,24864.625,33918.0,19130.3,0,64,0,,,,,,Standard
1317,1994-02-18,Monthly statement,56,Breclav,south Moravia,1592,M,70,24855.649999999998,20578.0,18457.3,0,64,0,,,,,,Standard
3309,1993-11-20,Monthly statement,66,Zdar nad Sazavou,south Moravia,4001,M,42,24844.391666666663,31361.799999999996,14057.099999999995,0,86,0,,,,,,Standard
3673,1996-01-12,Monthly statement,30,Sokolov,west Bohemia,4427,M,58,24837.600000000002,15797.5,15393.5,0,65,0,,,,,,Standard
1150,1997-10-08,Monthly statement,29,Rokycany,west Bohemia,1383,M,16,24807.933333333334,47093.1,12779.0,0,53,0,,,,,,Standard
104,1993-04-15,Monthly statement,37,Litomerice,north Bohemia,125,M,62,24805.88333333333,25637.5,21097.399999999998,0,70,0,,,,,,Standard
3763,1995-08-23,Monthly statement,55,Brno - venkov,south Moravia,4539,M,56,24775.21666666667,29118.300000000003,18630.2,0,84,0,,,,,,Standard
5269,1996-07-04,Monthly statement,49,Semily,east Bohemia,6366,M,32,24772.649999999998,59614.5,13118.599999999999,0,88,0,,6076.0,117420.0,C,0.0,Standard
3363,1995-06-24,Monthly statement,30,Sokolov,west Bohemia,4066,F,62,24766.8,23388.100000000002,19753.7,0,60,0,,,,,,Standard
162,1993-08-25,Monthly statement,60,Prostejov,south Moravia,195,M,79,24752.341666666664,21629.0,18846.0,0,55,0,,,,,,Standard
3381,1997-08-02,Monthly statement,68,Frydek - Mistek,north Moravia,4088,F,50,24734.274999999998,29316.799999999996,12989.599999999999,0,71,0,,,,,,Standard
3316,1993-05-06,Monthly statement,28,Plzen - sever,west Bohemia,4009,M,32,24728.65833333333,38974.299999999996,19229.1,0,69,0,,,,,,Standard
443,1993-01-28,Monthly statement,64,Zlin,south Moravia,534,M,41,24728.341666666664,22230.5,21808.1,0,81,0,,,,,,Standard
937,1995-08-26,Monthly statement,43,Hradec Kralove,east Bohemia,1129,M,67,24722.583333333332,31141.3,20177.0,0,65,0,,,,,,Standard
2718,1995-02-05,Monthly statement,29,Rokycany,west Bohemia,3282,M,17,24716.375,19639.899999999998,14244.999999999998,0,59,0,,,,,,Standard
1047,1994-06-13,Monthly statement,46,Nachod,east Bohemia,1256,F,43,24716.0,33084.9,15793.2,0,59,0,,,,,,Standard
1855,1996-10-27,Monthly statement,34,Chomutov,north Bohemia,2250,F,60,24706.675000000003,27195.2,18624.3,0,60,0,,,,,,Standard
1064,1997-09-29,Monthly statement,70,Karvina,north Moravia,1277,M,67,24698.86666666667,24468.0,21225.7,0,61,0,,,,,,Standard
1829,1993-02-27,Monthly statement,43,Hradec Kralove,east Bohemia,2218,M,30,24681.416666666668,26452.899999999998,17369.3,0,60,0,,,,,,Standard
2812,1996-07-05,Monthly statement,18,Pisek,south Bohemia,3396,F,21,24659.324999999993,55327.49999999999,14165.699999999993,0,60,0,,,,,,Standard
288,1995-03-18,Monthly statement,25,Klatovy,west Bohemia,350,F,73,24658.550000000003,25418.9,19898.7,0,74,0,,,,,,Standard
4254,1993-05-04,Monthly statement,70,Karvina,north Moravia,5127,F,23,24656.716666666664,22777.3,16593.3,0,49,0,,,,,,Standard
9504,1996-01-29,Monthly statement,9,Nymburk,central Bohemia,11701,M,49,24654.00833333333,17756.9,17756.9,0,66,1,classic,6938.0,341280.0,C,0.0,Standard
3024,1996-12-18,Monthly statement,1,Hl.m. Praha,Prague,3652,M,78,24650.825,18794.2,18794.2,0,75,0,,,,,,Standard
1514,1997-07-01,Monthly statement,7,Melnik,central Bohemia,1834,M,71,24645.11666666667,20755.899999999998,20755.899999999998,0,73,0,,,,,,Standard
364,1997-01-20,Monthly statement,1,Hl.m. Praha,Prague,442,F,27,24626.600000000002,26880.0,22455.5,0,56,0,,,,,,Standard
1255,1997-07-02,Monthly statement,68,Frydek - Mistek,north Moravia,1514,M,41,24622.666666666668,51299.0,-2683.5999999999995,1,79,0,,,,,,Standard
3567,1994-12-20,Monthly statement,5,Kolin,central Bohemia,4304,F,53,24621.041666666657,35668.89999999999,13497.099999999991,0,76,0,,,,,,Standard
1827,1993-09-06,Monthly statement,10,Praha - vychod,central Bohemia,2215,M,73,24617.36666666667,31957.5,18033.100000000002,0,58,0,,,,,,Standard
293,1997-05-04,Monthly statement,1,Hl.m. Praha,Prague,356,F,19,24605.916666666668,13017.5,13017.5,0,95,0,,,,,,Standard
2425,1993-01-23,Monthly statement,41,Usti nad Labem,north Bohemia,2930,M,57,24584.199999999997,23151.5,21273.1,0,68,0,,,,,,Standard
3125,1996-12-16,Monthly statement,37,Litomerice,north Bohemia,3780,M,21,24578.691666666666,21743.7,18154.4,0,59,0,,,,,,Standard
3423,1997-11-10,Monthly statement,11,Praha - zapad,central Bohemia,4138,F,30,24575.091666666664,13247.199999999997,13247.199999999997,0,62,0,,,,,,Standard
240,1997-04-28,Monthly statement,72,Olomouc,north Moravia,290,M,39,24571.38333333333,17632.799999999996,16259.299999999997,0,70,0,,,,,,Standard
1334,1993-05-14,Monthly statement,74,Ostrava - mesto,north Moravia,1615,F,46,24568.716666666664,19569.2,19569.2,0,60,0,,,,,,Standard
2744,1997-04-19,Weekly statement,70,Karvina,north Moravia,3312,F,27,24543.324999999997,30657.699999999997,20565.6,0,51,0,,,,,,Standard
1980,1996-03-16,Monthly statement,49,Semily,east Bohemia,2406,F,42,24528.874999999996,43477.6,13726.699999999997,0,73,0,,,,,,Standard
2892,1997-12-16,Monthly statement,64,Zlin,south Moravia,3495,F,57,24516.666666666668,37900.0,11900.0,0,12,0,,,,,,Standard
7565,1996-04-02,Monthly statement,59,Kromeriz,south Moravia,9370,M,23,24499.141666666663,23779.899999999998,18668.8,0,81,0,,6541.0,153504.0,C,0.0,Standard
3991,1996-12-28,Monthly statement,1,Hl.m. Praha,Prague,4812,M,73,24481.416666666668,30040.8,12499.6,0,69,0,,,,,,Standard
706,1996-05-07,Monthly statement,49,Semily,east Bohemia,847,M,19,24468.508333333335,50774.700000000004,14381.500000000002,0,50,0,,,,,,Standard
2628,1994-02-06,Statement after transaction,64,Zlin,south Moravia,3172,M,47,24463.60833333334,8653.400000000007,8653.400000000007,0,51,0,,,,,,Standard
8114,1995-10-14,Monthly statement,59,Kromeriz,south Moravia,10023,F,25,24463.533333333336,47755.200000000004,16229.5,0,85,0,,6665.0,99300.0,C,0.0,Standard
1683,1996-11-01,Monthly statement,77,Vsetin,north Moravia,2043,F,44,24462.29166666667,38523.3,16395.100000000002,0,95,0,,,,,,Standard
3399,1996-09-26,Monthly statement,63,Vyskov,south Moravia,4109,M,45,24439.216666666664,39848.6,18463.1,0,105,0,,,,,,Standard
4273,1996-03-11,Monthly statement,15,Cesky Krumlov,south Bohemia,5149,M,36,24427.158333333326,646.1999999999941,646.1999999999941,0,56,0,,,,,,Standard
2269,1993-11-04,Monthly statement,6,Kutna Hora,central Bohemia,2747,M,62,24409.733333333337,26526.600000000002,21141.7,0,73,0,,,,,,Standard
4173,1993-11-08,Monthly statement,1,Hl.m. Praha,Prague,5030,M,18,24405.99166666667,48355.3,18508.100000000002,0,52,0,,,,,,Standard
10266,1993-06-10,Monthly statement,54,Brno - mesto,south Moravia,12625,M,40,24401.941666666684,17125.00000000002,15155.90000000002,0,45,0,,7097.0,75624.0,B,1.0,Standard
3283,1993-03-26,Monthly statement,68,Frydek - Mistek,north Moravia,3974,M,60,24394.233333333334,20131.3,16402.4,0,57,0,,,,,,Standard
2788,1994-10-12,Monthly statement,54,Brno - mesto,south Moravia,3366,F,39,24393.649999999998,16625.399999999998,14742.199999999999,0,58,0,,,,,,Standard
480,1997-01-21,Monthly statement,23,Cheb,west Bohemia,578,F,21,24392.50833333333,30653.1,13565.8,0,65,0,,,,,,Standard
1145,1993-07-03,Monthly statement,31,Tachov,west Bohemia,1376,M,40,24345.941666666666,27085.8,20762.6,0,73,0,,,,,,Standard
166,1996-08-20,Monthly statement,17,Pelhrimov,south Bohemia,201,F,68,24339.408333333336,21661.6,21661.6,0,57,0,,,,,,Standard
76,1996-05-16,Monthly statement,52,Usti nad Orlici,east Bohemia,90,M,23,24335.925,19634.3,17140.399999999998,0,64,0,,,,,,Standard
1714,1994-09-08,Monthly statement,72,Olomouc,north Moravia,2079,F,73,24332.875,30506.7,16375.199999999999,0,58,0,,,,,,Standard
1988,1996-12-30,Monthly statement,72,Olomouc,north Moravia,2416,F,44,24300.866666666665,27767.1,17163.199999999997,0,69,0,,,,,,Standard
3855,1995-09-04,Monthly statement,33,Decin,north Bohemia,4648,M,34,24292.20833333334,22703.4,16379.900000000003,0,96,0,,,,,,Standard
745,1997-10-09,Monthly statement,43,Hradec Kralove,east Bohemia,893,F,63,24259.633333333335,25422.800000000003,20139.0,0,57,0,,,,,,Standard
3183,1994-04-01,Monthly statement,45,Jicin,east Bohemia,3848,F,60,24256.024999999998,29114.6,14142.699999999999,0,61,0,,,,,,Standard
3100,1997-06-22,Monthly statement,65,Znojmo,south Moravia,3749,F,55,24239.375,18520.3,18520.3,0,77,0,,,,,,Standard
555,1993-05-15,Monthly statement,24,Karlovy Vary,west Bohemia,668,F,56,24235.350000000002,23503.800000000003,18669.500000000004,0,90,0,,,,,,Standard
1447,1997-02-20,Monthly statement,65,Znojmo,south Moravia,1755,F,33,24228.308333333334,19511.100000000002,19511.100000000002,0,76,0,,5253.0,100080.0,C,0.0,Standard
1724,1997-06-07,Monthly statement,48,Rychnov nad Kneznou,east Bohemia,2091,F,70,24215.641666666666,20192.100000000002,15775.7,0,74,0,,,,,,Standard
560,1995-08-20,Monthly statement,36,Liberec,north Bohemia,673,M,59,24199.983333333334,29596.4,17637.2,0,73,0,,,,,,Standard
199,1996-10-26,Monthly statement,70,Karvina,north Moravia,241,M,39,24178.541666666668,26869.6,21418.9,0,54,0,,,,,,Standard
1783,1997-09-11,Monthly statement,70,Karvina,north Moravia,2160,M,53,24166.666666666668,40294.5,17222.3,0,63,0,,,,,,Standard
220,1993-04-09,Monthly statement,72,Olomouc,north Moravia,265,F,65,24165.391666666666,28520.9,18750.4,0,58,0,,,,,,Standard
3997,1994-01-13,Monthly statement,62,Uherske Hradiste,south Moravia,4819,M,34,24152.125,42555.899999999994,14353.099999999997,0,50,0,,,,,,Standard
6511,1994-06-10,Monthly statement,72,Olomouc,north Moravia,7863,M,39,24143.525000000005,9535.200000000003,8951.600000000004,0,48,0,,,,,,Standard
489,1993-05-17,Monthly statement,16,Jindrichuv Hradec,south Bohemia,588,F,38,24139.399999999998,43313.1,15467.900000000001,0,63,1,classic,,,,,Standard
2577,1995-07-30,Monthly statement,7,Melnik,central Bohemia,3109,F,66,24120.341666666664,23525.199999999997,19752.1,0,63,0,,,,,,Standard
1367,1996-08-20,Monthly statement,74,Ostrava - mesto,north Moravia,1655,M,26,24116.916666666668,24521.5,14236.0,0,104,0,,,,,,Standard
1432,1997-07-19,Monthly statement,27,Plzen - jih,west Bohemia,1737,M,43,24111.925,22503.5,19670.6,0,68,0,,,,,,Standard
921,1996-10-08,Monthly statement,10,Praha - vychod,central Bohemia,1110,F,70,24109.524999999998,25258.1,18560.399999999998,0,81,0,,,,,,Standard
962,1996-06-24,Monthly statement,64,Zlin,south Moravia,1159,M,54,24101.61666666667,15396.700000000004,6011.200000000004,0,57,0,,,,,,Standard
817,1994-03-18,Monthly statement,5,Kolin,central Bohemia,981,M,38,24089.975000000002,43156.200000000004,16094.800000000001,0,78,0,,5132.0,538500.0,C,0.0,Standard
1703,1997-11-02,Monthly statement,72,Olomouc,north Moravia,2068,F,68,24073.125,23790.5,17696.9,0,54,0,,,,,,Standard
2603,1996-06-14,Monthly statement,9,Nymburk,central Bohemia,3141,F,73,24071.666666666668,31032.9,14065.400000000001,0,61,0,,,,,,Standard
2270,1997-03-08,Monthly statement,14,Ceske Budejovice,south Bohemia,2749,F,77,24033.666666666668,21282.899999999998,19801.6,0,59,0,,,,,,Standard
3565,1997-02-12,Monthly statement,30,Sokolov,west Bohemia,4302,F,54,24031.166666666668,25650.999999999996,18050.1,0,97,0,,,,,,Standard
10915,1997-02-15,Weekly statement,25,Klatovy,west Bohemia,13417,F,47,24007.733333333334,21182.699999999997,18002.3,0,110,0,,7221.0,152460.0,C,0.0,Standard
2151,1995-02-08,Monthly statement,38,Louny,north Bohemia,2603,F,26,24006.600000000002,37965.5,15146.2,0,90,0,,,,,,Standard
3209,1997-12-10,Monthly statement,45,Jicin,east Bohemia,3881,F,51,24004.775000000005,15510.900000000001,15510.900000000001,0,56,0,,,,,,Standard
3514,1993-02-03,Monthly statement,7,Melnik,central Bohemia,4243,M,40,24002.475000000002,24672.399999999998,20811.399999999998,0,61,0,,,,,,Standard
1625,1995-01-17,Monthly statement,1,Hl.m. Praha,Prague,1970,F,51,24000.300000000003,26294.5,14542.800000000001,0,98,0,,,,,,Standard
1211,1996-08-09,Monthly statement,49,Semily,east Bohemia,1462,M,57,23965.850000000002,24457.3,18708.899999999998,0,96,0,,,,,,Standard
1865,1994-05-04,Monthly statement,1,Hl.m. Praha,Prague,2263,M,64,23939.608333333334,21833.8,18177.1,0,69,0,,,,,,Standard
415,1993-03-03,Monthly statement,25,Klatovy,west Bohemia,501,M,61,23895.933333333334,37876.9,16129.499999999998,0,62,0,,,,,,Standard
3576,1994-11-07,Monthly statement,58,Jihlava,south Moravia,4314,F,73,23895.825,30728.9,15313.5,0,73,0,,,,,,Standard
306,1993-06-08,Monthly statement,16,Jindrichuv Hradec,south Bohemia,373,M,62,23878.416666666668,32739.100000000002,14257.2,0,52,0,,,,,,Standard
4386,1997-11-29,Weekly statement,51,Trutnov,east Bohemia,5284,F,27,23849.908333333336,21806.4,11389.9,0,51,0,,,,,,Standard
2365,1994-11-04,Monthly statement,42,Havlickuv Brod,east Bohemia,2858,F,72,23847.974999999995,30708.999999999996,15240.499999999998,0,59,0,,,,,,Standard
257,1995-11-05,Monthly statement,11,Praha - zapad,central Bohemia,310,M,48,23827.366666666665,8843.699999999995,8843.699999999995,0,49,0,,,,,,Standard
3881,1996-03-04,Monthly statement,21,Tabor,south Bohemia,4678,M,30,23819.983333333334,33206.4,14735.0,0,77,0,,,,,,Standard
2727,1995-10-25,Monthly statement,1,Hl.m. Praha,Prague,3293,F,45,23805.108333333337,17772.300000000003,15359.300000000003,0,62,0,,,,,,Standard
15,1993-10-02,Monthly statement,70,Karvina,north Moravia,20,M,19,23804.941666666666,47423.3,16621.399999999998,0,70,0,,,,,,Standard
3996,1997-06-22,Monthly statement,1,Hl.m. Praha,Prague,4818,M,66,23776.600000000002,35939.6,15689.6,0,69,0,,,,,,Standard
783,1997-09-08,Monthly statement,1,Hl.m. Praha,Prague,937,M,67,23766.399999999998,26890.9,19532.6,0,49,0,,,,,,Standard
3695,1997-04-02,Monthly statement,30,Sokolov,west Bohemia,4456,M,62,23759.40833333333,22088.8,20354.2,0,73,0,,,,,,Standard
2083,1996-09-28,Monthly statement,1,Hl.m. Praha,Prague,2526,M,34,23734.591666666664,17915.199999999997,17915.199999999997,0,63,0,,,,,,Standard
433,1993-06-12,Monthly statement,20,Strakonice,south Bohemia,521,M,23,23726.858333333326,17481.499999999993,17481.499999999993,0,44,0,,,,,,Standard
3801,1996-06-20,Monthly statement,1,Hl.m. Praha,Prague,4581,F,42,23713.291666666668,60733.9,14725.8,0,60,0,,,,,,Standard
1078,1996-07-12,Monthly statement,1,Hl.m. Praha,Prague,1293,M,71,23706.283333333336,29145.3,15398.0,0,63,0,,,,,,Standard
54,1995-05-02,Monthly statement,4,Kladno,central Bohemia,63,M,39,23706.125,26815.8,18963.7,0,61,0,,,,,,Standard
2302,1993-09-10,Monthly statement,24,Karlovy Vary,west Bohemia,2786,M,47,23694.149999999998,27962.499999999996,18917.399999999998,0,80,0,,,,,,Standard
3285,1996-05-12,Monthly statement,43,Hradec Kralove,east Bohemia,3976,M,31,23693.36666666667,26754.8,20354.2,0,60,0,,,,,,Standard
3120,1996-06-20,Monthly statement,1,Hl.m. Praha,Prague,3774,M,76,23692.483333333334,26245.1,19350.6,0,64,0,,,,,,Standard
1690,1995-10-07,Monthly statement,16,Jindrichuv Hradec,south Bohemia,2053,M,80,23679.141666666666,32157.2,14167.8,0,57,0,,,,,,Standard
1353,1994-04-21,Monthly statement,51,Trutnov,east Bohemia,1640,F,45,23675.224999999995,40673.7,16918.899999999998,0,73,0,,,,,,Standard
1296,1996-12-02,Monthly statement,50,Svitavy,east Bohemia,1567,M,68,23674.141666666666,35058.7,13517.900000000001,0,56,0,,,,,,Standard
2166,1997-04-12,Monthly statement,71,Novy Jicin,north Moravia,2622,M,25,23667.016666666666,26954.8,15448.7,0,88,0,,,,,,Standard
3328,1997-03-17,Monthly statement,1,Hl.m. Praha,Prague,4022,M,72,23648.36666666667,24248.9,18655.2,0,60,0,,,,,,Standard
3046,1997-08-11,Monthly statement,74,Ostrava - mesto,north Moravia,3683,F,21,23626.824999999997,13129.199999999999,13129.199999999999,0,82,0,,,,,,Standard
2379,1993-01-10,Monthly statement,44,Chrudim,east Bohemia,2874,M,26,23623.991666666665,30354.2,15524.3,0,78,0,,,,,,Standard
932,1996-07-08,Monthly statement,20,Strakonice,south Bohemia,1122,M,77,23623.983333333334,28261.8,19351.5,0,61,0,,,,,,Standard
914,1993-11-14,Monthly statement,73,Opava,north Moravia,1101,M,52,23622.241666666665,26752.5,20741.1,0,59,0,,,,,,Standard
1802,1995-03-10,Monthly statement,75,Prerov,north Moravia,2182,F,69,23620.90833333333,15278.599999999999,15278.599999999999,0,74,0,,,,,,Standard
760,1997-05-24,Monthly statement,1,Hl.m. Praha,Prague,910,M,37,23616.274999999998,31748.8,20360.499999999996,0,90,0,,,,,,Standard
3129,1993-12-05,Monthly statement,5,Kolin,central Bohemia,3785,F,78,23612.733333333334,19380.6,19380.6,0,68,0,,,,,,Standard
1911,1994-08-21,Monthly statement,68,Frydek - Mistek,north Moravia,2321,F,30,23610.29166666667,33684.9,10785.800000000003,0,59,0,,,,,,Standard
2906,1996-09-20,Monthly statement,49,Semily,east Bohemia,3512,M,52,23607.958333333332,13729.400000000001,13729.400000000001,0,93,0,,,,,,Standard
747,1993-08-09,Monthly statement,39,Most,north Bohemia,895,M,28,23603.808333333334,18199.600000000002,18199.600000000002,0,70,0,,,,,,Standard
157,1997-03-28,Monthly statement,11,Praha - zapad,central Bohemia,189,M,79,23597.63333333333,33957.4,12874.099999999999,0,59,0,,,,,,Standard
3070,1997-08-21,Monthly statement,56,Breclav,south Moravia,3712,F,29,23597.291666666668,16933.0,14612.9,0,71,0,,,,,,Standard
2363,1994-10-07,Monthly statement,47,Pardubice,east Bohemia,2856,M,75,23596.041666666668,29192.899999999998,16581.1,0,74,0,,,,,,Standard
391,1993-12-11,Monthly statement,36,Liberec,north Bohemia,472,M,17,23592.300000000003,18672.5,16233.000000000002,0,75,0,,,,,,Standard
2835,1995-10-03,Monthly statement,73,Opava,north Moravia,3426,M,20,23585.616666666665,16815.6,15454.499999999998,0,63,0,,,,,,Standard
7465,1996-12-19,Weekly statement,1,Hl.m. Praha,Prague,9250,M,35,23581.566666666666,84975.0,-2316.2000000000003,1,75,0,,,,,,Standard
335,1996-01-20,Monthly statement,74,Ostrava - mesto,north Moravia,409,M,73,23578.033333333336,29041.4,19024.9,0,69,0,,,,,,Standard
2606,1994-07-27,Monthly statement,1,Hl.m. Praha,Prague,3144,M,79,23575.74166666667,30671.4,15921.2,0,70,0,,,,,,Standard
931,1993-10-15,Monthly statement,59,Kromeriz,south Moravia,1121,M,59,23575.024999999998,18723.199999999997,14610.099999999999,0,96,0,,,,,,Standard
2947,1996-08-09,Monthly statement,57,Hodonin,south Moravia,3559,F,59,23569.96666666667,28020.5,18695.2,0,68,0,,,,,,Standard
1419,1993-12-22,Monthly statement,33,Decin,north Bohemia,1720,F,64,23568.99166666667,31992.0,14856.300000000001,0,57,0,,,,,,Standard
3949,1996-01-11,Monthly statement,54,Brno - mesto,south Moravia,4764,M,19,23562.316666666666,27296.5,15485.599999999999,0,35,1,junior,,,,,Standard
3452,1996-12-13,Monthly statement,63,Vyskov,south Moravia,4174,M,71,23554.699999999997,21350.199999999997,20738.5,0,61,0,,,,,,Standard
1671,1993-05-05,Monthly statement,6,Kutna Hora,central Bohemia,2029,F,75,23536.875,20726.4,20726.4,0,75,0,,,,,,Standard
2443,1997-06-25,Monthly statement,46,Nachod,east Bohemia,2950,M,54,23536.833333333332,32399.600000000002,17113.2,0,73,0,,,,,,Standard
2542,1993-08-07,Monthly statement,21,Tabor,south Bohemia,3069,M,55,23525.833333333332,16087.499999999996,15125.899999999998,0,92,0,,,,,,Standard
4550,1997-02-06,Monthly statement,56,Breclav,south Moravia,5487,F,51,23525.016666666666,27178.8,13355.9,0,104,0,,5909.0,61320.0,C,0.0,Standard
8092,1995-01-11,Monthly statement,54,Brno - mesto,south Moravia,9995,M,40,23501.425000000003,13814.500000000002,13814.500000000002,0,66,0,,6659.0,56100.0,C,0.0,Standard
1052,1993-09-27,Monthly statement,61,Trebic,south Moravia,1264,F,22,23499.09166666667,23981.600000000002,17279.100000000002,0,49,0,,,,,,Standard
2451,1997-04-29,Monthly statement,54,Brno - mesto,south Moravia,2959,M,41,23475.341666666664,40520.4,19028.0,0,70,0,,,,,,Standard
2264,1996-11-22,Monthly statement,41,Usti nad Labem,north Bohemia,2741,F,68,23470.524999999998,36055.3,15233.5,0,62,0,,,,,,Standard
2604,1996-07-04,Monthly statement,68,Frydek - Mistek,north Moravia,3142,M,79,23468.608333333334,26080.6,16894.1,0,61,0,,,,,,Standard
2505,1996-05-16,Monthly statement,60,Prostejov,south Moravia,3024,M,69,23461.666666666668,27193.6,18985.9,0,76,0,,,,,,Standard
3719,1997-06-19,Monthly statement,37,Litomerice,north Bohemia,4484,M,43,23459.825,25162.100000000002,16044.100000000002,0,74,0,,,,,,Standard
3885,1997-04-01,Monthly statement,51,Trutnov,east Bohemia,4683,M,42,23458.416666666668,25642.6,16183.0,0,55,0,,,,,,Standard
3573,1996-06-27,Monthly statement,59,Kromeriz,south Moravia,4311,M,17,23453.433333333334,26995.699999999997,13558.0,0,30,0,,,,,,Standard
2960,1994-09-20,Monthly statement,19,Prachatice,south Bohemia,3574,F,52,23449.016666666666,35956.5,14722.099999999999,0,58,0,,,,,,Standard
3140,1997-05-13,Monthly statement,3,Beroun,central Bohemia,3796,M,45,23423.183333333334,16199.2,13215.800000000001,0,84,0,,,,,,Standard
2539,1997-04-24,Monthly statement,24,Karlovy Vary,west Bohemia,3065,F,77,23423.074999999997,28964.3,17294.399999999998,0,76,0,,,,,,Standard
1060,1996-10-20,Monthly statement,6,Kutna Hora,central Bohemia,1273,M,20,23419.733333333326,15848.599999999995,12904.599999999995,0,16,0,,,,,,Standard
2747,1994-08-14,Monthly statement,1,Hl.m. Praha,Prague,3316,F,51,23419.458333333332,34356.1,15484.099999999999,0,52,0,,,,,,Standard
1731,1993-01-14,Monthly statement,33,Decin,north Bohemia,2100,F,67,23401.36666666667,29392.2,18073.9,0,61,0,,,,,,Standard
3710,1995-02-25,Monthly statement,1,Hl.m. Praha,Prague,4473,M,54,23396.425,17678.1,16345.0,0,70,1,classic,,,,,Standard
2687,1993-07-01,Monthly statement,76,Sumperk,north Moravia,3243,F,78,23393.38333333333,30057.6,16806.6,0,58,0,,,,,,Standard
3624,1995-05-30,Weekly statement,32,Ceska Lipa,north Bohemia,4371,M,30,23387.600000000002,16617.300000000003,2651.2999999999984,0,52,0,,,,,,Standard
2722,1997-07-24,Monthly statement,69,Jesenik,north Moravia,3288,M,72,23385.283333333336,29303.8,12806.6,0,59,0,,,,,,Standard
4439,1995-12-25,Monthly statement,30,Sokolov,west Bohemia,5354,F,31,23375.808333333334,33422.4,5539.500000000001,0,54,0,,,,,,Standard
2396,1993-02-22,Monthly statement,2,Benesov,central Bohemia,2893,F,71,23356.608333333334,23163.7,19941.9,0,56,0,,,,,,Standard
4,1996-02-21,Monthly statement,12,Pribram,central Bohemia,6,M,79,23339.166666666668,33720.6,13215.900000000001,0,69,0,,,,,,Standard
136,1996-05-14,Monthly statement,74,Ostrava - mesto,north Moravia,163,M,65,23339.166666666668,27095.100000000002,13150.6,0,65,0,,,,,,Standard
4128,1997-09-26,Monthly statement,64,Zlin,south Moravia,4969,F,30,23321.350000000002,66933.1,-12494.900000000001,1,68,0,,,,,,Standard
1613,1995-09-13,Monthly statement,1,Hl.m. Praha,Prague,1956,F,73,23320.566666666666,34210.8,14952.4,0,59,0,,,,,,Standard
2536,1994-10-28,Monthly statement,41,Usti nad Labem,north Bohemia,3062,F,68,23316.208333333332,28515.399999999998,15482.099999999999,0,67,0,,,,,,Standard
206,1995-04-08,Monthly statement,61,Trebic,south Moravia,248,F,29,23315.958333333332,35408.2,15584.5,0,70,0,,,,,,Standard
9031,1997-01-15,Monthly statement,47,Pardubice,east Bohemia,11123,M,50,23315.016666666674,18085.300000000007,15368.100000000006,0,104,0,,6819.0,50112.0,C,0.0,Standard
198,1993-10-25,Monthly statement,70,Karvina,north Moravia,240,F,69,23305.899999999998,22504.9,18830.8,0,67,0,,,,,,Standard
3520,1995-06-04,Monthly statement,72,Olomouc,north Moravia,4250,F,37,23289.708333333332,43417.200000000004,15464.900000000001,0,54,0,,,,,,Standard
80,1995-09-27,Monthly statement,43,Hradec Kralove,east Bohemia,94,M,51,23283.575,27350.3,17976.4,0,59,0,,,,,,Standard
16,1997-09-23,Monthly statement,12,Pribram,central Bohemia,21,F,46,23280.125000000004,33031.9,3732.5000000000023,0,50,0,,,,,,Standard
4618,1996-07-21,Monthly statement,3,Beroun,central Bohemia,5565,F,32,23277.62500000001,-5846.099999999997,-5846.099999999997,4,64,0,,5931.0,66696.0,D,1.0,Standard
1858,1995-02-18,Monthly statement,72,Olomouc,north Moravia,2254,F,71,23264.50833333333,24690.5,19669.4,0,65,0,,,,,,Standard
4852,1995-04-13,Monthly statement,47,Pardubice,east Bohemia,5860,M,34,23259.166666666668,22870.600000000002,20497.5,0,78,0,,5989.0,213300.0,C,0.0,Standard
3376,1996-11-17,Monthly statement,58,Jihlava,south Moravia,4082,F,37,23256.516666666666,43477.5,14604.800000000001,0,66,0,,,,,,Standard
2673,1994-01-04,Monthly statement,34,Chomutov,north Bohemia,3228,M,41,23249.566666666666,32259.399999999998,16932.8,0,78,0,,,,,,Standard
6040,1993-04-22,Monthly statement,1,Hl.m. Praha,Prague,7299,M,60,23247.633333333335,22611.500000000004,19520.9,0,104,0,,6229.0,11736.0,A,0.0,Standard
6097,1997-06-15,Monthly statement,29,Rokycany,west Bohemia,7366,F,25,23243.766666666666,29604.100000000002,13573.1,0,76,0,,6242.0,26208.0,C,0.0,Standard
3569,1996-09-18,Monthly statement,1,Hl.m. Praha,Prague,4307,M,21,23242.55,41476.799999999996,12923.999999999996,0,75,0,,,,,,Standard
638,1995-06-28,Monthly statement,65,Znojmo,south Moravia,765,M,29,23238.658333333336,26274.8,13541.499999999998,0,84,0,,,,,,Standard
4190,1995-10-04,Monthly statement,62,Uherske Hradiste,south Moravia,5050,M,47,23222.933333333334,22074.100000000002,19178.500000000004,0,104,0,,5830.0,405780.0,C,0.0,Standard
2135,1997-06-17,Monthly statement,51,Trutnov,east Bohemia,2582,M,60,23211.608333333334,27514.5,13865.099999999999,0,77,0,,,,,,Standard
473,1996-10-20,Monthly statement,73,Opava,north Moravia,569,M,36,23205.65833333333,29040.3,14183.699999999999,0,108,0,,,,,,Standard
740,1994-04-04,Monthly statement,28,Plzen - sever,west Bohemia,888,M,25,23169.191666666666,22732.4,20300.7,0,21,0,,,,,,Standard
1989,1994-09-21,Monthly statement,48,Rychnov nad Kneznou,east Bohemia,2417,F,60,23156.458333333332,28740.4,16339.0,0,63,0,,,,,,Standard
2463,1994-10-11,Monthly statement,56,Breclav,south Moravia,2974,F,47,23139.350000000002,50502.5,14616.500000000002,0,62,0,,,,,,Standard
2862,1993-06-07,Monthly statement,33,Decin,north Bohemia,3458,M,45,23112.575,16606.5,14221.7,0,79,1,classic,,,,,Standard
2081,1997-07-02,Monthly statement,36,Liberec,north Bohemia,2524,M,39,23111.88333333333,16018.9,15810.4,0,72,0,,,,,,Standard
477,1993-01-25,Monthly statement,1,Hl.m. Praha,Prague,574,M,26,23102.366666666665,43754.0,17533.599999999995,0,88,0,,,,,,Standard
575,1994-04-26,Monthly statement,38,Louny,north Bohemia,690,M,56,23098.61666666667,28892.3,13786.9,0,67,0,,,,,,Standard
2217,1996-01-27,Monthly statement,73,Opava,north Moravia,2685,F,29,23091.666666666668,23700.0,16000.0,0,12,0,,,,,,Standard
8934,1993-06-06,Monthly statement,51,Trutnov,east Bohemia,11008,F,29,23073.766666666663,43972.6,4987.299999999996,0,80,0,,,,,,Standard
1496,1995-02-05,Monthly statement,57,Hodonin,south Moravia,1814,M,58,23073.61666666667,34537.5,16386.000000000004,0,88,0,,,,,,Standard
3236,1997-02-20,Monthly statement,52,Usti nad Orlici,east Bohemia,3914,F,78,23017.158333333336,17331.9,16248.5,0,71,0,,,,,,Standard
2964,1997-01-09,Monthly statement,72,Olomouc,north Moravia,3578,M,71,23015.99166666667,25813.300000000003,17431.800000000003,0,57,0,,,,,,Standard
2102,1996-08-05,Monthly statement,41,Usti nad Labem,north Bohemia,2546,F,37,23002.899999999998,37424.8,14199.199999999999,0,79,0,,,,,,Standard
1299,1993-06-21,Monthly statement,1,Hl.m. Praha,Prague,1572,F,35,22995.433333333334,25437.899999999998,19190.3,0,65,0,,,,,,Standard
2500,1995-10-26,Monthly statement,61,Trebic,south Moravia,3018,M,20,22988.15833333333,25339.1,17499.1,0,45,0,,,,,,Standard
3417,1995-09-28,Monthly statement,48,Rychnov nad Kneznou,east Bohemia,4131,M,22,22972.541666666668,21158.4,14427.900000000003,0,61,0,,,,,,Standard
6602,1997-08-04,Monthly statement,74,Ostrava - mesto,north Moravia,7970,M,31,22971.983333333334,35385.2,6326.299999999997,0,80,0,,,,,,Standard
1472,1995-07-20,Monthly statement,2,Benesov,central Bohemia,1784,F,18,22948.458333333332,29671.3,17578.3,0,75,0,,,,,,Standard
2204,1997-07-20,Monthly statement,9,Nymburk,central Bohemia,2667,M,26,22938.808333333334,29640.7,13680.899999999998,0,71,0,,,,,,Standard
3851,1997-02-27,Monthly statement,1,Hl.m. Praha,Prague,4643,F,29,22935.54166666667,25852.200000000004,11865.200000000004,0,66,0,,,,,,Standard
3132,1995-10-08,Monthly statement,56,Breclav,south Moravia,3788,F,43,22933.149999999998,19073.399999999998,15278.699999999997,0,90,0,,,,,,Standard
3893,1996-12-13,Monthly statement,42,Havlickuv Brod,east Bohemia,4693,M,55,22924.49166666667,28324.4,13051.7,0,82,0,,,,,,Standard
3009,1996-01-26,Monthly statement,1,Hl.m. Praha,Prague,3634,M,75,22912.483333333334,22829.4,20372.4,0,55,0,,,,,,Standard
309,1997-04-25,Monthly statement,14,Ceske Budejovice,south Bohemia,376,F,25,22909.583333333332,24212.9,12319.7,0,72,0,,5036.0,91248.0,C,0.0,Standard
158,1995-03-15,Monthly statement,37,Litomerice,north Bohemia,190,F,51,22903.566666666666,17265.800000000003,15445.1,0,69,0,,,,,,Standard
2491,1996-03-01,Monthly statement,76,Sumperk,north Moravia,3007,M,34,22899.658333333336,26315.7,12967.000000000002,0,83,0,,,,,,Standard
997,1997-05-08,Monthly statement,54,Brno - mesto,south Moravia,1201,M,53,22895.816666666666,22539.0,19318.0,0,110,0,,,,,,Standard
1144,1993-01-28,Monthly statement,59,Kromeriz,south Moravia,1375,M,21,22894.63333333333,24302.6,19957.8,0,62,0,,,,,,Standard
2244,1995-07-19,Monthly statement,46,Nachod,east Bohemia,2717,M,68,22892.941666666666,21397.0,14111.900000000001,0,69,0,,,,,,Standard
2865,1995-03-03,Monthly statement,1,Hl.m. Praha,Prague,3463,F,19,22890.59166666667,27594.000000000004,13040.300000000001,0,93,0,,,,,,Standard
3817,1995-02-10,Monthly statement,70,Karvina,north Moravia,4600,M,31,22882.81666666667,28077.800000000003,15111.500000000002,0,68,0,,,,,,Standard
3854,1996-04-18,Monthly statement,8,Mlada Boleslav,central Bohemia,4647,M,20,22882.216666666664,27499.699999999997,19781.1,0,80,0,,,,,,Standard
630,1993-06-29,Monthly statement,71,Novy Jicin,north Moravia,757,F,28,22877.71666666667,32450.4,17063.800000000003,0,71,0,,,,,,Standard
1321,1997-03-27,Monthly statement,60,Prostejov,south Moravia,1597,M,42,22862.583333333332,25018.8,13291.2,0,70,0,,,,,,Standard
27,1993-09-26,Monthly statement,73,Opava,north Moravia,33,F,50,22862.316666666666,32196.5,14969.7,0,67,0,,,,,,Standard
3641,1995-01-09,Monthly statement,7,Melnik,central Bohemia,4390,F,26,22859.36666666667,27608.2,18946.6,0,62,0,,,,,,Standard
4442,1996-08-08,Monthly statement,54,Brno - mesto,south Moravia,5358,M,56,22851.041666666668,30089.0,15082.099999999999,0,68,0,,,,,,Standard
1927,1995-08-04,Monthly statement,42,Havlickuv Brod,east Bohemia,2340,M,45,22843.833333333332,23960.100000000002,18523.0,0,60,0,,,,,,Standard
727,1997-12-25,Monthly statement,35,Jablonec n. Nisou,north Bohemia,872,M,35,22825.0,32600.0,400.0,0,10,0,,,,,,Standard
2523,1993-05-11,Monthly statement,10,Praha - vychod,central Bohemia,3045,F,48,22822.183333333334,27703.2,18723.0,0,87,0,,,,,,Standard
3824,1994-03-20,Monthly statement,41,Usti nad Labem,north Bohemia,4608,M,53,22816.25833333333,33576.899999999994,14322.499999999998,0,51,0,,,,,,Standard
1950,1997-08-01,Monthly statement,70,Karvina,north Moravia,2371,F,42,22810.916666666668,33218.0,15714.0,0,70,0,,,,,,Standard
2675,1994-02-19,Monthly statement,1,Hl.m. Praha,Prague,3230,F,16,22802.974999999995,15084.899999999998,15084.899999999998,0,33,1,junior,,,,,Standard
2528,1993-03-25,Monthly statement,65,Znojmo,south Moravia,3051,M,70,22776.075,25041.0,16341.800000000001,0,56,0,,,,,,Standard
2303,1996-11-24,Monthly statement,41,Usti nad Labem,north Bohemia,2787,F,22,22766.066666666666,37872.0,18340.0,0,72,0,,,,,,Standard
2085,1997-02-13,Monthly statement,25,Klatovy,west Bohemia,2528,M,21,22750.541666666668,23655.4,15353.9,0,94,0,,,,,,Standard
4825,1994-06-04,Monthly statement,15,Cesky Krumlov,south Bohemia,5826,M,30,22737.074999999997,21600.699999999997,16157.199999999997,0,56,0,,5980.0,21396.0,A,0.0,Standard
3093,1996-11-21,Monthly statement,16,Jindrichuv Hradec,south Bohemia,3741,M,62,22727.649999999998,43600.2,15022.2,0,68,0,,,,,,Standard
2487,1995-10-22,Monthly statement,42,Havlickuv Brod,east Bohemia,3002,F,43,22722.891666666666,39852.700000000004,16289.000000000002,0,107,0,,,,,,Standard
2618,1993-03-21,Monthly statement,60,Prostejov,south Moravia,3159,M,68,22715.374999999996,30152.899999999998,14353.699999999999,0,57,0,,,,,,Standard
3517,1996-11-22,Monthly statement,26,Plzen - mesto,west Bohemia,4247,F,23,22714.616666666665,38444.7,16617.1,0,60,0,,,,,,Standard
3006,1995-01-01,Monthly statement,64,Zlin,south Moravia,3630,F,75,22708.233333333334,17983.8,17983.8,0,66,0,,,,,,Standard
2740,1994-05-08,Monthly statement,14,Ceske Budejovice,south Bohemia,3307,F,19,22704.900000000005,23667.4,15520.100000000004,0,58,0,,,,,,Standard
1103,1995-07-09,Monthly statement,66,Zdar nad Sazavou,south Moravia,1324,F,42,22704.24166666667,31273.4,16540.600000000002,0,55,0,,,,,,Standard
2065,1996-08-28,Monthly statement,61,Trebic,south Moravia,2504,M,48,22704.00833333333,16432.6,16343.8,0,69,0,,,,,,Standard
1330,1996-10-22,Monthly statement,68,Frydek - Mistek,north Moravia,1610,F,56,22701.53333333333,26159.7,126.99999999999875,0,59,1,classic,,,,,Standard
3022,1996-10-30,Monthly statement,64,Zlin,south Moravia,3650,M,80,22692.925,23596.4,18777.5,0,55,0,,,,,,Standard
2890,1996-02-07,Monthly statement,69,Jesenik,north Moravia,3493,F,33,22691.400000000005,43358.3,13065.300000000003,0,79,0,,,,,,Standard
1448,1995-10-07,Monthly statement,1,Hl.m. Praha,Prague,1756,M,62,22686.00833333333,24793.3,17295.8,0,21,0,,,,,,Standard
3451,1996-04-27,Monthly statement,52,Usti nad Orlici,east Bohemia,4173,F,20,22679.13333333333,39742.399999999994,13239.399999999998,0,59,0,,,,,,Standard
11065,1993-03-19,Monthly statement,11,Praha - zapad,central Bohemia,13603,M,57,22670.691666666666,37002.1,18492.699999999997,0,65,0,,7249.0,69360.0,A,0.0,Standard
1312,1994-10-15,Monthly statement,23,Cheb,west Bohemia,1587,M,70,22660.600000000002,31575.0,14126.699999999999,0,57,0,,,,,,Standard
2841,1993-07-27,Monthly statement,71,Novy Jicin,north Moravia,3433,M,36,22658.949999999997,26762.7,15674.699999999999,0,71,0,,,,,,Standard
208,1996-03-27,Monthly statement,54,Brno - mesto,south Moravia,251,F,22,22658.091666666664,19740.3,15740.9,0,110,0,,,,,,Standard
1057,1993-08-23,Monthly statement,13,Rakovnik,central Bohemia,1270,M,68,22649.725000000002,25705.8,17339.8,0,59,0,,,,,,Standard
3099,1993-05-20,Monthly statement,70,Karvina,north Moravia,3748,F,68,22637.516666666666,19065.399999999998,15956.599999999999,0,65,0,,,,,,Standard
3680,1996-02-16,Monthly statement,27,Plzen - jih,west Bohemia,4436,M,78,22633.449999999997,30139.6,18607.399999999998,0,73,0,,,,,,Standard
585,1997-09-04,Monthly statement,4,Kladno,central Bohemia,703,M,39,22629.88333333333,16162.7,16162.7,0,16,0,,,,,,Standard
658,1996-01-10,Monthly statement,4,Kladno,central Bohemia,789,M,67,22628.916666666668,28794.6,14414.3,0,60,0,,,,,,Standard
3365,1997-11-18,Monthly statement,11,Praha - zapad,central Bohemia,4068,M,74,22626.375,26402.4,14116.4,0,65,0,,,,,,Standard
828,1997-02-12,Monthly statement,1,Hl.m. Praha,Prague,996,F,18,22610.083333333332,20293.0,16183.000000000002,0,70,1,junior,,,,,Standard
7082,1996-09-06,Monthly statement,57,Hodonin,south Moravia,8548,F,53,22571.941666666666,22345.5,17570.6,0,116,0,,6442.0,194160.0,C,0.0,Standard
579,1997-12-16,Monthly statement,1,Hl.m. Praha,Prague,697,M,24,22564.816666666666,28289.300000000003,12283.0,0,61,0,,,,,,Standard
2152,1997-10-23,Monthly statement,22,Domazlice,west Bohemia,2604,M,72,22552.95,23959.8,15740.0,0,47,0,,,,,,Standard
1217,1993-10-25,Monthly statement,69,Jesenik,north Moravia,1469,F,32,22550.958333333332,26695.5,18718.0,0,73,0,,,,,,Standard
3370,1993-11-15,Monthly statement,49,Semily,east Bohemia,4076,M,29,22544.175000000007,21316.10000000001,3700.8000000000084,0,60,0,,,,,,Standard
272,1996-10-23,Monthly statement,11,Praha - zapad,central Bohemia,329,M,34,22522.691666666666,36707.899999999994,12211.9,0,65,0,,,,,,Standard
1468,1993-10-11,Monthly statement,54,Brno - mesto,south Moravia,1780,F,44,22513.816666666666,27232.7,18663.1,0,76,0,,,,,,Standard
4458,1996-04-23,Monthly statement,60,Prostejov,south Moravia,5379,M,20,22501.833333333332,21884.4,15789.6,0,43,0,,,,,,Standard
2253,1993-07-24,Monthly statement,74,Ostrava - mesto,north Moravia,2728,M,76,22500.36666666667,23710.700000000004,19247.100000000002,0,67,0,,,,,,Standard
7819,1993-08-01,Monthly statement,38,Louny,north Bohemia,9670,M,50,22497.766666666663,24062.899999999998,16552.899999999998,0,107,0,,6591.0,20832.0,C,0.0,Standard
1120,1993-10-05,Monthly statement,1,Hl.m. Praha,Prague,1343,F,59,22496.633333333335,29467.5,16257.800000000001,0,73,0,,,,,,Standard
1968,1997-10-14,Weekly statement,16,Jindrichuv Hradec,south Bohemia,2393,F,22,22487.80833333333,20058.7,3363.5999999999985,0,42,0,,,,,,Standard
242,1996-08-29,Monthly statement,69,Jesenik,north Moravia,293,M,55,22470.68333333333,53110.5,12251.299999999997,0,83,0,,,,,,Standard
4266,1997-02-05,Monthly statement,54,Brno - mesto,south Moravia,5141,F,45,22468.608333333334,29518.6,14081.8,0,67,0,,,,,,Standard
3731,1996-05-20,Monthly statement,70,Karvina,north Moravia,4501,F,51,22456.183333333334,25358.5,18661.2,0,62,0,,,,,,Standard
1501,1996-08-11,Monthly statement,50,Svitavy,east Bohemia,1820,F,70,22452.958333333332,26366.100000000002,15417.800000000001,0,61,0,,,,,,Standard
2289,1996-03-07,Monthly statement,1,Hl.m. Praha,Prague,2770,M,44,22451.341666666664,38713.6,12536.500000000002,0,68,0,,,,,,Standard
3655,1995-12-24,Monthly statement,1,Hl.m. Praha,Prague,4406,M,44,22438.399999999998,38263.9,16136.800000000001,0,86,0,,,,,,Standard
3692,1997-04-21,Monthly statement,70,Karvina,north Moravia,4452,F,74,22429.066666666666,27928.1,17391.7,0,58,0,,,,,,Standard
2608,1995-08-09,Monthly statement,19,Prachatice,south Bohemia,3147,F,34,22398.349999999995,27686.699999999997,16478.999999999996,0,68,0,,,,,,Standard
3566,1993-06-09,Monthly statement,21,Tabor,south Bohemia,4303,F,20,22392.300000000003,31859.2,14857.300000000003,0,66,0,,,,,,Standard
372,1995-09-10,Monthly statement,55,Brno - venkov,south Moravia,452,F,45,22386.958333333332,40829.4,17037.1,0,79,0,,,,,,Standard
4090,1996-10-11,Monthly statement,72,Olomouc,north Moravia,4927,F,43,22375.649999999998,24002.6,15100.0,0,13,0,,,,,,Standard
256,1995-05-14,Monthly statement,37,Litomerice,north Bohemia,309,F,29,22369.758333333335,17041.500000000004,17041.500000000004,0,56,1,classic,,,,,Standard
1701,1993-08-10,Monthly statement,1,Hl.m. Praha,Prague,2066,M,26,22368.56666666667,18316.000000000004,3531.9000000000033,0,48,0,,,,,,Standard
615,1996-04-09,Monthly statement,72,Olomouc,north Moravia,739,M,56,22354.466666666664,25286.8,19137.8,0,72,0,,,,,,Standard
2871,1995-10-30,Monthly statement,52,Usti nad Orlici,east Bohemia,3470,F,61,22352.475000000002,27847.8,15448.0,0,65,0,,,,,,Standard
1543,1996-04-14,Monthly statement,1,Hl.m. Praha,Prague,1871,F,18,22351.08333333334,23368.000000000004,16832.300000000003,0,66,0,,,,,,Standard
1677,1997-01-08,Monthly statement,69,Jesenik,north Moravia,2037,F,50,22348.68333333333,24521.799999999996,14939.599999999999,0,72,0,,,,,,Standard
3308,1996-04-02,Monthly statement,40,Teplice,north Bohemia,4000,M,41,22342.233333333326,48770.49999999999,13362.999999999998,0,52,0,,,,,,Standard
129,1997-10-01,Monthly statement,74,Ostrava - mesto,north Moravia,154,M,65,22338.0,19863.4,17550.7,0,59,0,,,,,,Standard
758,1997-12-19,Monthly statement,51,Trutnov,east Bohemia,908,F,37,22333.333333333332,26800.0,13400.0,0,11,0,,,,,,Standard
3224,1996-11-10,Monthly statement,55,Brno - venkov,south Moravia,3899,F,79,22328.86666666667,24152.2,15063.000000000002,0,77,0,,,,,,Standard
24,1996-12-05,Monthly statement,74,Ostrava - mesto,north Moravia,30,F,41,22328.641666666663,21582.599999999995,12528.799999999996,0,66,0,,,,,,Standard
3629,1993-07-27,Monthly statement,48,Rychnov nad Kneznou,east Bohemia,4377,M,20,22320.841666666664,27107.199999999997,14579.899999999996,0,98,0,,5713.0,158760.0,C,0.0,Standard
2593,1996-07-06,Monthly statement,5,Kolin,central Bohemia,3129,F,52,22319.974999999995,45082.6,14102.199999999997,0,71,0,,,,,,Standard
1905,1996-05-25,Monthly statement,34,Chomutov,north Bohemia,2314,F,39,22317.358333333334,20335.8,17187.6,0,93,0,,,,,,Standard
594,1994-12-09,Monthly statement,54,Brno - mesto,south Moravia,712,M,36,22311.99166666667,23726.899999999998,19623.7,0,61,0,,,,,,Standard
3184,1994-02-18,Monthly statement,1,Hl.m. Praha,Prague,3849,F,66,22311.65833333333,26271.3,17794.5,0,61,0,,,,,,Standard
1675,1993-02-01,Monthly statement,36,Liberec,north Bohemia,2034,M,72,22309.958333333332,23494.5,18017.399999999998,0,59,0,,,,,,Standard
1219,1996-06-08,Monthly statement,1,Hl.m. Praha,Prague,1472,F,31,22309.175000000003,25403.9,18200.7,0,64,0,,,,,,Standard
3535,1993-10-05,Monthly statement,1,Hl.m. Praha,Prague,4266,F,24,22308.791666666668,26782.5,17638.600000000002,0,58,0,,,,,,Standard
322,1993-02-20,Monthly statement,1,Hl.m. Praha,Prague,392,F,48,22295.366666666665,35336.6,17146.3,0,66,0,,,,,,Standard
1492,1996-10-17,Monthly statement,24,Karlovy Vary,west Bohemia,1809,M,67,22290.2,29225.9,13076.2,0,56,0,,,,,,Standard
1034,1997-04-04,Monthly statement,73,Opava,north Moravia,1241,F,56,22272.291666666668,24844.9,14569.0,0,70,0,,,,,,Standard
3547,1993-08-07,Monthly statement,54,Brno - mesto,south Moravia,4281,M,67,22262.183333333334,26425.100000000002,16164.400000000001,0,54,0,,,,,,Standard
2172,1997-09-02,Monthly statement,1,Hl.m. Praha,Prague,2628,F,67,22258.141666666663,28783.8,18519.699999999997,0,56,0,,,,,,Standard
69,1996-01-12,Monthly statement,64,Zlin,south Moravia,80,F,19,22257.71666666666,63471.399999999994,14746.099999999993,0,60,0,,,,,,Standard
3803,1996-01-26,Monthly statement,61,Trebic,south Moravia,4583,F,57,22238.033333333336,24568.3,13804.3,0,65,0,,,,,,Standard
9730,1997-01-01,Monthly statement,54,Brno - mesto,south Moravia,11976,F,59,22227.88333333333,39012.5,10553.699999999999,0,82,0,,6984.0,116040.0,C,0.0,Standard
2778,1993-12-30,Monthly statement,38,Louny,north Bohemia,3355,M,45,22215.974999999995,27734.399999999998,6547.399999999999,0,69,0,,,,,,Standard
283,1996-04-18,Monthly statement,44,Chrudim,east Bohemia,343,M,79,22207.99166666667,28072.0,16111.6,0,61,0,,,,,,Standard
1884,1996-12-24,Monthly statement,54,Brno - mesto,south Moravia,2286,F,32,22203.55,16697.6,14455.6,0,51,0,,,,,,Standard
86,1993-03-07,Monthly statement,54,Brno - mesto,south Moravia,102,F,40,22196.808333333334,21975.8,18405.2,0,73,0,,,,,,Standard
2196,1997-07-24,Monthly statement,11,Praha - zapad,central Bohemia,2658,M,65,22195.591666666664,15707.8,15707.8,0,69,0,,,,,,Standard
2605,1996-01-10,Monthly statement,21,Tabor,south Bohemia,3143,F,54,22191.408333333336,38852.4,14374.4,0,66,0,,,,,,Standard
1371,1994-04-27,Monthly statement,1,Hl.m. Praha,Prague,1659,F,61,22191.0,25697.0,18085.899999999998,0,57,0,,,,,,Standard
985,1994-05-29,Monthly statement,32,Ceska Lipa,north Bohemia,1187,F,37,22186.274999999998,20891.5,19110.6,0,60,0,,,,,,Standard
2271,1993-11-13,Monthly statement,68,Frydek - Mistek,north Moravia,2751,F,41,22170.399999999998,26293.399999999998,18276.899999999998,0,60,0,,,,,,Standard
2046,1996-10-17,Monthly statement,68,Frydek - Mistek,north Moravia,2484,M,29,22168.0,31555.7,13234.000000000002,0,82,0,,,,,,Standard
1240,1997-09-11,Monthly statement,1,Hl.m. Praha,Prague,1496,F,56,22159.75,23186.4,13115.300000000001,0,61,0,,,,,,Standard
737,1993-12-08,Monthly statement,34,Chomutov,north Bohemia,885,M,75,22151.449999999997,22502.0,20015.1,0,55,0,,,,,,Standard
2656,1997-02-18,Monthly statement,1,Hl.m. Praha,Prague,3205,F,77,22145.291666666668,31896.8,15548.2,0,75,0,,,,,,Standard
857,1993-09-16,Monthly statement,77,Vsetin,north Moravia,1032,F,60,22120.083333333332,21742.5,18628.6,0,57,0,,,,,,Standard
3834,1993-01-19,Monthly statement,54,Brno - mesto,south Moravia,4620,F,58,22120.05,30658.299999999996,15968.199999999999,0,106,0,,5754.0,23052.0,A,0.0,Standard
2879,1997-10-14,Monthly statement,15,Cesky Krumlov,south Bohemia,3480,F,47,22118.69166666667,16510.600000000002,13439.900000000003,0,60,0,,,,,,Standard
2685,1996-11-01,Monthly statement,67,Bruntal,north Moravia,3240,F,61,22109.25833333333,26623.6,13665.6,0,52,0,,,,,,Standard
764,1993-01-08,Monthly statement,1,Hl.m. Praha,Prague,914,F,77,22106.5,21491.5,19264.9,0,68,0,,,,,,Standard
2662,1994-05-24,Monthly statement,71,Novy Jicin,north Moravia,3214,M,76,22105.016666666666,29397.4,15705.400000000001,0,59,0,,,,,,Standard
3076,1993-03-27,Monthly statement,54,Brno - mesto,south Moravia,3719,M,68,22093.308333333334,28361.5,16127.0,0,56,0,,,,,,Standard
4660,1997-01-03,Monthly statement,63,Vyskov,south Moravia,5618,F,45,22090.774999999994,35159.99999999999,7004.299999999996,0,102,0,,5940.0,106944.0,C,0.0,Standard
2674,1995-10-10,Monthly statement,50,Svitavy,east Bohemia,3229,M,19,22074.875,18327.8,14241.600000000002,0,61,0,,,,,,Standard
1096,1997-03-03,Monthly statement,34,Chomutov,north Bohemia,1315,M,75,22073.475000000002,25504.7,16715.8,0,66,0,,,,,,Standard
890,1993-02-05,Monthly statement,14,Ceske Budejovice,south Bohemia,1072,F,32,22072.691666666666,34653.3,10688.9,0,56,0,,,,,,Standard
3742,1997-05-11,Monthly statement,59,Kromeriz,south Moravia,4515,F,78,22071.675,17952.899999999998,17471.6,0,54,0,,,,,,Standard
40,1993-10-25,Monthly statement,64,Zlin,south Moravia,48,M,58,22071.483333333334,23704.5,15710.500000000002,0,70,0,,,,,,Standard
3544,1997-04-07,Monthly statement,33,Decin,north Bohemia,4278,M,49,22053.86666666667,26815.0,12856.9,0,59,0,,,,,,Standard
3254,1995-08-27,Monthly statement,36,Liberec,north Bohemia,3936,F,36,22052.125,16581.3,16581.3,0,69,0,,,,,,Standard
2723,1995-03-12,Monthly statement,75,Prerov,north Moravia,3289,F,21,22051.24166666667,31155.100000000002,14540.2,0,66,0,,,,,,Standard
2327,1993-06-08,Monthly statement,19,Prachatice,south Bohemia,2814,F,25,22049.675,25604.2,10067.900000000001,0,51,0,,,,,,Standard
1799,1996-09-13,Monthly statement,9,Nymburk,central Bohemia,2179,F,59,22037.708333333332,25474.9,15628.400000000001,0,59,0,,,,,,Standard
3336,1994-09-19,Monthly statement,51,Trutnov,east Bohemia,4033,M,73,22028.033333333336,15797.800000000001,11460.000000000002,0,55,0,,,,,,Standard
7445,1993-03-18,Monthly statement,64,Zlin,south Moravia,9226,F,59,22024.933333333323,16477.99999999999,5097.8999999999905,0,65,0,,6509.0,55368.0,A,0.0,Standard
3061,1995-11-08,Monthly statement,76,Sumperk,north Moravia,3702,M,46,22002.458333333332,21258.3,20142.6,0,58,0,,,,,,Standard
860,1993-03-19,Monthly statement,1,Hl.m. Praha,Prague,1037,F,33,21997.866666666665,29496.3,17177.999999999996,0,66,0,,,,,,Standard
5011,1993-08-25,Monthly statement,31,Tachov,west Bohemia,6052,M,49,21997.358333333337,36.20000000000488,36.20000000000488,0,70,0,,,,,,Standard
2272,1997-10-08,Monthly statement,48,Rychnov nad Kneznou,east Bohemia,2752,M,27,21993.975000000002,15777.800000000001,13779.2,0,58,0,,,,,,Standard
742,1994-01-28,Monthly statement,77,Vsetin,north Moravia,890,M,79,21988.166666666668,26828.6,15283.9,0,59,0,,,,,,Standard
3616,1997-12-15,Monthly statement,50,Svitavy,east Bohemia,4362,M,55,21983.333333333332,23900.0,13100.0,0,12,0,,,,,,Standard
3015,1996-06-15,Monthly statement,19,Prachatice,south Bohemia,3642,M,37,21978.708333333332,26189.1,18507.5,0,72,0,,,,,,Standard
1081,1996-12-21,Monthly statement,64,Zlin,south Moravia,1297,F,80,21971.774999999998,28728.4,13976.0,0,59,0,,,,,,Standard
3030,1994-06-22,Monthly statement,65,Znojmo,south Moravia,3660,M,24,21957.675,24550.8,18858.7,0,73,0,,,,,,Standard
2896,1993-03-30,Monthly statement,29,Rokycany,west Bohemia,3500,M,38,21953.75833333333,22509.6,19269.8,0,74,0,,,,,,Standard
142,1993-02-15,Monthly statement,51,Trutnov,east Bohemia,171,M,69,21946.908333333336,22244.4,18891.6,0,62,0,,,,,,Standard
2106,1996-02-01,Monthly statement,1,Hl.m. Praha,Prague,2550,F,22,21945.425,26879.8,10894.299999999997,0,63,0,,5375.0,101520.0,A,0.0,Standard
2064,1996-12-30,Monthly statement,54,Brno - mesto,south Moravia,2503,F,21,21927.09166666667,40943.3,12511.000000000002,0,68,0,,5367.0,83628.0,C,0.0,Standard
4329,1994-02-17,Monthly statement,1,Hl.m. Praha,Prague,5213,M,18,21926.699999999997,23853.1,14798.699999999997,0,68,0,,,,,,Standard
1529,1996-04-28,Monthly statement,1,Hl.m. Praha,Prague,1853,M,33,21922.625,17192.5,13914.099999999999,0,89,0,,,,,,Standard
3658,1997-03-25,Monthly statement,24,Karlovy Vary,west Bohemia,4410,F,22,21910.25833333333,21817.0,13081.4,0,69,0,,,,,,Standard
4121,1995-06-08,Monthly statement,54,Brno - mesto,south Moravia,4961,M,16,21904.350000000002,17526.6,12204.900000000001,0,58,0,,,,,,Standard
1806,1993-01-19,Monthly statement,40,Teplice,north Bohemia,2187,M,65,21903.183333333334,17461.8,17142.0,0,63,0,,,,,,Standard
1820,1994-04-22,Monthly statement,10,Praha - vychod,central Bohemia,2206,F,34,21887.25833333333,29686.599999999995,15894.599999999997,0,64,0,,,,,,Standard
1607,1996-04-20,Monthly statement,71,Novy Jicin,north Moravia,1948,F,59,21881.5,21947.0,17589.8,0,66,0,,,,,,Standard
3882,1993-07-09,Monthly statement,10,Praha - vychod,central Bohemia,4679,M,50,21880.38333333333,33813.1,14514.6,0,104,0,,,,,,Standard
1652,1993-05-20,Monthly statement,74,Ostrava - mesto,north Moravia,2002,F,80,21866.691666666666,22812.600000000002,15002.400000000001,0,55,0,,,,,,Standard
1719,1993-09-06,Monthly statement,1,Hl.m. Praha,Prague,2084,F,69,21864.850000000002,24183.0,18901.8,0,53,0,,,,,,Standard
432,1993-06-16,Monthly statement,46,Nachod,east Bohemia,520,F,51,21864.616666666672,26161.300000000007,14107.900000000005,0,50,0,,,,,,Standard
2256,1993-02-06,Monthly statement,48,Rychnov nad Kneznou,east Bohemia,2731,M,71,21846.708333333332,16675.1,16675.1,0,56,0,,,,,,Standard
3979,1996-02-14,Monthly statement,37,Litomerice,north Bohemia,4798,F,36,21838.63333333333,29283.8,15094.199999999999,0,66,0,,,,,,Standard
5726,1996-04-19,Statement after transaction,17,Pelhrimov,south Bohemia,6924,M,31,21829.891666666666,15729.399999999998,10730.9,0,60,0,,,,,,Standard
2362,1996-12-30,Monthly statement,16,Jindrichuv Hradec,south Bohemia,2854,M,49,21827.633333333335,25747.4,18730.9,0,59,0,,,,,,Standard
4208,1997-04-08,Monthly statement,1,Hl.m. Praha,Prague,5072,F,17,21827.216666666664,26478.399999999998,16971.2,0,62,0,,,,,,Standard
1221,1997-01-02,Monthly statement,45,Jicin,east Bohemia,1474,F,27,21825.65,18513.800000000007,-800.4999999999982,1,66,0,,,,,,Standard
3331,1997-02-20,Monthly statement,16,Jindrichuv Hradec,south Bohemia,4027,F,33,21824.508333333335,16691.3,16287.7,0,82,0,,,,,,Standard
3075,1997-06-25,Monthly statement,71,Novy Jicin,north Moravia,3717,M,73,21824.358333333334,28206.1,16424.6,0,68,0,,,,,,Standard
3350,1996-07-13,Monthly statement,74,Ostrava - mesto,north Moravia,4051,M,49,21823.741666666665,33404.3,12901.599999999999,0,58,0,,,,,,Standard
2347,1996-08-30,Monthly statement,38,Louny,north Bohemia,2836,F,79,21796.11666666667,12189.1,12111.1,0,69,0,,,,,,Standard
1609,1996-07-05,Monthly statement,41,Usti nad Labem,north Bohemia,1951,M,27,21795.525,25379.100000000002,17962.2,0,60,0,,,,,,Standard
2406,1996-03-22,Monthly statement,5,Kolin,central Bohemia,2906,M,64,21788.216666666667,28986.5,13501.2,0,53,0,,,,,,Standard
1831,1993-09-21,Monthly statement,1,Hl.m. Praha,Prague,2222,F,64,21763.975000000002,24386.9,18585.600000000002,0,69,0,,,,,,Standard
6686,1996-02-10,Monthly statement,61,Trebic,south Moravia,8074,M,40,21751.36666666666,21735.499999999993,17393.899999999994,0,66,0,,6353.0,116496.0,C,0.0,Standard
3040,1996-08-03,Monthly statement,17,Pelhrimov,south Bohemia,3674,F,18,21749.80833333333,22756.7,16929.1,0,56,0,,,,,,Standard
6453,1996-07-27,Monthly statement,34,Chomutov,north Bohemia,7787,M,47,21741.5,20393.399999999998,15700.6,0,102,0,,6312.0,10944.0,C,0.0,Standard
1553,1996-12-21,Monthly statement,59,Kromeriz,south Moravia,1884,F,22,21738.86666666667,21583.7,13334.100000000002,0,60,0,,,,,,Standard
2297,1995-06-18,Monthly statement,46,Nachod,east Bohemia,2781,F,38,21732.341666666667,21001.7,14514.0,0,77,0,,,,,,Standard
3457,1994-10-01,Monthly statement,54,Brno - mesto,south Moravia,4179,M,78,21725.3,26377.3,14861.0,0,56,0,,,,,,Standard
2849,1993-09-16,Monthly statement,1,Hl.m. Praha,Prague,3443,F,64,21724.575,32100.4,14857.8,0,61,0,,,,,,Standard
161,1994-07-04,Monthly statement,28,Plzen - sever,west Bohemia,194,F,74,21719.55,14837.499999999998,14837.499999999998,0,71,0,,,,,,Standard
1848,1994-08-04,Monthly statement,1,Hl.m. Praha,Prague,2242,F,22,21715.60833333333,28199.999999999996,14430.299999999997,0,53,0,,,,,,Standard
3169,1997-12-19,Monthly statement,19,Prachatice,south Bohemia,3833,M,63,21703.408333333336,20515.100000000002,12190.1,0,64,0,,,,,,Standard
923,1996-02-07,Monthly statement,13,Rakovnik,central Bohemia,1112,F,68,21682.875,29654.899999999998,15180.4,0,66,0,,,,,,Standard
1248,1995-04-29,Monthly statement,22,Domazlice,west Bohemia,1506,M,67,21681.733333333334,26138.1,16313.9,0,65,0,,,,,,Standard
1466,1997-03-26,Weekly statement,69,Jesenik,north Moravia,1777,F,35,21669.883333333335,18138.800000000003,13517.600000000002,0,21,1,gold,,,,,Standard
2931,1995-05-04,Monthly statement,36,Liberec,north Bohemia,3539,M,78,21664.033333333333,26360.9,15148.7,0,55,0,,,,,,Standard
9208,1997-05-24,Monthly statement,29,Rokycany,west Bohemia,11337,M,29,21663.333333333332,27104.600000000002,9376.9,0,101,0,,6868.0,82128.0,C,0.0,Standard
1630,1993-07-28,Monthly statement,72,Olomouc,north Moravia,1976,M,80,21656.891666666666,27292.1,15470.4,0,57,0,,,,,,Standard
2907,1993-09-09,Monthly statement,70,Karvina,north Moravia,3513,M,76,21642.891666666666,23453.600000000002,15911.6,0,62,0,,,,,,Standard
1744,1996-02-07,Monthly statement,76,Sumperk,north Moravia,2116,M,68,21633.683333333334,24164.8,17381.0,0,61,0,,,,,,Standard
6927,1995-12-08,Weekly statement,74,Ostrava - mesto,north Moravia,8362,F,23,21631.48333333334,50767.00000000001,-294.5999999999916,1,51,0,,,,,,Standard
2229,1997-01-27,Monthly statement,1,Hl.m. Praha,Prague,2701,M,46,21624.791666666668,26781.800000000003,14438.900000000003,0,73,0,,,,,,Standard
1658,1993-05-10,Monthly statement,73,Opava,north Moravia,2010,M,46,21623.7,24522.6,18350.100000000002,0,72,0,,,,,,Standard
2186,1993-07-07,Monthly statement,63,Vyskov,south Moravia,2646,F,61,21619.958333333336,29289.9,15230.900000000001,0,58,0,,,,,,Standard
787,1993-11-14,Monthly statement,10,Praha - vychod,central Bohemia,941,M,63,21619.475000000002,27393.0,15395.400000000001,0,72,0,,,,,,Standard
2967,1996-11-13,Monthly statement,38,Louny,north Bohemia,3582,M,43,21613.133333333335,23541.300000000003,10528.400000000001,0,89,0,,,,,,Standard
570,1996-11-14,Monthly statement,3,Beroun,central Bohemia,684,F,22,21603.716666666664,17066.899999999998,7493.699999999998,0,60,0,,,,,,Standard
1488,1997-04-29,Monthly statement,25,Klatovy,west Bohemia,1803,F,52,21602.041666666668,31655.100000000002,12657.800000000001,0,84,0,,,,,,Standard
705,1997-07-14,Monthly statement,35,Jablonec n. Nisou,north Bohemia,846,M,49,21598.050000000003,18939.5,13667.500000000002,0,72,0,,,,,,Standard
88,1996-07-03,Monthly statement,31,Tachov,west Bohemia,105,M,18,21587.766666666666,24428.3,18560.3,0,62,0,,,,,,Standard
3783,1995-11-29,Monthly statement,40,Teplice,north Bohemia,4561,F,30,21523.649999999998,23123.2,17827.2,0,66,0,,,,,,Standard
3832,1996-01-22,Monthly statement,45,Jicin,east Bohemia,4617,M,21,21518.308333333334,16281.6,16281.6,0,79,0,,,,,,Standard
2868,1994-06-15,Monthly statement,1,Hl.m. Praha,Prague,3466,F,62,21509.825,28002.1,16610.8,0,57,0,,,,,,Standard
1972,1993-01-02,Monthly statement,77,Vsetin,north Moravia,2397,M,80,21502.408333333333,23740.5,16976.3,0,62,0,,,,,,Standard
3292,1993-12-21,Monthly statement,1,Hl.m. Praha,Prague,3983,F,72,21498.591666666667,24895.8,18407.9,0,54,0,,,,,,Standard
52,1997-01-29,Monthly statement,16,Jindrichuv Hradec,south Bohemia,61,F,50,21482.558333333338,21159.800000000003,12413.900000000003,0,86,0,,,,,,Basic
1716,1996-05-02,Monthly statement,46,Nachod,east Bohemia,2081,F,26,21482.158333333336,32378.7,14778.400000000001,0,71,0,,,,,,Basic
8919,1997-07-03,Monthly statement,62,Uherske Hradiste,south Moravia,10987,F,37,21481.49166666667,16850.100000000002,14843.7,0,105,0,,6790.0,76104.0,C,0.0,Basic
3582,1995-08-26,Monthly statement,19,Prachatice,south Bohemia,4321,F,25,21479.366666666665,17550.0,15600.1,0,69,0,,,,,,Basic
3937,1996-01-10,Monthly statement,76,Sumperk,north Moravia,4747,F,76,21474.75833333333,28023.0,14580.599999999999,0,59,0,,,,,,Basic
3406,1997-12-08,Monthly statement,53,Blansko,south Moravia,4117,F,80,21458.38333333333,21965.199999999997,13333.099999999999,0,53,0,,,,,,Basic
2309,1995-12-03,Monthly statement,18,Pisek,south Bohemia,2794,M,33,21443.85,33593.6,15433.3,0,68,0,,,,,,Basic
6425,1993-03-29,Monthly statement,31,Tachov,west Bohemia,7753,F,20,21415.966666666664,27214.599999999995,11882.899999999994,0,74,0,,6306.0,36684.0,A,0.0,Basic
2679,1997-07-24,Monthly statement,67,Bruntal,north Moravia,3234,F,79,21409.491666666665,29880.6,15574.6,0,59,0,,,,,,Basic
357,1996-03-10,Monthly statement,20,Strakonice,south Bohemia,435,M,31,21399.9,22671.100000000002,18707.8,0,76,0,,,,,,Basic
2690,1997-03-19,Monthly statement,66,Zdar nad Sazavou,south Moravia,3246,M,67,21380.899999999998,22742.199999999997,14660.3,0,71,0,,,,,,Basic
1213,1996-05-08,Monthly statement,36,Liberec,north Bohemia,1464,F,70,21378.391666666666,27195.4,13402.300000000001,0,56,0,,,,,,Basic
350,1996-10-13,Monthly statement,47,Pardubice,east Bohemia,428,F,79,21374.866666666665,22156.3,15218.9,0,64,0,,,,,,Basic
3966,1996-01-09,Monthly statement,42,Havlickuv Brod,east Bohemia,4784,F,78,21363.741666666665,26192.0,14949.099999999999,0,62,0,,,,,,Basic
2461,1997-09-28,Monthly statement,1,Hl.m. Praha,Prague,2972,M,22,21345.399999999998,22486.3,12251.0,0,56,0,,,,,,Basic
3976,1996-04-15,Monthly statement,74,Ostrava - mesto,north Moravia,4795,F,73,21325.608333333334,31674.3,9367.0,0,70,0,,,,,,Basic
771,1996-01-22,Monthly statement,22,Domazlice,west Bohemia,922,F,26,21324.708333333332,35264.9,13025.1,0,80,0,,,,,,Basic
2110,1993-02-23,Monthly statement,64,Zlin,south Moravia,2554,M,57,21319.375,19215.2,18394.6,0,57,0,,,,,,Basic
1051,1993-10-21,Monthly statement,35,Jablonec n. Nisou,north Bohemia,1262,M,46,21314.61666666667,20391.500000000004,16399.2,0,53,0,,,,,,Basic
9424,1996-12-30,Monthly statement,54,Brno - mesto,south Moravia,11598,F,21,21311.2,40313.8,11906.300000000001,0,68,0,,6922.0,83628.0,C,0.0,Basic
90,1994-07-13,Monthly statement,1,Hl.m. Praha,Prague,107,M,26,21307.658333333336,24127.0,15533.900000000001,0,102,0,,,,,,Basic
563,1993-07-27,Monthly statement,53,Blansko,south Moravia,676,M,45,21306.516666666666,18941.300000000003,15752.600000000002,0,69,0,,,,,,Basic
3306,1993-08-24,Monthly statement,75,Prerov,north Moravia,3998,F,48,21295.233333333334,27303.8,14925.7,0,74,0,,,,,,Basic
1340,1997-10-28,Monthly statement,52,Usti nad Orlici,east Bohemia,1622,M,48,21271.600000000002,23518.600000000002,15904.100000000002,0,80,0,,,,,,Basic
810,1995-11-11,Monthly statement,46,Nachod,east Bohemia,971,F,79,21269.833333333336,30465.100000000002,13939.100000000002,0,58,0,,,,,,Basic
3174,1997-12-10,Monthly statement,65,Znojmo,south Moravia,3838,M,69,21266.758333333335,26452.9,5498.0,0,40,0,,,,,,Basic
908,1994-04-29,Monthly statement,62,Uherske Hradiste,south Moravia,1093,F,22,21261.308333333338,19861.300000000003,18291.400000000005,0,52,0,,,,,,Basic
3458,1995-07-07,Monthly statement,63,Vyskov,south Moravia,4180,M,66,21256.825,25062.5,15702.5,0,73,0,,,,,,Basic
1190,1996-09-09,Monthly statement,52,Usti nad Orlici,east Bohemia,1435,M,45,21256.15,23783.4,13360.7,0,72,0,,,,,,Basic
9,1993-01-27,Monthly statement,70,Karvina,north Moravia,12,M,17,21250.40833333334,23877.700000000004,14543.200000000004,0,56,0,,,,,,Basic
2348,1996-02-05,Monthly statement,65,Znojmo,south Moravia,2838,M,33,21248.975000000002,27178.4,12058.800000000001,0,68,0,,,,,,Basic
2883,1997-06-29,Monthly statement,77,Vsetin,north Moravia,3485,M,76,21243.216666666667,19068.1,15819.3,0,64,0,,,,,,Basic
2012,1996-04-08,Monthly statement,4,Kladno,central Bohemia,2444,M,64,21239.274999999998,19992.5,13521.699999999999,0,67,0,,,,,,Basic
1088,1993-12-19,Monthly statement,32,Ceska Lipa,north Bohemia,1306,F,76,21239.09166666667,26876.7,13878.600000000002,0,59,0,,,,,,Basic
1431,1996-06-11,Monthly statement,41,Usti nad Labem,north Bohemia,1736,F,19,21238.166666666668,20259.8,11215.9,0,72,1,junior,,,,,Basic
3863,1993-09-14,Monthly statement,15,Cesky Krumlov,south Bohemia,4657,M,57,21235.666666666668,28401.7,15513.1,0,67,0,,,,,,Basic
1426,1995-10-27,Monthly statement,40,Teplice,north Bohemia,1730,M,66,21225.633333333335,23200.5,17638.4,0,58,0,,,,,,Basic
3741,1996-08-18,Monthly statement,65,Znojmo,south Moravia,4514,M,58,21220.958333333336,21593.9,17562.500000000004,0,69,0,,,,,,Basic
3769,1996-05-14,Monthly statement,3,Beroun,central Bohemia,4545,F,62,21219.75833333333,22923.899999999998,16289.8,0,67,0,,,,,,Basic
3435,1993-07-01,Monthly statement,59,Kromeriz,south Moravia,4155,M,75,21211.875,27896.3,16912.2,0,59,0,,,,,,Basic
2793,1993-10-09,Monthly statement,47,Pardubice,east Bohemia,3373,M,46,21211.566666666666,23670.6,17434.1,0,57,0,,,,,,Basic
1014,1996-03-20,Monthly statement,74,Ostrava - mesto,north Moravia,1218,M,18,21209.975,23509.3,13512.699999999997,0,55,0,,,,,,Basic
3960,1993-02-06,Monthly statement,64,Zlin,south Moravia,4777,F,69,21209.858333333334,25427.7,17182.5,0,56,0,,,,,,Basic
1155,1996-10-04,Monthly statement,43,Hradec Kralove,east Bohemia,1389,F,71,21186.691666666666,17896.5,14129.2,0,64,0,,,,,,Basic
1699,1993-01-14,Monthly statement,53,Blansko,south Moravia,2064,M,72,21185.06666666667,26285.9,14691.5,0,70,0,,,,,,Basic
3904,1996-10-05,Monthly statement,18,Pisek,south Bohemia,4708,M,48,21182.325,22910.8,19396.8,0,63,0,,,,,,Basic
1382,1993-08-03,Monthly statement,48,Rychnov nad Kneznou,east Bohemia,1673,M,26,21179.866666666665,24984.1,18335.6,0,59,0,,,,,,Basic
3684,1994-03-04,Monthly statement,23,Cheb,west Bohemia,4442,F,77,21176.708333333336,26685.2,9968.500000000002,0,57,0,,,,,,Basic
3358,1996-02-21,Monthly statement,44,Chrudim,east Bohemia,4060,F,44,21175.333333333332,22218.4,18184.5,0,76,0,,,,,,Basic
1460,1996-11-29,Monthly statement,54,Brno - mesto,south Moravia,1771,F,71,21164.533333333333,27942.2,15915.4,0,58,0,,,,,,Basic
314,1996-01-26,Statement after transaction,15,Cesky Krumlov,south Bohemia,383,F,59,21158.391666666666,25365.3,13442.199999999999,0,78,0,,5039.0,66840.0,C,0.0,Basic
3798,1997-08-27,Monthly statement,15,Cesky Krumlov,south Bohemia,4578,M,22,21151.81666666667,28968.0,13103.900000000001,0,80,0,,,,,,Basic
3557,1996-11-02,Monthly statement,72,Olomouc,north Moravia,4292,M,46,21151.591666666667,25795.0,16942.7,0,60,0,,,,,,Basic
2257,1993-12-21,Monthly statement,57,Hodonin,south Moravia,2732,F,45,21151.441666666666,16844.8,13994.5,0,58,0,,,,,,Basic
1134,1993-02-09,Monthly statement,6,Kutna Hora,central Bohemia,1363,F,19,21124.3,39442.2,13931.299999999997,0,68,0,,,,,,Basic
958,1996-06-06,Monthly statement,72,Olomouc,north Moravia,1154,M,74,21122.916666666664,17383.699999999997,14621.499999999998,0,67,0,,,,,,Basic
1792,1993-12-16,Monthly statement,7,Melnik,central Bohemia,2172,F,69,21121.0,32354.3,12833.7,0,58,0,,,,,,Basic
1846,1995-06-17,Monthly statement,6,Kutna Hora,central Bohemia,2239,F,22,21120.666666666668,25586.4,15459.9,0,52,0,,,,,,Basic
3595,1994-05-01,Monthly statement,30,Sokolov,west Bohemia,4338,M,54,21110.308333333334,29928.5,14613.400000000001,0,67,0,,,,,,Basic
2774,1996-02-05,Monthly statement,42,Havlickuv Brod,east Bohemia,3349,M,35,21107.05,24064.600000000002,14577.6,0,56,0,,,,,,Basic
3280,1996-04-24,Monthly statement,1,Hl.m. Praha,Prague,3971,M,32,21099.558333333334,30242.9,9146.700000000003,0,73,0,,,,,,Basic
2010,1993-12-27,Monthly statement,1,Hl.m. Praha,Prague,2441,M,70,21093.64166666667,26151.300000000003,15777.500000000002,0,56,0,,,,,,Basic
1992,1997-09-27,Monthly statement,48,Rychnov nad Kneznou,east Bohemia,2420,F,26,21085.983333333334,20550.3,16893.4,0,60,0,,,,,,Basic
3087,1993-12-04,Monthly statement,15,Cesky Krumlov,south Bohemia,3734,M,55,21068.366666666665,25364.3,16237.800000000001,0,75,0,,,,,,Basic
2203,1995-04-04,Monthly statement,47,Pardubice,east Bohemia,2666,F,63,21062.091666666664,19610.299999999996,15472.799999999997,0,70,0,,,,,,Basic
1327,1994-08-24,Monthly statement,65,Znojmo,south Moravia,1606,M,16,21060.608333333334,19325.499999999996,15497.899999999998,0,57,0,,,,,,Basic
3171,1993-09-28,Monthly statement,61,Trebic,south Moravia,3835,F,67,21059.350000000002,23710.6,16297.2,0,60,0,,,,,,Basic
1471,1996-07-21,Monthly statement,1,Hl.m. Praha,Prague,1783,F,52,21050.216666666667,59396.7,3981.1999999999975,0,82,0,,,,,,Basic
1044,1995-11-09,Monthly statement,14,Ceske Budejovice,south Bohemia,1253,F,31,21041.825,34230.299999999996,15387.199999999999,0,83,1,classic,,,,,Basic
2292,1995-06-29,Monthly statement,41,Usti nad Labem,north Bohemia,2775,F,20,21025.041666666668,19772.9,17427.0,0,100,0,,,,,,Basic
3216,1995-08-11,Monthly statement,3,Beroun,central Bohemia,3890,M,40,21025.025,28668.600000000002,5229.0,0,70,1,classic,,,,,Basic
4347,1993-03-27,Monthly statement,1,Hl.m. Praha,Prague,5237,M,21,21024.083333333332,25636.7,16939.1,0,52,0,,,,,,Basic
3712,1994-09-13,Monthly statement,3,Beroun,central Bohemia,4476,M,71,21019.758333333335,18739.8,12669.7,0,56,0,,,,,,Basic
2076,1996-09-17,Monthly statement,18,Pisek,south Bohemia,2517,M,74,21016.366666666665,15747.699999999999,15455.0,0,79,0,,,,,,Basic
2591,1996-05-06,Monthly statement,1,Hl.m. Praha,Prague,3127,F,78,21013.575,25859.2,16302.9,0,64,0,,,,,,Basic
3511,1996-07-23,Monthly statement,70,Karvina,north Moravia,4239,M,78,21010.066666666666,26661.7,15307.3,0,64,0,,,,,,Basic
2546,1994-12-08,Monthly statement,1,Hl.m. Praha,Prague,3074,M,40,20989.225000000006,12123.200000000006,10522.500000000005,0,72,0,,,,,,Basic
1775,1993-02-27,Monthly statement,17,Pelhrimov,south Bohemia,2152,F,69,20984.075,22043.8,15217.6,0,63,0,,,,,,Basic
559,1993-03-05,Monthly statement,46,Nachod,east Bohemia,672,F,69,20983.774999999998,26785.899999999998,15751.999999999998,0,60,0,,,,,,Basic
1445,1996-03-16,Monthly statement,60,Prostejov,south Moravia,1753,F,19,20976.775,15443.400000000001,14157.300000000001,0,105,0,,,,,,Basic
1276,1993-01-07,Monthly statement,36,Liberec,north Bohemia,1540,M,61,20975.166666666664,22800.1,16673.6,0,94,0,,,,,,Basic
1728,1995-06-23,Monthly statement,74,Ostrava - mesto,north Moravia,2096,F,24,20974.266666666666,43940.8,7580.300000000002,0,62,0,,,,,,Basic
1122,1995-08-12,Monthly statement,13,Rakovnik,central Bohemia,1346,M,44,20943.733333333334,13206.599999999999,13206.599999999999,0,47,0,,,,,,Basic
588,1993-03-14,Monthly statement,66,Zdar nad Sazavou,south Moravia,706,M,50,20932.25,21074.1,15563.199999999999,0,88,0,,,,,,Basic
753,1996-08-14,Monthly statement,31,Tachov,west Bohemia,903,M,64,20930.53333333333,18569.199999999997,16176.399999999998,0,71,0,,,,,,Basic
148,1993-06-21,Monthly statement,8,Mlada Boleslav,central Bohemia,178,M,38,20922.583333333332,27206.5,15152.5,0,82,0,,,,,,Basic
2644,1997-08-08,Monthly statement,1,Hl.m. Praha,Prague,3190,F,78,20922.3,27487.7,15446.900000000001,0,74,0,,,,,,Basic
2557,1993-11-17,Monthly statement,40,Teplice,north Bohemia,3088,M,48,20920.325,22321.6,15963.8,0,66,0,,,,,,Basic
1089,1995-10-10,Monthly statement,74,Ostrava - mesto,north Moravia,1307,M,45,20918.93333333333,14125.299999999997,13443.599999999999,0,78,0,,,,,,Basic
2564,1997-06-03,Monthly statement,36,Liberec,north Bohemia,3095,M,45,20918.024999999998,43274.6,12390.599999999997,0,65,0,,,,,,Basic
662,1994-07-18,Monthly statement,21,Tabor,south Bohemia,793,M,20,20911.833333333336,18086.9,15284.200000000003,0,53,0,,,,,,Basic
2939,1997-06-28,Monthly statement,5,Kolin,central Bohemia,3549,F,61,20909.908333333333,20784.1,15841.1,0,61,0,,,,,,Basic
114,1997-03-14,Monthly statement,60,Prostejov,south Moravia,137,M,75,20903.95,26099.7,17923.4,0,71,0,,,,,,Basic
902,1993-06-29,Monthly statement,74,Ostrava - mesto,north Moravia,1086,M,25,20896.033333333336,21117.9,15747.900000000001,0,82,0,,,,,,Basic
2846,1997-09-27,Monthly statement,1,Hl.m. Praha,Prague,3440,F,60,20879.5,21248.7,15722.4,0,60,0,,,,,,Basic
729,1997-02-15,Monthly statement,14,Ceske Budejovice,south Bohemia,874,F,46,20878.266666666666,23351.6,18237.7,0,85,0,,,,,,Basic
3583,1995-02-03,Monthly statement,40,Teplice,north Bohemia,4323,M,74,20876.86666666667,26330.5,16480.9,0,59,0,,,,,,Basic
861,1993-09-13,Monthly statement,22,Domazlice,west Bohemia,1038,F,37,20876.141666666666,19044.0,15282.4,0,74,0,,,,,,Basic
941,1994-06-08,Monthly statement,8,Mlada Boleslav,central Bohemia,1135,M,46,20860.51666666667,25574.100000000002,13694.800000000003,0,57,0,,,,,,Basic
83,1993-04-16,Monthly statement,26,Plzen - mesto,west Bohemia,98,F,25,20856.725000000002,33238.5,13555.7,0,73,0,,,,,,Basic
743,1993-11-05,Monthly statement,10,Praha - vychod,central Bohemia,891,M,67,20855.683333333334,24382.300000000003,16245.800000000001,0,59,0,,,,,,Basic
1542,1996-04-25,Monthly statement,1,Hl.m. Praha,Prague,1869,F,65,20836.533333333333,21907.1,10949.8,0,60,0,,,,,,Basic
193,1996-12-22,Monthly statement,69,Jesenik,north Moravia,233,F,40,20815.74166666667,25203.800000000003,13297.300000000001,0,66,0,,,,,,Basic
1215,1997-03-04,Monthly statement,65,Znojmo,south Moravia,1467,M,74,20811.266666666666,32159.1,13238.0,0,58,0,,,,,,Basic
2716,1996-01-08,Monthly statement,66,Zdar nad Sazavou,south Moravia,3279,F,44,20790.908333333336,40086.600000000006,14674.1,0,76,1,classic,,,,,Basic
1270,1996-06-07,Statement after transaction,55,Brno - venkov,south Moravia,1533,M,38,20781.699999999993,27962.199999999993,13024.999999999995,0,77,0,,5214.0,74772.0,C,0.0,Basic
2252,1996-10-05,Monthly statement,1,Hl.m. Praha,Prague,2726,F,25,20771.3,23111.7,17958.4,0,68,0,,,,,,Basic
2584,1993-07-08,Monthly statement,50,Svitavy,east Bohemia,3119,F,62,20770.358333333334,26197.4,14624.6,0,73,0,,,,,,Basic
2617,1993-09-24,Monthly statement,1,Hl.m. Praha,Prague,3158,F,58,20765.583333333332,19359.399999999998,17659.1,0,69,0,,,,,,Basic
3474,1995-07-12,Monthly statement,23,Cheb,west Bohemia,4198,F,44,20760.133333333335,20398.7,16478.3,0,85,0,,,,,,Basic
3670,1993-06-04,Monthly statement,27,Plzen - jih,west Bohemia,4423,M,80,20745.833333333332,23405.3,18569.3,0,57,0,,,,,,Basic
321,1993-11-11,Monthly statement,47,Pardubice,east Bohemia,391,F,65,20742.716666666667,17965.9,15308.5,0,67,0,,,,,,Basic
3868,1993-08-21,Monthly statement,43,Hradec Kralove,east Bohemia,4662,F,71,20735.833333333336,26829.100000000002,13450.300000000001,0,58,0,,,,,,Basic
1696,1995-06-09,Monthly statement,43,Hradec Kralove,east Bohemia,2059,M,26,20730.291666666668,23803.5,16800.4,0,61,0,,,,,,Basic
2534,1993-06-03,Monthly statement,61,Trebic,south Moravia,3059,M,21,20717.858333333334,18648.899999999998,16871.3,0,73,0,,,,,,Basic
2985,1993-04-06,Monthly statement,71,Novy Jicin,north Moravia,3605,M,64,20715.166666666668,20958.9,17709.4,0,61,0,,,,,,Basic
204,1996-01-13,Monthly statement,67,Bruntal,north Moravia,246,F,28,20708.75,25128.2,16564.6,0,59,0,,,,,,Basic
3588,1996-06-28,Monthly statement,33,Decin,north Bohemia,4330,M,77,20707.4,37731.5,12225.7,0,56,0,,,,,,Basic
3819,1996-11-11,Monthly statement,69,Jesenik,north Moravia,4603,F,52,20697.016666666666,25018.2,14668.8,0,66,0,,,,,,Basic
2856,1995-03-18,Monthly statement,25,Klatovy,west Bohemia,3450,M,22,20696.008333333335,32379.5,13050.1,0,62,0,,,,,,Basic
3398,1997-04-15,Monthly statement,43,Hradec Kralove,east Bohemia,4108,F,72,20677.475000000002,25494.4,14336.300000000001,0,66,0,,,,,,Basic
3922,1997-10-22,Monthly statement,68,Frydek - Mistek,north Moravia,4730,M,78,20658.35,11710.4,11710.4,0,51,0,,,,,,Basic
1086,1996-06-17,Monthly statement,37,Litomerice,north Bohemia,1304,M,62,20656.274999999998,25218.7,16761.1,0,84,0,,,,,,Basic
1193,1994-01-05,Monthly statement,29,Rokycany,west Bohemia,1439,M,24,20655.091666666664,31292.6,16724.3,0,65,0,,,,,,Basic
1181,1997-08-20,Monthly statement,69,Jesenik,north Moravia,1422,F,22,20650.458333333332,12921.0,12921.0,0,93,0,,,,,,Basic
1381,1993-11-01,Monthly statement,57,Hodonin,south Moravia,1671,F,67,20643.274999999998,20235.8,15385.9,0,57,0,,,,,,Basic
1574,1997-05-28,Monthly statement,75,Prerov,north Moravia,1907,F,70,20634.625,28924.7,12937.1,0,55,0,,,,,,Basic
691,1996-02-21,Monthly statement,24,Karlovy Vary,west Bohemia,829,M,41,20633.075,22456.0,13780.9,0,59,0,,,,,,Basic
3895,1995-07-14,Monthly statement,27,Plzen - jih,west Bohemia,4697,F,41,20620.69166666667,29319.100000000002,14545.3,0,61,0,,,,,,Basic
2771,1993-08-18,Monthly statement,37,Litomerice,north Bohemia,3345,F,57,20612.000000000004,36545.8,16335.100000000004,0,68,0,,,,,,Basic
823,1997-09-19,Monthly statement,71,Novy Jicin,north Moravia,990,M,37,20592.041666666668,25008.9,14236.0,0,68,0,,,,,,Basic
1172,1997-10-25,Monthly statement,6,Kutna Hora,central Bohemia,1412,M,19,20585.233333333334,11847.700000000003,10395.500000000002,0,20,0,,,,,,Basic
1002,1996-09-17,Monthly statement,50,Svitavy,east Bohemia,1206,M,41,20583.041666666668,23340.6,14313.599999999999,0,76,0,,,,,,Basic
3822,1993-09-22,Monthly statement,8,Mlada Boleslav,central Bohemia,4606,M,61,20579.3,17649.3,12649.4,0,63,0,,,,,,Basic
1069,1993-07-24,Monthly statement,70,Karvina,north Moravia,1283,F,59,20573.533333333336,25220.8,16670.100000000002,0,60,0,,,,,,Basic
187,1993-03-28,Monthly statement,5,Kolin,central Bohemia,227,F,72,20560.583333333332,25228.3,17948.699999999997,0,58,0,,,,,,Basic
2535,1997-01-21,Monthly statement,61,Trebic,south Moravia,3060,M,38,20557.616666666665,24738.8,13954.9,0,94,0,,,,,,Basic
438,1997-06-23,Monthly statement,37,Litomerice,north Bohemia,528,M,21,20553.016666666674,19522.600000000006,11366.600000000006,0,18,1,classic,,,,,Basic
1623,1996-02-04,Monthly statement,1,Hl.m. Praha,Prague,1967,F,35,20535.208333333332,42911.2,14864.999999999998,0,72,0,,,,,,Basic
1973,1996-06-05,Monthly statement,71,Novy Jicin,north Moravia,2398,F,43,20530.5,23666.0,18239.7,0,71,0,,,,,,Basic
2199,1993-08-04,Monthly statement,1,Hl.m. Praha,Prague,2661,F,37,20512.383333333335,16554.300000000003,14873.400000000001,0,83,0,,,,,,Basic
3793,1996-06-28,Monthly statement,5,Kolin,central Bohemia,4573,F,43,20509.225,25970.3,14827.599999999999,0,71,0,,,,,,Basic
3491,1996-07-27,Monthly statement,51,Trutnov,east Bohemia,4219,F,54,20508.94166666667,24093.500000000004,15818.100000000002,0,99,0,,,,,,Basic
1892,1993-07-13,Monthly statement,28,Plzen - sever,west Bohemia,2295,F,59,20505.408333333333,23682.0,15547.300000000001,0,56,0,,,,,,Basic
1629,1995-11-02,Monthly statement,10,Praha - vychod,central Bohemia,1974,M,80,20494.508333333335,30101.100000000002,13610.0,0,56,0,,,,,,Basic
3173,1993-05-15,Monthly statement,39,Most,north Bohemia,3837,F,77,20482.816666666666,23060.6,16383.199999999999,0,65,0,,,,,,Basic
194,1996-08-01,Monthly statement,44,Chrudim,east Bohemia,235,F,55,20464.283333333336,23032.0,15172.6,0,70,0,,,,,,Basic
2842,1993-12-29,Monthly statement,14,Ceske Budejovice,south Bohemia,3435,F,53,20463.641666666666,25097.2,16033.1,0,83,0,,,,,,Basic
2281,1995-07-13,Monthly statement,1,Hl.m. Praha,Prague,2761,F,21,20450.60833333333,29662.799999999996,14491.499999999998,0,67,0,,,,,,Basic
3975,1994-10-02,Monthly statement,20,Strakonice,south Bohemia,4794,F,53,20435.258333333335,22846.7,18536.1,0,64,0,,,,,,Basic
2919,1995-05-10,Monthly statement,77,Vsetin,north Moravia,3527,M,20,20423.66666666667,30299.400000000005,14204.800000000005,0,66,0,,,,,,Basic
3291,1996-11-16,Monthly statement,45,Jicin,east Bohemia,3982,F,79,20407.06666666667,16694.7,14624.7,0,65,0,,,,,,Basic
5001,1995-12-15,Monthly statement,53,Blansko,south Moravia,6042,M,35,20398.608333333348,16017.600000000015,8373.300000000014,0,66,0,,6015.0,110112.0,A,0.0,Basic
3661,1996-01-11,Monthly statement,50,Svitavy,east Bohemia,4414,M,65,20394.991666666665,28679.8,13554.2,0,54,0,,,,,,Basic
3442,1996-01-16,Monthly statement,4,Kladno,central Bohemia,4163,M,47,20385.475,22461.8,16968.0,0,62,0,,,,,,Basic
2730,1996-05-02,Monthly statement,23,Cheb,west Bohemia,3296,M,29,20374.958333333332,23942.6,17061.8,0,62,0,,,,,,Basic
2330,1993-01-19,Monthly statement,54,Brno - mesto,south Moravia,2818,M,35,20370.25833333333,22462.5,16593.1,0,70,0,,,,,,Basic
451,1994-05-05,Monthly statement,11,Praha - zapad,central Bohemia,543,F,40,20361.475000000002,16783.0,15567.400000000001,0,21,0,,,,,,Basic
2524,1994-12-19,Monthly statement,1,Hl.m. Praha,Prague,3046,F,73,20361.308333333334,25761.4,13998.900000000001,0,57,0,,,,,,Basic
3380,1993-12-10,Monthly statement,64,Zlin,south Moravia,4087,F,52,20360.05,27568.800000000003,13789.600000000002,0,54,0,,,,,,Basic
2011,1993-03-25,Monthly statement,75,Prerov,north Moravia,2443,M,49,20357.158333333333,23230.5,18270.8,0,84,0,,,,,,Basic
864,1997-07-08,Monthly statement,72,Olomouc,north Moravia,1041,M,37,20350.866666666665,30161.7,13502.9,0,68,0,,,,,,Basic
4071,1996-08-03,Monthly statement,64,Zlin,south Moravia,4906,F,22,20346.925,34674.0,14229.499999999996,0,61,0,,,,,,Basic
2059,1994-10-08,Monthly statement,37,Litomerice,north Bohemia,2498,M,18,20339.308333333334,36944.4,14719.000000000002,0,53,1,junior,,,,,Basic
1413,1995-06-07,Monthly statement,65,Znojmo,south Moravia,1713,M,63,20333.53333333333,33180.6,14003.099999999997,0,83,0,,,,,,Basic
2344,1996-07-02,Monthly statement,13,Rakovnik,central Bohemia,2832,M,71,20333.058333333334,27471.100000000002,13180.300000000001,0,70,0,,,,,,Basic
639,1997-11-03,Monthly statement,1,Hl.m. Praha,Prague,766,F,72,20316.941666666666,24194.6,13674.5,0,51,0,,,,,,Basic
1094,1996-07-10,Monthly statement,35,Jablonec n. Nisou,north Bohemia,1312,F,63,20289.258333333335,17663.0,15282.8,0,78,0,,,,,,Basic
352,1994-07-04,Monthly statement,39,Most,north Bohemia,430,M,78,20281.741666666665,19997.600000000002,16388.2,0,65,0,,,,,,Basic
2995,1996-12-14,Monthly statement,51,Trutnov,east Bohemia,3617,F,44,20258.583333333332,-5284.100000000003,-5284.100000000003,2,48,0,,,,,,Basic
1320,1996-11-18,Monthly statement,58,Jihlava,south Moravia,1596,F,20,20249.524999999998,38526.0,13258.199999999999,0,102,0,,,,,,Basic
3934,1997-12-23,Monthly statement,6,Kutna Hora,central Bohemia,4744,M,69,20237.591666666667,20833.8,7062.0,0,44,0,,,,,,Basic
2452,1997-07-14,Monthly statement,1,Hl.m. Praha,Prague,2960,M,70,20235.266666666666,22783.1,17744.6,0,58,0,,,,,,Basic
533,1995-05-07,Monthly statement,40,Teplice,north Bohemia,641,F,36,20230.391666666666,29352.4,13683.200000000003,0,69,0,,,,,,Basic
3419,1994-10-29,Monthly statement,1,Hl.m. Praha,Prague,4134,F,44,20229.1,16376.0,15190.4,0,96,0,,,,,,Basic
12,1997-04-15,Monthly statement,21,Tabor,south Bohemia,15,F,80,20227.125,26113.3,14678.8,0,72,0,,,,,,Basic
5661,1995-12-20,Monthly statement,53,Blansko,south Moravia,6844,F,27,20222.575000000008,12550.10000000001,-18141.099999999995,2,64,0,,,,,,Basic
2105,1996-03-09,Monthly statement,70,Karvina,north Moravia,2549,F,75,20221.274999999998,16291.699999999999,13604.4,0,63,0,,,,,,Basic
1608,1997-10-08,Monthly statement,26,Plzen - mesto,west Bohemia,1950,M,69,20220.675,21844.499999999996,14779.499999999998,0,54,0,,,,,,Basic
1054,1993-02-19,Monthly statement,10,Praha - vychod,central Bohemia,1266,F,46,20208.216666666664,24418.8,15281.899999999998,0,67,0,,,,,,Basic
989,1994-03-14,Monthly statement,19,Prachatice,south Bohemia,1193,M,72,20199.350000000002,18141.4,18088.7,0,74,0,,,,,,Basic
2667,1993-10-23,Monthly statement,23,Cheb,west Bohemia,3220,M,41,20190.441666666666,25343.1,14674.6,0,57,0,,,,,,Basic
79,1996-11-29,Monthly statement,3,Beroun,central Bohemia,93,M,73,20186.808333333334,21901.9,17434.0,0,57,0,,,,,,Basic
1236,1993-05-05,Monthly statement,19,Prachatice,south Bohemia,1491,M,16,20179.75833333333,15822.499999999998,14630.0,0,57,0,,,,,,Basic
3047,1993-02-17,Monthly statement,16,Jindrichuv Hradec,south Bohemia,3684,F,37,20174.266666666666,21989.3,16981.3,0,64,0,,,,,,Basic
3146,1993-10-26,Monthly statement,68,Frydek - Mistek,north Moravia,3805,M,56,20172.675,24120.6,15143.3,0,61,0,,,,,,Basic
3117,1993-02-24,Monthly statement,33,Decin,north Bohemia,3770,F,73,20165.133333333335,19910.5,15948.7,0,61,0,,,,,,Basic
2575,1997-04-13,Monthly statement,72,Olomouc,north Moravia,3106,F,70,20162.233333333334,24247.9,12748.800000000001,0,82,0,,,,,,Basic
61,1993-12-11,Monthly statement,70,Karvina,north Moravia,70,M,73,20154.858333333334,18423.4,15689.7,0,72,0,,,,,,Basic
1875,1993-08-21,Monthly statement,44,Chrudim,east Bohemia,2276,F,66,20153.341666666667,23615.8,15419.6,0,54,0,,,,,,Basic
331,1995-10-02,Monthly statement,65,Znojmo,south Moravia,405,F,64,20142.858333333334,15478.099999999999,14223.999999999998,0,65,0,,,,,,Basic
1691,1995-11-08,Monthly statement,48,Rychnov nad Kneznou,east Bohemia,2054,M,50,20141.56666666667,24090.0,17130.7,0,72,0,,,,,,Basic
951,1996-04-28,Monthly statement,3,Beroun,central Bohemia,1147,M,68,20125.408333333333,20298.0,16281.199999999999,0,62,0,,,,,,Basic
8341,1996-12-27,Monthly statement,64,Zlin,south Moravia,10303,M,36,20121.416666666675,27179.30000000001,-16084.099999999991,3,68,0,,,,,,Basic
1412,1993-05-18,Monthly statement,64,Zlin,south Moravia,1711,F,36,20119.35,31866.9,14941.8,0,89,0,,,,,,Basic
538,1994-06-07,Monthly statement,70,Karvina,north Moravia,648,F,63,20116.374999999996,24043.3,14819.699999999997,0,58,0,,,,,,Basic
313,1996-07-06,Monthly statement,73,Opava,north Moravia,381,F,21,20105.183333333334,25456.4,15768.4,0,59,0,,,,,,Basic
4186,1996-08-25,Monthly statement,1,Hl.m. Praha,Prague,5046,M,61,20104.791666666668,38839.5,14778.900000000001,0,70,0,,,,,,Basic
1601,1993-02-09,Monthly statement,10,Praha - vychod,central Bohemia,1941,F,77,20104.016666666666,17973.0,17618.2,0,59,0,,,,,,Basic
1481,1993-01-17,Monthly statement,15,Cesky Krumlov,south Bohemia,1794,F,58,20094.50833333333,19367.5,18543.6,0,64,0,,,,,,Basic
2475,1996-10-13,Monthly statement,17,Pelhrimov,south Bohemia,2989,F,49,20092.46666666667,23899.7,13318.200000000003,0,104,0,,,,,,Basic
1115,1993-03-27,Monthly statement,34,Chomutov,north Bohemia,1337,F,19,20088.408333333333,23802.7,15242.9,0,52,0,,,,,,Basic
3115,1996-03-27,Monthly statement,14,Ceske Budejovice,south Bohemia,3767,M,62,20081.43333333333,21995.999999999996,14133.499999999998,0,74,0,,5611.0,321180.0,C,0.0,Basic
2439,1996-08-13,Monthly statement,74,Ostrava - mesto,north Moravia,2945,M,77,20058.533333333333,20976.5,13763.2,0,67,0,,,,,,Basic
1322,1993-07-05,Monthly statement,17,Pelhrimov,south Bohemia,1598,M,73,20056.983333333334,22659.3,17123.6,0,70,0,,,,,,Basic
1310,1996-02-22,Monthly statement,1,Hl.m. Praha,Prague,1584,F,36,20050.908333333336,17236.700000000004,13289.800000000003,0,54,0,,,,,,Basic
833,1996-08-29,Monthly statement,31,Tachov,west Bohemia,1003,F,61,20045.916666666668,28327.4,12774.5,0,54,0,,,,,,Basic
889,1997-12-22,Monthly statement,43,Hradec Kralove,east Bohemia,1071,M,73,20044.283333333333,25156.8,5276.0,0,48,0,,,,,,Basic
894,1995-08-27,Monthly statement,46,Nachod,east Bohemia,1077,M,78,20040.541666666668,15965.2,11659.4,0,56,0,,,,,,Basic
912,1997-04-27,Monthly statement,65,Znojmo,south Moravia,1099,F,19,20021.083333333332,18702.5,16658.6,0,64,0,,,,,,Basic
1325,1996-08-08,Monthly statement,26,Plzen - mesto,west Bohemia,1603,M,30,20021.033333333333,21794.8,17818.0,0,68,0,,,,,,Basic
3625,1994-08-22,Monthly statement,3,Beroun,central Bohemia,4372,M,65,20019.625,17855.1,12827.699999999999,0,73,0,,,,,,Basic
77,1996-11-19,Monthly statement,63,Vyskov,south Moravia,91,M,58,20015.86666666667,19338.7,12682.800000000001,0,50,0,,,,,,Basic
646,1996-01-06,Monthly statement,51,Trutnov,east Bohemia,775,F,58,20005.783333333333,19444.1,14993.3,0,67,0,,,,,,Basic
3902,1995-08-08,Monthly statement,1,Hl.m. Praha,Prague,4705,M,43,20004.033333333333,18894.1,14256.9,0,79,0,,,,,,Basic
3284,1993-05-17,Monthly statement,64,Zlin,south Moravia,3975,F,44,19993.458333333332,23719.8,16332.699999999999,0,66,0,,,,,,Basic
1551,1997-06-18,Monthly statement,72,Olomouc,north Moravia,1881,M,64,19986.69166666667,24871.4,11622.1,0,79,0,,,,,,Basic
3610,1997-09-22,Monthly statement,1,Hl.m. Praha,Prague,4355,F,60,19976.508333333335,21488.0,16362.2,0,63,0,,,,,,Basic
3218,1993-11-14,Monthly statement,41,Usti nad Labem,north Bohemia,3892,M,19,19975.308333333334,21805.3,17743.4,0,73,0,,,,,,Basic
1083,1996-12-06,Monthly statement,45,Jicin,east Bohemia,1300,M,19,19972.791666666668,21784.8,14159.199999999999,0,103,0,,5172.0,50976.0,C,0.0,Basic
8680,1996-02-12,Monthly statement,17,Pelhrimov,south Bohemia,10702,M,60,19945.325000000008,23225.600000000006,16215.700000000006,0,94,0,,6751.0,85716.0,C,0.0,Basic
1495,1993-11-01,Monthly statement,36,Liberec,north Bohemia,1812,F,51,19939.11666666667,21265.2,15675.200000000003,0,76,1,gold,,,,,Basic
3977,1993-09-25,Monthly statement,7,Melnik,central Bohemia,4796,M,70,19936.69166666667,17363.100000000002,16259.1,0,54,0,,,,,,Basic
3394,1996-10-09,Monthly statement,23,Cheb,west Bohemia,4104,M,79,19935.158333333333,24355.0,13071.599999999999,0,79,0,,,,,,Basic
423,1993-03-28,Monthly statement,12,Pribram,central Bohemia,509,M,18,19929.68333333333,21518.2,17527.399999999998,0,59,0,,,,,,Basic
1901,1995-12-01,Monthly statement,15,Cesky Krumlov,south Bohemia,2309,F,22,19929.55,20681.800000000003,14552.900000000001,0,73,0,,,,,,Basic
597,1993-12-05,Monthly statement,41,Usti nad Labem,north Bohemia,715,F,46,19917.774999999998,18332.1,14931.499999999998,0,67,0,,,,,,Basic
5164,1997-05-13,Monthly statement,5,Kolin,central Bohemia,6235,M,58,19910.991666666665,18190.6,13416.599999999999,0,67,0,,6052.0,22356.0,C,0.0,Basic
1008,1996-10-05,Monthly statement,13,Rakovnik,central Bohemia,1212,F,71,19904.25833333333,19409.3,13790.5,0,67,0,,,,,,Basic
3031,1997-03-10,Monthly statement,51,Trutnov,east Bohemia,3661,M,66,19901.791666666668,21173.0,13260.199999999999,0,57,0,,,,,,Basic
2417,1993-08-20,Monthly statement,44,Chrudim,east Bohemia,2920,F,36,19898.5,19594.7,15337.300000000001,0,73,0,,,,,,Basic
2149,1996-08-11,Monthly statement,7,Melnik,central Bohemia,2600,F,75,19884.516666666666,17641.8,13553.5,0,60,0,,,,,,Basic
2715,1997-10-06,Monthly statement,42,Havlickuv Brod,east Bohemia,3277,M,32,19884.316666666666,24234.899999999998,14279.0,0,70,0,,,,,,Basic
75,1995-08-13,Monthly statement,1,Hl.m. Praha,Prague,89,F,47,19870.233333333334,25295.5,12520.9,0,65,0,,,,,,Basic
5290,1997-07-21,Monthly statement,34,Chomutov,north Bohemia,6391,M,46,19864.941666666662,17793.599999999995,2930.5999999999963,0,89,0,,,,,,Basic
1936,1995-07-18,Monthly statement,70,Karvina,north Moravia,2352,F,21,19851.625,23953.5,16206.7,0,60,0,,,,,,Basic
2965,1995-10-10,Monthly statement,6,Kutna Hora,central Bohemia,3580,F,69,19845.858333333334,25688.3,13533.3,0,57,0,,,,,,Basic
1616,1997-02-07,Monthly statement,22,Domazlice,west Bohemia,1960,M,52,19841.649999999998,27523.3,13433.1,0,62,0,,,,,,Basic
3202,1997-06-04,Monthly statement,8,Mlada Boleslav,central Bohemia,3872,M,68,19836.516666666666,19908.899999999998,15188.999999999998,0,77,0,,,,,,Basic
721,1993-08-29,Monthly statement,76,Sumperk,north Moravia,864,M,45,19835.25833333333,23661.399999999998,16658.3,0,60,0,,,,,,Basic
1437,1995-01-13,Monthly statement,50,Svitavy,east Bohemia,1744,F,29,19834.56666666667,22467.500000000004,17646.000000000004,0,92,0,,,,,,Basic
754,1995-06-08,Monthly statement,1,Hl.m. Praha,Prague,904,M,66,19817.383333333335,22085.3,12874.6,0,74,0,,,,,,Basic
7546,1994-09-03,Monthly statement,43,Hradec Kralove,east Bohemia,9346,M,26,19801.350000000002,17114.7,14070.0,0,102,0,,6535.0,41952.0,A,0.0,Basic
2322,1995-01-02,Monthly statement,33,Decin,north Bohemia,2809,M,19,19798.79166666667,16988.000000000004,3972.600000000003,0,93,0,,5445.0,46320.0,A,0.0,Basic
541,1993-08-12,Monthly statement,61,Trebic,south Moravia,652,M,60,19758.575,20178.9,15860.7,0,87,1,classic,,,,,Basic
3561,1997-10-15,Monthly statement,33,Decin,north Bohemia,4298,M,78,19757.058333333334,23364.7,12704.4,0,51,0,,,,,,Basic
123,1993-03-13,Monthly statement,21,Tabor,south Bohemia,147,F,65,19755.241666666665,23383.8,14413.0,0,59,0,,,,,,Basic
1887,1993-05-09,Monthly statement,68,Frydek - Mistek,north Moravia,2290,F,44,19752.125000000004,24791.000000000004,14588.500000000004,0,61,0,,,,,,Basic
3802,1996-04-18,Monthly statement,44,Chrudim,east Bohemia,4582,M,80,19750.899999999998,16711.3,16265.0,0,67,0,,,,,,Basic
1065,1993-03-27,Monthly statement,72,Olomouc,north Moravia,1278,M,20,19742.35833333334,20238.700000000004,15505.300000000005,0,53,0,,,,,,Basic
449,1994-11-22,Monthly statement,19,Prachatice,south Bohemia,540,M,77,19728.55,14879.999999999998,14081.999999999998,0,70,0,,,,,,Basic
2205,1996-04-13,Monthly statement,51,Trutnov,east Bohemia,2669,M,71,19724.233333333334,27806.0,13820.8,0,53,0,,,,,,Basic
2886,1994-04-08,Monthly statement,1,Hl.m. Praha,Prague,3488,M,43,19723.541666666668,16836.199999999997,13540.899999999998,0,66,0,,,,,,Basic
1628,1993-01-10,Monthly statement,60,Prostejov,south Moravia,1973,F,67,19723.25,19838.2,16553.2,0,55,0,,,,,,Basic
629,1994-07-25,Monthly statement,31,Tachov,west Bohemia,756,M,78,19708.583333333332,27163.1,14958.199999999999,0,75,0,,,,,,Basic
5423,1993-05-02,Monthly statement,15,Cesky Krumlov,south Bohemia,6546,F,35,19678.199999999997,14004.999999999996,9266.799999999996,0,78,0,,,,,,Basic
790,1993-05-11,Monthly statement,54,Brno - mesto,south Moravia,946,M,47,19674.833333333314,29047.69999999998,6729.999999999981,0,61,1,classic,5126.0,208128.0,B,1.0,Basic
1048,1993-05-05,Monthly statement,35,Jablonec n. Nisou,north Bohemia,1257,F,70,19671.31666666667,16963.4,15425.1,0,60,0,,,,,,Basic
616,1993-10-14,Monthly statement,43,Hradec Kralove,east Bohemia,740,M,75,19667.766666666666,28890.800000000003,13601.500000000002,0,65,0,,,,,,Basic
152,1996-04-12,Monthly statement,1,Hl.m. Praha,Prague,183,F,20,19633.841666666667,18634.2,11985.7,0,74,0,,,,,,Basic
2358,1995-09-13,Monthly statement,7,Melnik,central Bohemia,2850,M,28,19632.25,22201.5,14254.6,0,54,0,,,,,,Basic
3716,1997-04-14,Monthly statement,1,Hl.m. Praha,Prague,4481,M,23,19625.0,18400.0,14800.0,0,12,0,,,,,,Basic
3062,1997-08-15,Monthly statement,17,Pelhrimov,south Bohemia,3703,M,67,19623.725000000002,20562.2,13124.1,0,52,0,,,,,,Basic
3551,1993-10-17,Monthly statement,6,Kutna Hora,central Bohemia,4286,F,33,19618.066666666666,18297.6,14531.4,0,85,0,,,,,,Basic
2696,1997-01-19,Monthly statement,1,Hl.m. Praha,Prague,3254,M,68,19612.791666666668,21092.5,13378.6,0,59,0,,,,,,Basic
2607,1997-08-19,Monthly statement,1,Hl.m. Praha,Prague,3146,M,50,19608.141666666666,20606.8,14568.6,0,98,0,,,,,,Basic
3691,1993-02-19,Monthly statement,50,Svitavy,east Bohemia,4451,F,71,19607.341666666664,26219.899999999998,14467.4,0,56,0,,,,,,Basic
3268,1993-09-20,Monthly statement,21,Tabor,south Bohemia,3956,F,23,19595.466666666667,23205.9,14699.5,0,84,0,,,,,,Basic
2017,1996-02-21,Monthly statement,54,Brno - mesto,south Moravia,2450,F,23,19585.916666666668,13974.500000000002,13578.300000000003,0,86,0,,,,,,Basic
8169,1995-11-28,Monthly statement,29,Rokycany,west Bohemia,10090,F,18,19580.850000000002,30328.800000000003,13738.100000000002,0,88,0,,6677.0,97980.0,C,0.0,Basic
2569,1994-06-10,Monthly statement,2,Benesov,central Bohemia,3100,M,67,19578.091666666667,22569.800000000003,16819.0,0,80,0,,,,,,Basic
8742,1997-01-28,Monthly statement,70,Karvina,north Moravia,10777,F,18,19559.708333333332,22008.899999999998,15949.4,0,121,0,,6758.0,33144.0,A,0.0,Basic
2691,1993-09-08,Monthly statement,69,Jesenik,north Moravia,3247,F,40,19556.533333333333,12198.199999999999,12198.199999999999,0,17,0,,,,,,Basic
2255,1995-10-14,Monthly statement,52,Usti nad Orlici,east Bohemia,2730,M,51,19543.216666666667,22652.5,16647.8,0,62,0,,,,,,Basic
421,1997-11-27,Monthly statement,75,Prerov,north Moravia,507,M,44,19533.741666666665,20743.3,12962.199999999999,0,52,0,,,,,,Basic
3264,1993-10-23,Monthly statement,70,Karvina,north Moravia,3950,M,74,19526.825,27833.2,13350.2,0,64,0,,,,,,Basic
2900,1997-05-14,Monthly statement,20,Strakonice,south Bohemia,3505,M,21,19469.725,11762.3,11762.3,0,11,0,,,,,,Basic
3191,1996-09-17,Monthly statement,72,Olomouc,north Moravia,3857,F,46,19458.083333333336,18491.7,15325.800000000003,0,83,0,,,,,,Basic
927,1997-04-12,Monthly statement,69,Jesenik,north Moravia,1116,F,25,19427.458333333336,24754.300000000003,13310.200000000003,0,74,0,,,,,,Basic
2508,1993-03-14,Monthly statement,34,Chomutov,north Bohemia,3028,F,66,19419.0,16875.699999999997,15439.499999999998,0,58,0,,,,,,Basic
3282,1996-11-24,Monthly statement,1,Hl.m. Praha,Prague,3973,F,16,19407.216666666667,60279.0,11931.7,0,67,0,,,,,,Basic
2364,1995-05-03,Monthly statement,33,Decin,north Bohemia,2857,M,71,19383.441666666666,21102.0,14866.499999999998,0,65,0,,,,,,Basic
3825,1993-12-14,Monthly statement,7,Melnik,central Bohemia,4609,F,22,19375.925,21396.3,14220.499999999998,0,30,0,,,,,,Basic
2473,1996-02-16,Monthly statement,14,Ceske Budejovice,south Bohemia,2986,M,46,19373.625,22547.7,15876.1,0,73,0,,,,,,Basic
2736,1993-07-02,Monthly statement,72,Olomouc,north Moravia,3302,F,34,19371.250000000004,29332.2,13475.300000000001,0,65,0,,,,,,Basic
3304,1997-01-16,Monthly statement,36,Liberec,north Bohemia,3996,F,51,19367.658333333336,14294.7,10794.800000000001,0,71,0,,,,,,Basic
5126,1995-04-03,Monthly statement,58,Jihlava,south Moravia,6185,F,50,19366.358333333334,21360.0,13366.900000000001,0,79,0,,6043.0,20352.0,C,0.0,Basic
2823,1993-04-18,Monthly statement,57,Hodonin,south Moravia,3412,M,23,19357.024999999998,17408.0,16567.7,0,64,0,,,,,,Basic
2387,1996-06-22,Monthly statement,70,Karvina,north Moravia,2882,M,67,19348.55833333333,24468.6,13543.5,0,55,0,,,,,,Basic
3101,1994-02-27,Monthly statement,1,Hl.m. Praha,Prague,3750,M,60,19346.825,20933.1,16702.5,0,60,0,,,,,,Basic
2949,1994-10-21,Monthly statement,1,Hl.m. Praha,Prague,3562,M,67,19335.125000000004,15553.2,15553.2,0,84,0,,,,,,Basic
550,1997-10-17,Monthly statement,24,Karlovy Vary,west Bohemia,663,M,75,19331.625,18282.6,12235.699999999999,0,66,0,,,,,,Basic
3775,1993-06-27,Monthly statement,19,Prachatice,south Bohemia,4551,M,74,19323.841666666667,19742.3,15426.0,0,65,0,,,,,,Basic
821,1996-03-16,Monthly statement,60,Prostejov,south Moravia,987,M,46,19316.483333333334,21170.7,16177.1,0,86,0,,,,,,Basic
959,1996-02-23,Monthly statement,1,Hl.m. Praha,Prague,1156,F,65,19301.925000000003,24145.100000000002,14407.2,0,67,0,,,,,,Basic
789,1995-02-06,Monthly statement,39,Most,north Bohemia,944,M,28,19298.908333333333,20756.7,15438.199999999999,0,74,0,,5125.0,73056.0,C,0.0,Basic
2082,1993-09-03,Monthly statement,36,Liberec,north Bohemia,2525,F,46,19278.09999999999,19540.599999999995,3268.2999999999925,0,64,0,,,,,,Basic
3155,1996-08-29,Monthly statement,28,Plzen - sever,west Bohemia,3815,F,29,19266.44166666667,35510.4,13686.800000000001,0,69,0,,,,,,Basic
4287,1993-10-17,Monthly statement,1,Hl.m. Praha,Prague,5164,M,27,19238.591666666664,15787.899999999998,15787.899999999998,0,57,0,,,,,,Basic
2016,1997-02-23,Monthly statement,1,Hl.m. Praha,Prague,2449,M,31,19235.933333333334,17749.8,13151.2,0,96,0,,,,,,Basic
808,1995-06-13,Monthly statement,69,Jesenik,north Moravia,968,M,41,19225.30833333333,30105.9,10023.3,0,79,0,,5128.0,215616.0,D,1.0,Basic
10018,1995-07-23,Monthly statement,8,Mlada Boleslav,central Bohemia,12324,M,20,19216.916666666668,28283.1,12547.7,0,101,0,,,,,,Basic
476,1997-04-11,Monthly statement,69,Jesenik,north Moravia,573,M,31,19208.333333333332,24000.0,16200.0,0,12,0,,,,,,Basic
632,1996-05-14,Monthly statement,29,Rokycany,west Bohemia,759,M,43,19204.941666666666,21046.9,16566.0,0,85,0,,,,,,Basic
2869,1996-09-27,Monthly statement,68,Frydek - Mistek,north Moravia,3468,F,65,19203.774999999998,14638.300000000001,12583.300000000001,0,67,0,,,,,,Basic
153,1993-09-19,Monthly statement,77,Vsetin,north Moravia,185,M,44,19193.758333333335,22687.600000000002,14344.500000000004,0,59,0,,,,,,Basic
44,1993-05-10,Monthly statement,32,Ceska Lipa,north Bohemia,52,M,74,19183.808333333334,23843.0,15194.3,0,59,0,,,,,,Basic
3748,1993-07-10,Monthly statement,1,Hl.m. Praha,Prague,4521,M,55,19171.85,16591.899999999998,16591.899999999998,0,74,0,,,,,,Basic
4093,1993-03-25,Monthly statement,1,Hl.m. Praha,Prague,4930,M,17,19165.958333333325,18853.199999999993,15773.299999999994,0,48,0,,,,,,Basic
1403,1995-11-02,Monthly statement,17,Pelhrimov,south Bohemia,1699,M,43,19165.341666666664,25214.5,14655.099999999999,0,65,0,,,,,,Basic
1670,1996-01-02,Monthly statement,12,Pribram,central Bohemia,2027,M,68,19164.258333333335,24321.9,13429.900000000001,0,65,0,,,,,,Basic
9731,1994-12-01,Statement after transaction,54,Brno - mesto,south Moravia,11978,M,27,19137.516666666674,18841.200000000008,13499.400000000007,0,85,0,,6985.0,113796.0,A,0.0,Basic
2520,1995-07-25,Monthly statement,18,Pisek,south Bohemia,3042,F,30,19119.291666666664,20850.8,15116.399999999998,0,55,0,,,,,,Basic
1926,1993-01-06,Monthly statement,37,Litomerice,north Bohemia,2338,F,41,19107.141666666666,22197.7,14099.4,0,65,0,,,,,,Basic
2761,1996-12-26,Monthly statement,1,Hl.m. Praha,Prague,3334,M,31,19095.858333333334,37297.5,11607.3,0,65,0,,,,,,Basic
693,1994-06-06,Monthly statement,2,Benesov,central Bohemia,831,M,50,19072.149999999998,18207.1,14753.0,0,62,0,,,,,,Basic
1477,1993-02-08,Monthly statement,1,Hl.m. Praha,Prague,1790,M,45,19041.591666666667,21718.9,14703.9,0,58,0,,,,,,Basic
3721,1996-02-21,Monthly statement,22,Domazlice,west Bohemia,4487,M,24,19036.791666666668,19813.7,15136.8,0,77,0,,,,,,Basic
1271,1996-06-18,Monthly statement,17,Pelhrimov,south Bohemia,1534,F,46,19029.483333333334,19869.6,13075.8,0,68,0,,,,,,Basic
1021,1996-11-17,Monthly statement,42,Havlickuv Brod,east Bohemia,1225,M,52,19029.258333333335,24409.5,13007.6,0,55,0,,,,,,Basic
1713,1993-03-03,Monthly statement,43,Hradec Kralove,east Bohemia,2078,F,20,19029.19999999999,17338.89999999999,15905.59999999999,0,49,0,,,,,,Basic
2893,1996-02-08,Monthly statement,39,Most,north Bohemia,3497,F,28,19005.058333333334,21735.5,15555.1,0,74,0,,,,,,Basic
2307,1995-07-12,Monthly statement,60,Prostejov,south Moravia,2791,M,77,18986.508333333335,22917.4,14889.900000000001,0,70,0,,,,,,Basic
3844,1993-05-23,Monthly statement,67,Bruntal,north Moravia,4634,F,58,18957.516666666666,20134.4,17131.5,0,61,0,,,,,,Basic
1234,1993-09-13,Monthly statement,6,Kutna Hora,central Bohemia,1489,M,70,18943.166666666668,25592.1,13192.5,0,58,0,,,,,,Basic
1624,1996-04-22,Monthly statement,53,Blansko,south Moravia,1969,F,72,18942.741666666665,14991.5,14167.199999999999,0,77,0,,,,,,Basic
822,1996-10-04,Monthly statement,40,Teplice,north Bohemia,988,F,59,18933.649999999998,30772.0,11508.599999999999,0,57,0,,,,,,Basic
2923,1995-01-10,Monthly statement,43,Hradec Kralove,east Bohemia,3531,M,78,18901.391666666666,15251.2,15251.2,0,63,0,,,,,,Basic
1717,1997-12-02,Monthly statement,67,Bruntal,north Moravia,2082,M,65,18892.841666666667,23916.300000000003,12089.400000000001,0,49,0,,,,,,Basic
10049,1996-03-28,Monthly statement,17,Pelhrimov,south Bohemia,12358,M,55,18892.40833333333,14448.999999999998,13117.699999999999,0,92,0,,7046.0,91632.0,A,0.0,Basic
1013,1996-05-13,Monthly statement,59,Kromeriz,south Moravia,1217,M,61,18882.649999999998,23280.1,13110.300000000001,0,56,0,,,,,,Basic
732,1996-06-07,Monthly statement,38,Louny,north Bohemia,879,F,55,18873.291666666668,37772.5,13686.9,0,65,0,,,,,,Basic
4156,1997-06-27,Monthly statement,42,Havlickuv Brod,east Bohemia,5010,F,48,18871.175,26043.600000000002,-372.8999999999983,1,55,0,,,,,,Basic
4418,1994-02-09,Monthly statement,66,Zdar nad Sazavou,south Moravia,5325,F,28,18863.325,29116.5,15402.000000000002,0,95,0,,,,,,Basic
557,1995-11-26,Monthly statement,1,Hl.m. Praha,Prague,670,M,39,18857.283333333336,19494.7,15845.400000000001,0,60,0,,,,,,Basic
3943,1996-03-06,Monthly statement,71,Novy Jicin,north Moravia,4755,F,44,18856.708333333332,18432.3,14964.7,0,61,0,,,,,,Basic
1593,1996-08-22,Monthly statement,16,Jindrichuv Hradec,south Bohemia,1931,F,56,18856.308333333334,24046.9,13008.2,0,55,0,,,,,,Basic
3644,1993-04-13,Monthly statement,38,Louny,north Bohemia,4394,F,23,18851.483333333334,21320.899999999998,16758.399999999998,0,59,0,,,,,,Basic
484,1995-01-20,Monthly statement,1,Hl.m. Praha,Prague,582,M,48,18840.600000000002,24454.100000000002,14712.300000000001,0,103,0,,,,,,Basic
2290,1996-10-22,Monthly statement,37,Litomerice,north Bohemia,2771,M,78,18835.641666666666,13537.399999999998,13459.599999999999,0,67,0,,,,,,Basic
1376,1995-09-20,Monthly statement,64,Zlin,south Moravia,1664,F,80,18834.583333333332,23256.7,14308.0,0,56,0,,,,,,Basic
2404,1997-06-05,Monthly statement,8,Mlada Boleslav,central Bohemia,2902,F,39,18819.891666666666,14724.700000000003,11886.500000000002,0,71,0,,,,,,Basic
900,1994-04-26,Monthly statement,48,Rychnov nad Kneznou,east Bohemia,1083,M,61,18815.258333333335,22847.600000000002,14609.1,0,59,0,,,,,,Basic
229,1997-06-07,Monthly statement,1,Hl.m. Praha,Prague,275,F,80,18809.541666666668,24212.5,14086.800000000001,0,66,0,,,,,,Basic
1451,1993-06-24,Monthly statement,64,Zlin,south Moravia,1760,M,75,18796.100000000002,21821.7,14581.100000000002,0,59,0,,,,,,Basic
2231,1997-10-14,Monthly statement,2,Benesov,central Bohemia,2703,F,25,18786.825,22596.600000000002,12630.1,0,67,0,,,,,,Basic
1117,1996-08-29,Monthly statement,68,Frydek - Mistek,north Moravia,1340,F,59,18786.416666666668,20614.100000000002,13407.400000000001,0,74,0,,,,,,Basic
2717,1996-07-25,Monthly statement,74,Ostrava - mesto,north Moravia,3281,M,48,18771.791666666668,21196.4,14639.2,0,63,0,,,,,,Basic
2438,1997-11-16,Monthly statement,71,Novy Jicin,north Moravia,2944,F,55,18770.016666666666,22421.7,10890.7,0,57,0,,,,,,Basic
3211,1997-06-09,Monthly statement,72,Olomouc,north Moravia,3884,M,35,18766.641666666666,21289.8,14254.3,0,60,0,,,,,,Basic
416,1996-08-11,Monthly statement,6,Kutna Hora,central Bohemia,502,M,79,18765.183333333334,24770.5,12869.8,0,78,0,,,,,,Basic
961,1997-10-18,Monthly statement,1,Hl.m. Praha,Prague,1158,F,44,18763.100000000002,25239.300000000003,10551.000000000002,0,55,0,,,,,,Basic
3483,1993-10-12,Monthly statement,40,Teplice,north Bohemia,4210,M,19,18762.475000000002,19452.2,16327.1,0,62,0,,,,,,Basic
1548,1995-01-27,Monthly statement,47,Pardubice,east Bohemia,1877,F,41,18751.741666666665,22113.8,16486.3,0,55,0,,,,,,Basic
2502,1996-10-21,Monthly statement,32,Ceska Lipa,north Bohemia,3020,F,56,18735.100000000002,26379.0,11620.7,0,53,0,,,,,,Basic
571,1996-07-16,Monthly statement,72,Olomouc,north Moravia,685,F,68,18734.191666666666,25574.899999999998,13427.5,0,58,0,,,,,,Basic
4476,1994-11-10,Monthly statement,24,Karlovy Vary,west Bohemia,5399,F,26,18731.733333333334,24909.7,15252.9,0,101,0,,5897.0,15192.0,A,0.0,Basic
7523,1994-08-29,Monthly statement,63,Vyskov,south Moravia,9316,F,40,18714.858333333337,33509.700000000004,8588.300000000003,0,80,0,,6526.0,288468.0,A,0.0,Basic
3222,1993-07-21,Monthly statement,4,Kladno,central Bohemia,3897,F,47,18707.966666666664,20495.7,16696.899999999998,0,83,0,,,,,,Basic
936,1996-03-02,Monthly statement,7,Melnik,central Bohemia,1128,M,68,18705.774999999998,22884.8,13548.0,0,69,0,,,,,,Basic
249,1996-12-03,Monthly statement,28,Plzen - sever,west Bohemia,301,M,56,18683.916666666668,19939.8,12317.999999999998,0,82,0,,,,,,Basic
3079,1996-02-26,Monthly statement,18,Pisek,south Bohemia,3723,M,30,18677.483333333334,19307.3,15612.7,0,68,0,,,,,,Basic
2485,1997-08-18,Monthly statement,41,Usti nad Labem,north Bohemia,3000,F,70,18676.941666666666,25594.1,12186.0,0,55,0,,,,,,Basic
1821,1995-04-07,Monthly statement,70,Karvina,north Moravia,2207,F,37,18654.524999999998,30636.3,14023.5,0,61,0,,,,,,Basic
929,1993-07-03,Monthly statement,54,Brno - mesto,south Moravia,1119,F,18,18650.99166666667,30024.100000000002,14405.300000000001,0,58,0,,,,,,Basic
3773,1997-05-04,Monthly statement,10,Praha - vychod,central Bohemia,4549,F,78,18637.25,23320.2,11379.0,0,62,0,,,,,,Basic
358,1993-12-09,Monthly statement,12,Pribram,central Bohemia,436,M,43,18632.166666666668,20546.0,13921.199999999999,0,90,0,,,,,,Basic
389,1993-08-28,Monthly statement,30,Sokolov,west Bohemia,470,F,44,18631.88333333333,21078.6,15416.199999999999,0,75,0,,,,,,Basic
2148,1995-09-22,Monthly statement,1,Hl.m. Praha,Prague,2599,M,52,18629.166666666668,22557.8,12674.6,0,73,0,,,,,,Basic
803,1995-09-09,Monthly statement,19,Prachatice,south Bohemia,962,M,32,18624.25833333335,12798.700000000023,-14628.099999999984,3,61,0,,,,,,Basic
3080,1995-10-29,Monthly statement,57,Hodonin,south Moravia,3724,F,73,18621.75,24239.8,14232.099999999999,0,61,0,,,,,,Basic
301,1995-09-10,Monthly statement,60,Prostejov,south Moravia,367,F,35,18619.408333333336,22140.4,15264.900000000001,0,60,0,,,,,,Basic
2616,1993-08-17,Monthly statement,1,Hl.m. Praha,Prague,3157,F,56,18610.91666666667,20104.000000000004,14610.900000000003,0,69,0,,,,,,Basic
238,1993-08-15,Monthly statement,6,Kutna Hora,central Bohemia,288,M,36,18603.833333333332,18988.2,14882.1,0,64,0,,,,,,Basic
359,1994-12-11,Monthly statement,11,Praha - zapad,central Bohemia,437,F,78,18603.291666666668,24504.4,13861.300000000001,0,53,0,,,,,,Basic
542,1993-11-01,Monthly statement,1,Hl.m. Praha,Prague,653,F,68,18589.575,18331.3,16019.4,0,55,0,,,,,,Basic
419,1993-10-25,Monthly statement,13,Rakovnik,central Bohemia,505,M,21,18583.524999999998,26548.0,8933.499999999998,0,60,0,,,,,,Basic
1881,1997-08-17,Monthly statement,60,Prostejov,south Moravia,2282,M,25,18550.766666666666,26759.9,11559.300000000001,0,75,0,,,,,,Basic
1933,1997-04-04,Monthly statement,35,Jablonec n. Nisou,north Bohemia,2348,M,65,18533.225,15677.599999999999,14725.999999999998,0,64,0,,,,,,Basic
1517,1996-08-24,Monthly statement,5,Kolin,central Bohemia,1839,F,62,18530.44166666667,16019.300000000001,14199.300000000001,0,61,0,,,,,,Basic
3433,1997-07-07,Monthly statement,73,Opava,north Moravia,4151,F,72,18528.833333333332,22712.7,12912.2,0,59,0,,,,,,Basic
674,1995-09-02,Monthly statement,49,Semily,east Bohemia,809,M,79,18523.75833333333,17011.8,15525.399999999998,0,69,0,,,,,,Basic
151,1993-09-06,Monthly statement,76,Sumperk,north Moravia,181,M,31,18522.041666666664,24334.6,12116.899999999998,0,69,0,,,,,,Basic
1216,1996-03-01,Monthly statement,77,Vsetin,north Moravia,1468,F,58,18519.466666666664,21111.3,13188.8,0,62,0,,,,,,Basic
3214,1997-05-10,Monthly statement,67,Bruntal,north Moravia,3887,M,78,18516.524999999998,19761.6,15588.3,0,55,0,,,,,,Basic
664,1996-12-08,Monthly statement,1,Hl.m. Praha,Prague,796,M,79,18509.583333333332,22556.1,15121.2,0,72,0,,,,,,Basic
2061,1993-05-12,Monthly statement,24,Karlovy Vary,west Bohemia,2500,F,52,18508.608333333334,21281.899999999998,16188.699999999999,0,76,0,,,,,,Basic
1141,1997-02-16,Monthly statement,28,Plzen - sever,west Bohemia,1372,F,22,18478.333333333336,15090.300000000001,15090.300000000001,0,92,0,,,,,,Basic
1995,1997-07-18,Monthly statement,54,Brno - mesto,south Moravia,2424,M,78,18478.25,23809.5,13025.2,0,63,0,,,,,,Basic
2275,1996-09-16,Monthly statement,1,Hl.m. Praha,Prague,2755,F,28,18467.616666666665,44354.6,7037.8,0,58,0,,,,,,Basic
10361,1996-06-21,Monthly statement,21,Tabor,south Bohemia,12750,F,58,18460.15833333333,13413.999999999995,6931.399999999994,0,62,1,classic,7119.0,86880.0,A,0.0,Basic
3320,1995-12-01,Monthly statement,1,Hl.m. Praha,Prague,4013,F,47,18451.475,21147.899999999998,15680.9,0,61,0,,,,,,Basic
736,1997-12-07,Monthly statement,75,Prerov,north Moravia,883,F,78,18435.75,23074.4,8591.9,0,44,0,,,,,,Basic
1631,1996-09-27,Monthly statement,10,Praha - vychod,central Bohemia,1977,F,63,18432.283333333333,22491.0,12886.2,0,53,0,,,,,,Basic
2719,1996-02-08,Monthly statement,10,Praha - vychod,central Bohemia,3283,M,65,18429.333333333332,18067.0,14820.299999999997,0,63,0,,,,,,Basic
3532,1995-07-18,Monthly statement,73,Opava,north Moravia,4263,F,26,18423.13333333333,25056.399999999998,6987.099999999998,0,59,0,,,,,,Basic
2147,1996-07-10,Monthly statement,28,Plzen - sever,west Bohemia,2597,F,29,18421.091666666667,22884.5,12662.8,0,52,0,,,,,,Basic
102,1993-10-16,Monthly statement,11,Praha - zapad,central Bohemia,123,M,29,18419.850000000002,49993.6,297.2000000000001,0,75,0,,,,,,Basic
514,1996-03-30,Monthly statement,70,Karvina,north Moravia,617,M,24,18419.81666666667,34083.5,13207.400000000001,0,57,0,,,,,,Basic
1558,1996-10-06,Monthly statement,32,Ceska Lipa,north Bohemia,1889,F,41,18410.458333333332,24190.899999999998,13490.599999999999,0,81,0,,,,,,Basic
1570,1994-03-12,Monthly statement,1,Hl.m. Praha,Prague,1903,F,59,18408.975000000002,20463.8,15453.4,0,59,0,,,,,,Basic
4088,1996-03-01,Monthly statement,45,Jicin,east Bohemia,4925,M,47,18393.249999999996,14924.699999999995,6212.199999999997,0,82,0,,,,,,Basic
117,1993-09-05,Monthly statement,31,Tachov,west Bohemia,141,M,73,18393.208333333332,16679.8,16088.999999999998,0,63,0,,,,,,Basic
2833,1995-08-30,Monthly statement,64,Zlin,south Moravia,3424,M,80,18384.041666666668,21349.5,14821.199999999999,0,52,0,,,,,,Basic
1979,1993-01-11,Monthly statement,26,Plzen - mesto,west Bohemia,2404,F,21,18377.941666666666,19783.7,16469.899999999998,0,62,0,,,,,,Basic
3027,1996-04-29,Monthly statement,62,Uherske Hradiste,south Moravia,3656,F,73,18372.0,24207.2,13744.6,0,57,0,,,,,,Basic
3029,1996-12-24,Monthly statement,42,Havlickuv Brod,east Bohemia,3659,F,68,18367.358333333334,26734.5,3807.000000000001,0,65,0,,,,,,Basic
2349,1996-09-11,Monthly statement,72,Olomouc,north Moravia,2839,F,70,18364.425,13627.800000000001,13627.800000000001,0,58,0,,,,,,Basic
1277,1993-06-20,Monthly statement,31,Tachov,west Bohemia,1542,M,79,18353.600000000002,16133.4,14976.1,0,61,0,,,,,,Basic
7099,1996-08-20,Monthly statement,1,Hl.m. Praha,Prague,8568,F,27,18348.383333333335,19213.3,3884.1000000000013,0,100,0,,6450.0,234336.0,C,0.0,Basic
996,1997-08-18,Monthly statement,47,Pardubice,east Bohemia,1200,F,67,18331.691666666666,19563.3,14873.5,0,71,0,,,,,,Basic
2636,1996-11-26,Monthly statement,18,Pisek,south Bohemia,3182,F,73,18330.100000000002,20364.7,13479.2,0,55,0,,,,,,Basic
2837,1996-06-02,Monthly statement,46,Nachod,east Bohemia,3429,M,57,18329.95,23351.100000000002,15407.400000000003,0,62,0,,,,,,Basic
3698,1996-03-03,Monthly statement,1,Hl.m. Praha,Prague,4459,F,36,18329.025,22344.4,12550.7,0,23,0,,,,,,Basic
939,1994-10-04,Monthly statement,55,Brno - venkov,south Moravia,1131,F,51,18325.100000000002,21174.5,15296.300000000001,0,62,0,,,,,,Basic
4258,1995-08-26,Monthly statement,51,Trutnov,east Bohemia,5132,M,31,18323.850000000002,19313.3,17322.100000000002,0,32,1,classic,,,,,Basic
710,1994-09-02,Monthly statement,25,Klatovy,west Bohemia,851,M,79,18302.84166666667,25247.300000000003,12608.100000000002,0,51,0,,,,,,Basic
343,1994-04-26,Monthly statement,18,Pisek,south Bohemia,420,M,20,18302.3,18456.5,15403.300000000001,0,73,0,,,,,,Basic
2492,1997-09-01,Monthly statement,73,Opava,north Moravia,3008,M,79,18296.016666666666,16195.5,13875.9,0,76,0,,,,,,Basic
1288,1993-11-27,Monthly statement,11,Praha - zapad,central Bohemia,1558,F,71,18292.683333333334,24338.7,14261.1,0,62,0,,,,,,Basic
3504,1996-08-30,Monthly statement,70,Karvina,north Moravia,4232,M,27,18291.608333333334,15718.7,13797.800000000001,0,56,0,,,,,,Basic
2955,1996-09-27,Monthly statement,67,Bruntal,north Moravia,3569,M,65,18283.458333333332,23075.3,14866.9,0,61,0,,,,,,Basic
671,1997-10-29,Monthly statement,60,Prostejov,south Moravia,806,M,18,18282.56666666667,12234.7,11193.400000000001,0,50,0,,,,,,Basic
1697,1997-05-17,Monthly statement,63,Vyskov,south Moravia,2061,M,45,18279.3,16945.8,15590.5,0,85,0,,,,,,Basic
2755,1995-01-26,Monthly statement,20,Strakonice,south Bohemia,3327,F,61,18256.116666666665,16722.2,14419.6,0,69,0,,,,,,Basic
207,1993-07-25,Monthly statement,2,Benesov,central Bohemia,250,F,19,18248.683333333334,26092.5,13057.8,0,85,0,,,,,,Basic
3613,1993-08-10,Monthly statement,43,Hradec Kralove,east Bohemia,4359,M,48,18225.225000000002,15004.900000000001,14480.100000000002,0,76,0,,,,,,Basic
1908,1994-09-13,Monthly statement,20,Strakonice,south Bohemia,2318,F,75,18222.916666666668,19182.8,13645.499999999998,0,56,0,,,,,,Basic
1617,1993-06-01,Monthly statement,45,Jicin,east Bohemia,1961,F,78,18222.31666666667,18063.100000000002,11434.300000000001,0,55,0,,,,,,Basic
2006,1997-06-16,Monthly statement,25,Klatovy,west Bohemia,2436,F,64,18219.733333333334,24672.5,12514.5,0,73,0,,,,,,Basic
3017,1994-08-12,Monthly statement,75,Prerov,north Moravia,3644,M,47,18217.766666666666,32446.8,14144.2,0,103,0,,,,,,Basic
3515,1996-06-16,Monthly statement,68,Frydek - Mistek,north Moravia,4244,F,76,18207.866666666665,15560.9,13689.199999999999,0,53,0,,,,,,Basic
791,1995-12-14,Monthly statement,49,Semily,east Bohemia,948,M,74,18202.774999999998,24633.1,13536.4,0,58,0,,,,,,Basic
323,1997-02-23,Monthly statement,52,Usti nad Orlici,east Bohemia,394,F,74,18186.15,19757.0,12807.7,0,67,0,,,,,,Basic
2341,1995-11-25,Monthly statement,33,Decin,north Bohemia,2829,F,59,18185.683333333334,20453.5,14295.5,0,71,0,,,,,,Basic
3843,1996-10-02,Monthly statement,62,Uherske Hradiste,south Moravia,4633,F,18,18178.08333333334,33939.30000000001,10709.000000000005,0,50,0,,,,,,Basic
806,1996-10-29,Monthly statement,13,Rakovnik,central Bohemia,965,F,26,18177.141666666666,19211.9,13772.4,0,60,0,,,,,,Basic
887,1993-05-05,Monthly statement,1,Hl.m. Praha,Prague,1068,F,72,18174.575,17146.600000000002,15742.7,0,54,0,,,,,,Basic
2075,1996-01-01,Monthly statement,33,Decin,north Bohemia,2516,F,56,18173.475000000002,19826.4,15509.4,0,86,0,,,,,,Basic
3246,1993-06-14,Monthly statement,54,Brno - mesto,south Moravia,3926,M,26,18166.11666666667,14082.100000000002,13911.900000000003,0,67,0,,,,,,Basic
3652,1997-03-02,Monthly statement,36,Liberec,north Bohemia,4403,F,60,18164.508333333335,21232.5,12745.8,0,65,0,,,,,,Basic
3188,1997-02-20,Monthly statement,24,Karlovy Vary,west Bohemia,3854,M,39,18164.358333333334,17399.1,13795.9,0,68,0,,,,,,Basic
2128,1993-12-10,Monthly statement,22,Domazlice,west Bohemia,2574,F,66,18162.53333333333,18519.1,15639.399999999998,0,61,0,,,,,,Basic
1704,1995-09-22,Monthly statement,70,Karvina,north Moravia,2069,F,75,18156.341666666667,18973.7,12529.6,0,61,0,,,,,,Basic
2024,1997-03-02,Monthly statement,20,Strakonice,south Bohemia,2459,F,24,18155.975000000002,23145.100000000002,12717.000000000002,0,65,0,,,,,,Basic
3924,1996-02-24,Monthly statement,70,Karvina,north Moravia,4732,M,80,18150.641666666666,24388.399999999998,13720.699999999999,0,56,0,,,,,,Basic
1474,1996-09-14,Monthly statement,63,Vyskov,south Moravia,1786,F,64,18144.016666666666,20860.399999999998,13049.1,0,59,0,,,,,,Basic
7101,1996-07-06,Monthly statement,54,Brno - mesto,south Moravia,8571,M,63,18134.43333333334,14162.900000000009,2210.0000000000064,0,50,0,,,,,,Basic
370,1994-02-18,Monthly statement,25,Klatovy,west Bohemia,450,M,45,18127.716666666667,20837.0,14769.5,0,77,0,,,,,,Basic
1562,1995-08-30,Monthly statement,1,Hl.m. Praha,Prague,1894,F,51,18110.31666666667,19089.9,14577.9,0,58,0,,,,,,Basic
1503,1996-04-10,Monthly statement,71,Novy Jicin,north Moravia,1822,F,76,18109.091666666667,21437.2,14894.1,0,58,0,,,,,,Basic
2457,1993-11-11,Monthly statement,76,Sumperk,north Moravia,2967,F,37,18104.283333333333,19561.3,12531.3,0,62,0,,,,,,Basic
1493,1993-01-09,Monthly statement,41,Usti nad Labem,north Bohemia,1810,M,79,18094.716666666664,17536.699999999997,13613.599999999999,0,71,0,,,,,,Basic
582,1994-08-05,Monthly statement,12,Pribram,central Bohemia,700,M,69,18086.241666666665,21257.5,15036.8,0,58,0,,,,,,Basic
1667,1996-08-18,Monthly statement,56,Breclav,south Moravia,2022,M,59,18074.016666666666,17783.5,11465.6,0,58,0,,,,,,Basic
518,1994-09-09,Monthly statement,74,Ostrava - mesto,north Moravia,622,F,67,18071.483333333334,18249.6,15299.999999999998,0,73,0,,,,,,Basic
1373,1993-06-12,Monthly statement,47,Pardubice,east Bohemia,1661,F,45,18060.95,15900.1,15900.1,0,68,0,,,,,,Basic
1506,1997-10-13,Monthly statement,51,Trutnov,east Bohemia,1825,F,24,18060.366666666665,17594.399999999998,7881.199999999999,0,49,0,,,,,,Basic
1840,1997-01-22,Monthly statement,21,Tabor,south Bohemia,2231,F,27,18057.841666666664,25577.2,12769.499999999998,0,56,0,,,,,,Basic
3092,1995-12-20,Monthly statement,46,Nachod,east Bohemia,3740,M,69,18051.416666666668,18130.199999999997,13788.3,0,65,0,,,,,,Basic
3621,1994-12-25,Monthly statement,32,Ceska Lipa,north Bohemia,4368,F,21,18046.108333333337,21133.700000000004,14661.200000000003,0,62,0,,,,,,Basic
1024,1997-05-02,Monthly statement,19,Prachatice,south Bohemia,1229,M,27,18045.691666666666,20435.0,14392.8,0,61,0,,,,,,Basic
1038,1995-04-20,Monthly statement,64,Zlin,south Moravia,1245,M,19,18044.399999999998,21964.2,15489.7,0,72,0,,,,,,Basic
2843,1997-03-29,Monthly statement,30,Sokolov,west Bohemia,3436,M,40,18042.3,30328.0,11767.800000000001,0,66,0,,,,,,Basic
888,1996-10-28,Monthly statement,54,Brno - mesto,south Moravia,1069,F,60,18034.966666666664,19430.8,11571.8,0,71,0,,,,,,Basic
2088,1993-07-28,Monthly statement,4,Kladno,central Bohemia,2531,F,44,18020.141666666666,20250.5,15248.8,0,55,0,,,,,,Basic
342,1996-10-13,Monthly statement,64,Zlin,south Moravia,419,F,28,18014.783333333333,19929.4,13781.8,0,61,0,,,,,,Basic
9631,1996-06-25,Monthly statement,11,Praha - zapad,central Bohemia,11855,M,41,18006.408333333333,13166.8,5476.0,0,72,0,,6956.0,59448.0,C,0.0,Basic
1473,1996-04-16,Monthly statement,39,Most,north Bohemia,1785,M,23,18004.649999999998,20204.3,14783.4,0,59,0,,,,,,Basic
1055,1996-12-12,Monthly statement,29,Rokycany,west Bohemia,1267,F,44,17988.341666666667,19555.9,15732.1,0,61,0,,,,,,Basic
1860,1997-01-02,Monthly statement,70,Karvina,north Moravia,2256,M,24,17985.55,20550.6,15546.5,0,61,0,,,,,,Basic
751,1993-05-12,Monthly statement,3,Beroun,central Bohemia,901,M,79,17975.258333333335,19306.4,14933.5,0,63,0,,,,,,Basic
1291,1994-07-04,Monthly statement,1,Hl.m. Praha,Prague,1561,F,75,17974.550000000003,22888.000000000004,14034.400000000003,0,73,0,,,,,,Basic
413,1996-07-09,Monthly statement,18,Pisek,south Bohemia,499,F,63,17970.283333333336,17501.2,11524.500000000002,0,57,0,,,,,,Basic
966,1997-10-14,Monthly statement,15,Cesky Krumlov,south Bohemia,1164,F,39,17949.491666666665,22726.5,10682.0,0,45,0,,,,,,Basic
2319,1996-07-02,Monthly statement,58,Jihlava,south Moravia,2806,F,43,17924.608333333326,55027.799999999996,4650.9999999999945,0,52,0,,,,,,Basic
7052,1997-07-17,Statement after transaction,55,Brno - venkov,south Moravia,8510,M,51,17924.283333333336,30796.200000000004,-1513.8999999999987,1,85,0,,6437.0,63972.0,D,1.0,Basic
1530,1995-05-27,Monthly statement,70,Karvina,north Moravia,1854,F,66,17919.425,18119.3,15310.699999999999,0,53,0,,,,,,Basic
3443,1996-07-26,Monthly statement,45,Jicin,east Bohemia,4164,F,74,17888.966666666667,19692.1,14202.0,0,56,0,,,,,,Basic
870,1995-03-27,Monthly statement,70,Karvina,north Moravia,1048,F,24,17886.50833333333,21327.8,13439.499999999998,0,62,0,,,,,,Basic
2757,1996-05-14,Monthly statement,54,Brno - mesto,south Moravia,3329,M,37,17877.8,18617.2,16074.2,0,62,0,,,,,,Basic
124,1997-12-28,Monthly statement,55,Brno - venkov,south Moravia,149,M,50,17875.2,13565.900000000001,13352.300000000001,0,69,0,,,,,,Basic
686,1993-04-04,Monthly statement,41,Usti nad Labem,north Bohemia,823,M,42,17870.308333333334,25296.8,11454.7,0,84,0,,,,,,Basic
3044,1996-09-14,Monthly statement,72,Olomouc,north Moravia,3679,M,67,17854.091666666667,18097.9,15076.9,0,61,0,,,,,,Basic
2359,1996-07-14,Monthly statement,54,Brno - mesto,south Moravia,2851,M,59,17847.19166666667,15252.100000000002,12793.500000000002,0,71,0,,,,,,Basic
3549,1996-08-14,Monthly statement,27,Plzen - jih,west Bohemia,4283,M,74,17830.316666666666,18066.6,14206.999999999998,0,59,0,,,,,,Basic
1917,1995-12-13,Monthly statement,73,Opava,north Moravia,2327,M,79,17827.216666666667,21510.8,14028.9,0,53,0,,,,,,Basic
1961,1995-08-30,Monthly statement,13,Rakovnik,central Bohemia,2385,M,65,17808.775,23052.9,12631.2,0,65,0,,,,,,Basic
2661,1997-02-25,Monthly statement,1,Hl.m. Praha,Prague,3213,M,57,17802.941666666666,21258.4,13147.300000000001,0,69,0,,,,,,Basic
292,1997-02-26,Monthly statement,49,Semily,east Bohemia,354,F,76,17798.033333333333,20314.600000000002,12039.2,0,52,0,,,,,,Basic
2377,1994-11-13,Monthly statement,77,Vsetin,north Moravia,2872,F,65,17794.416666666668,22686.1,12602.199999999999,0,73,0,,,,,,Basic
2469,1996-02-05,Monthly statement,11,Praha - zapad,central Bohemia,2980,M,24,17784.108333333334,20276.0,15368.1,0,62,0,,,,,,Basic
3097,1997-08-14,Monthly statement,66,Zdar nad Sazavou,south Moravia,3746,M,23,17773.466666666667,10571.5,9265.800000000001,0,73,0,,,,,,Basic
2390,1996-02-12,Monthly statement,1,Hl.m. Praha,Prague,2885,F,33,17752.04166666667,20431.400000000005,1708.300000000004,0,57,0,,,,,,Basic
2339,1996-09-22,Monthly statement,63,Vyskov,south Moravia,2827,M,75,17737.783333333333,19446.0,12772.4,0,58,0,,,,,,Basic
2259,1994-05-14,Monthly statement,64,Zlin,south Moravia,2735,M,70,17719.775,16748.5,14528.300000000001,0,63,0,,,,,,Basic
10904,1993-11-26,Monthly statement,48,Rychnov nad Kneznou,east Bohemia,13404,M,32,17713.991666666665,15526.899999999998,10532.699999999997,0,71,0,,,,,,Basic
2317,1997-08-28,Monthly statement,68,Frydek - Mistek,north Moravia,2803,M,67,17713.024999999998,22079.2,12374.6,0,72,0,,,,,,Basic
55,1996-02-19,Monthly statement,20,Strakonice,south Bohemia,64,M,72,17703.166666666668,20988.3,13350.0,0,57,0,,,,,,Basic
1940,1993-12-22,Monthly statement,52,Usti nad Orlici,east Bohemia,2356,M,68,17701.25,18515.7,13095.199999999999,0,57,0,,,,,,Basic
3182,1996-12-20,Monthly statement,6,Kutna Hora,central Bohemia,3847,F,39,17698.0,16554.3,15024.300000000001,0,69,0,,,,,,Basic
2286,1996-12-06,Monthly statement,70,Karvina,north Moravia,2766,M,39,17685.391666666666,19623.8,12295.499999999998,0,74,0,,,,,,Basic
39,1993-09-22,Monthly statement,36,Liberec,north Bohemia,47,M,64,17678.675,16315.899999999998,13843.8,0,80,0,,,,,,Basic
3717,1994-05-20,Monthly statement,56,Breclav,south Moravia,4482,M,19,17652.233333333334,27680.5,13434.1,0,59,0,,,,,,Basic
168,1993-04-27,Monthly statement,31,Tachov,west Bohemia,203,M,36,17651.283333333333,15781.8,13973.7,0,61,0,,,,,,Basic
3025,1997-12-27,Monthly statement,25,Klatovy,west Bohemia,3654,F,74,17647.941666666666,15933.6,7167.0,0,51,0,,,,,,Basic
1235,1993-11-23,Monthly statement,76,Sumperk,north Moravia,1490,M,70,17635.966666666667,17144.8,13928.4,0,69,0,,,,,,Basic
62,1993-03-28,Monthly statement,47,Pardubice,east Bohemia,72,M,75,17634.633333333335,16686.7,14225.900000000001,0,64,0,,,,,,Basic
3142,1994-09-14,Monthly statement,2,Benesov,central Bohemia,3799,M,69,17624.358333333334,23657.0,13939.199999999999,0,76,0,,,,,,Basic
924,1995-12-09,Monthly statement,11,Praha - zapad,central Bohemia,1113,M,22,17618.666666666668,19888.2,14379.9,0,64,0,,,,,,Basic
2479,1993-10-09,Monthly statement,18,Pisek,south Bohemia,2994,M,35,17598.433333333334,15838.5,10260.300000000001,0,82,0,,,,,,Basic
1440,1993-09-22,Monthly statement,55,Brno - venkov,south Moravia,1748,M,22,17596.216666666667,20761.399999999998,12726.5,0,80,0,,,,,,Basic
1504,1996-08-26,Monthly statement,1,Hl.m. Praha,Prague,1823,F,20,17594.866666666665,20117.8,13926.4,0,80,0,,,,,,Basic
2193,1996-11-03,Monthly statement,44,Chrudim,east Bohemia,2655,M,35,17594.49166666667,23605.9,11482.800000000001,0,64,0,,,,,,Basic
2570,1995-12-19,Monthly statement,1,Hl.m. Praha,Prague,3101,M,57,17584.108333333334,18285.8,16098.3,0,63,0,,,,,,Basic
1649,1993-01-26,Monthly statement,46,Nachod,east Bohemia,1999,F,16,17581.224999999995,19717.399999999994,15282.099999999993,0,29,1,junior,,,,,Basic
4981,1996-01-22,Monthly statement,54,Brno - mesto,south Moravia,6015,M,25,17576.98333333333,15770.499999999998,12990.799999999997,0,81,0,,6011.0,179328.0,C,0.0,Basic
536,1996-10-13,Monthly statement,14,Ceske Budejovice,south Bohemia,645,M,73,17566.125,26371.0,13066.6,0,72,0,,,,,,Basic
2891,1997-05-28,Monthly statement,42,Havlickuv Brod,east Bohemia,3494,M,29,17562.283333333336,29017.200000000004,12271.500000000002,0,79,0,,,,,,Basic
1657,1997-11-04,Monthly statement,12,Pribram,central Bohemia,2009,M,62,17549.93333333333,22995.2,10044.7,0,47,0,,,,,,Basic
515,1995-02-09,Monthly statement,57,Hodonin,south Moravia,618,F,66,17541.558333333334,20831.0,13813.9,0,56,0,,,,,,Basic
972,1996-09-29,Monthly statement,46,Nachod,east Bohemia,1171,F,24,17516.8,19773.0,13857.9,0,67,0,,,,,,Basic
591,1997-08-12,Monthly statement,1,Hl.m. Praha,Prague,709,M,64,17512.325,22752.9,13438.5,0,54,0,,,,,,Basic
2776,1997-08-10,Monthly statement,23,Cheb,west Bohemia,3352,M,79,17502.55833333333,15780.8,13440.2,0,62,0,,,,,,Basic
1816,1993-10-08,Monthly statement,44,Chrudim,east Bohemia,2201,M,69,17501.658333333336,19188.7,16010.600000000002,0,60,0,,,,,,Basic
2465,1996-10-06,Monthly statement,57,Hodonin,south Moravia,2976,F,76,17491.675,16582.7,14147.4,0,76,0,,,,,,Basic
3256,1996-11-19,Monthly statement,40,Teplice,north Bohemia,3939,M,45,17490.350000000002,30323.0,11156.4,0,74,0,,,,,,Basic
338,1995-11-18,Monthly statement,49,Semily,east Bohemia,413,F,26,17485.391666666666,17531.5,13945.600000000002,0,60,0,,,,,,Basic
341,1996-11-19,Monthly statement,28,Plzen - sever,west Bohemia,418,M,32,17475.375000000004,14301.2,13698.300000000001,0,51,0,,,,,,Basic
333,1996-12-23,Monthly statement,73,Opava,north Moravia,407,F,23,17471.575,20523.2,14757.4,0,86,0,,,,,,Basic
608,1995-03-27,Monthly statement,32,Ceska Lipa,north Bohemia,727,F,68,17461.5,23777.3,12011.5,0,56,0,,,,,,Basic
2562,1995-08-15,Monthly statement,35,Jablonec n. Nisou,north Bohemia,3093,M,32,17454.808333333334,21340.3,13782.2,0,62,0,,,,,,Basic
548,1994-06-07,Monthly statement,16,Jindrichuv Hradec,south Bohemia,660,M,75,17444.624999999996,16685.999999999996,12989.299999999997,0,79,0,,,,,,Basic
794,1997-04-24,Monthly statement,63,Vyskov,south Moravia,952,F,47,17432.858333333334,18041.6,14827.7,0,65,0,,,,,,Basic
4001,1995-02-04,Monthly statement,54,Brno - mesto,south Moravia,4824,M,58,17429.75,13767.499999999998,13767.499999999998,0,23,0,,,,,,Basic
1434,1997-08-08,Monthly statement,70,Karvina,north Moravia,1741,M,66,17422.625,22085.9,15140.5,0,61,0,,,,,,Basic
720,1995-07-20,Monthly statement,54,Brno - mesto,south Moravia,863,F,30,17409.783333333333,14918.199999999999,14126.699999999999,0,61,0,,,,,,Basic
3194,1997-04-19,Monthly statement,11,Praha - zapad,central Bohemia,3861,F,47,17407.825,24932.1,12479.8,0,65,0,,,,,,Basic
2820,1997-12-11,Monthly statement,36,Liberec,north Bohemia,3409,M,79,17356.925,22184.2,5475.0,0,53,0,,,,,,Basic
3823,1995-04-19,Monthly statement,74,Ostrava - mesto,north Moravia,4607,F,22,17355.533333333336,31962.400000000005,12910.800000000005,0,30,0,,,,,,Basic
2294,1996-09-29,Monthly statement,46,Nachod,east Bohemia,2777,F,28,17352.616666666665,25350.399999999998,12181.299999999997,0,68,0,,,,,,Basic
2161,1993-12-30,Weekly statement,15,Cesky Krumlov,south Bohemia,2615,F,53,17351.375,7291.699999999999,7291.699999999999,0,67,0,,,,,,Basic
1406,1994-03-04,Monthly statement,50,Svitavy,east Bohemia,1703,M,80,17335.883333333335,16233.300000000001,14902.900000000001,0,73,0,,,,,,Basic
1341,1995-11-21,Monthly statement,36,Liberec,north Bohemia,1623,M,35,17328.041666666668,17585.9,15285.6,0,62,0,,,,,,Basic
3537,1997-08-22,Monthly statement,45,Jicin,east Bohemia,4269,F,43,17326.441666666666,14309.4,13085.8,0,100,0,,,,,,Basic
3574,1997-03-08,Monthly statement,72,Olomouc,north Moravia,4312,F,19,17323.891666666666,14867.699999999999,13336.8,0,66,0,,,,,,Basic
2331,1995-04-29,Monthly statement,8,Mlada Boleslav,central Bohemia,2819,M,18,17315.3,13858.8,11422.1,0,68,0,,,,,,Basic
843,1997-04-09,Monthly statement,6,Kutna Hora,central Bohemia,1017,F,55,17303.375,16626.899999999998,12082.199999999999,0,88,0,,,,,,Basic
3178,1996-04-27,Monthly statement,4,Kladno,central Bohemia,3843,F,56,17289.633333333335,19540.1,14087.0,0,72,0,,,,,,Basic
5927,1993-11-26,Monthly statement,15,Cesky Krumlov,south Bohemia,7166,M,34,17286.666666666664,30125.199999999997,-942.1000000000038,1,97,0,,6210.0,87216.0,B,1.0,Basic
805,1996-12-02,Monthly statement,10,Praha - vychod,central Bohemia,964,F,45,17284.30833333333,9329.899999999998,5596.5999999999985,0,66,0,,,,,,Basic
623,1993-03-24,Monthly statement,1,Hl.m. Praha,Prague,748,M,62,17279.358333333334,16663.8,15562.9,0,71,0,,,,,,Basic
592,1996-12-27,Monthly statement,23,Cheb,west Bohemia,710,M,73,17265.691666666666,19350.3,12575.8,0,76,0,,,,,,Basic
3301,1996-04-25,Monthly statement,14,Ceske Budejovice,south Bohemia,3993,F,18,17258.241666666665,12594.2,12054.6,0,62,0,,,,,,Basic
1279,1997-10-13,Monthly statement,28,Plzen - sever,west Bohemia,1546,M,68,17257.475000000002,15127.5,13246.5,0,53,0,,,,,,Basic
909,1997-09-02,Monthly statement,30,Sokolov,west Bohemia,1094,F,38,17252.558333333334,21420.100000000002,13561.7,0,55,0,,,,,,Basic
2477,1997-02-11,Monthly statement,11,Praha - zapad,central Bohemia,2992,M,32,17251.325,18397.8,12458.8,0,60,0,,,,,,Basic
113,1996-07-22,Monthly statement,55,Brno - venkov,south Moravia,136,F,77,17251.233333333334,26351.1,12416.199999999999,0,59,0,,,,,,Basic
53,1995-06-07,Monthly statement,77,Vsetin,north Moravia,62,M,66,17225.641666666666,15130.199999999999,14898.599999999999,0,60,0,,,,,,Basic
2094,1996-08-23,Monthly statement,73,Opava,north Moravia,2537,M,41,17219.208333333332,18166.5,14955.8,0,62,0,,,,,,Basic
3067,1997-01-30,Monthly statement,46,Nachod,east Bohemia,3708,F,40,17209.583333333332,21533.4,13080.3,0,79,0,,,,,,Basic
3454,1996-10-17,Monthly statement,32,Ceska Lipa,north Bohemia,4176,M,76,17209.491666666665,18507.5,12775.400000000001,0,67,0,,,,,,Basic
3592,1993-01-08,Monthly statement,54,Brno - mesto,south Moravia,4335,F,74,17208.766666666666,21076.2,11001.699999999999,0,56,0,,,,,,Basic
868,1997-05-26,Monthly statement,1,Hl.m. Praha,Prague,1046,M,23,17208.408333333333,22712.1,11284.7,0,68,0,,,,,,Basic
10345,1996-04-07,Monthly statement,36,Liberec,north Bohemia,12729,M,30,17203.816666666666,20975.6,12494.7,0,65,0,,7110.0,31260.0,C,0.0,Basic
2935,1995-05-15,Monthly statement,68,Frydek - Mistek,north Moravia,3545,M,32,17200.891666666666,19544.899999999998,14446.9,0,61,0,,,,,,Basic
903,1993-12-10,Monthly statement,47,Pardubice,east Bohemia,1088,F,29,17198.975,20333.7,12230.9,0,60,0,,,,,,Basic
3347,1996-08-19,Monthly statement,4,Kladno,central Bohemia,4048,M,75,17194.850000000002,17066.8,11402.2,0,55,0,,,,,,Basic
3908,1997-01-16,Monthly statement,13,Rakovnik,central Bohemia,4713,F,80,17194.608333333334,18081.5,15300.9,0,74,0,,,,,,Basic
216,1994-05-16,Monthly statement,38,Louny,north Bohemia,261,F,61,17190.133333333335,20686.7,14278.4,0,80,0,,,,,,Basic
3954,1993-06-25,Monthly statement,22,Domazlice,west Bohemia,4769,F,75,17188.15833333333,19809.1,15091.699999999997,0,64,0,,,,,,Basic
1899,1996-11-05,Monthly statement,26,Plzen - mesto,west Bohemia,2307,M,75,17162.633333333335,18665.600000000002,13512.600000000002,0,61,0,,,,,,Basic
1137,1995-12-19,Monthly statement,60,Prostejov,south Moravia,1367,F,33,17160.441666666666,20535.8,13321.5,0,59,0,,,,,,Basic
3082,1997-11-16,Monthly statement,33,Decin,north Bohemia,3727,M,28,17160.05833333333,22684.3,7856.299999999999,0,51,0,,,,,,Basic
1915,1997-04-14,Monthly statement,2,Benesov,central Bohemia,2325,F,43,17150.6,23233.2,7613.5,0,75,0,,,,,,Basic
1179,1993-01-23,Monthly statement,74,Ostrava - mesto,north Moravia,1419,F,80,17125.783333333333,17578.5,14851.9,0,62,0,,,,,,Basic
2526,1996-07-04,Monthly statement,16,Jindrichuv Hradec,south Bohemia,3048,F,75,17094.375,17015.0,13162.7,0,63,0,,,,,,Basic
3119,1997-05-02,Monthly statement,33,Decin,north Bohemia,3773,F,34,17092.683333333334,21625.8,13569.5,0,84,0,,,,,,Basic
2434,1993-02-02,Monthly statement,17,Pelhrimov,south Bohemia,2940,M,33,17087.208333333336,19549.800000000003,14346.500000000002,0,51,0,,,,,,Basic
3910,1997-01-19,Monthly statement,10,Praha - vychod,central Bohemia,4716,F,65,17085.6,15843.1,12835.3,0,56,0,,,,,,Basic
6902,1996-10-22,Monthly statement,60,Prostejov,south Moravia,8333,M,32,17081.141666666666,18028.199999999997,14032.199999999999,0,91,0,,6399.0,49320.0,C,0.0,Basic
2133,1997-10-07,Monthly statement,11,Praha - zapad,central Bohemia,2579,F,63,17060.641666666666,17241.6,13271.1,0,56,0,,,,,,Basic
2567,1996-01-07,Monthly statement,17,Pelhrimov,south Bohemia,3098,M,60,17057.266666666666,23978.8,10916.1,0,50,0,,,,,,Basic
5317,1996-10-20,Monthly statement,28,Plzen - sever,west Bohemia,6422,M,38,17036.766666666663,19937.999999999993,9396.799999999997,0,76,0,,6088.0,90180.0,C,0.0,Basic
3525,1995-12-01,Monthly statement,70,Karvina,north Moravia,4256,M,41,17036.708333333332,23181.9,13535.6,0,54,0,,,,,,Basic
1133,1993-11-01,Monthly statement,1,Hl.m. Praha,Prague,1361,F,76,17030.783333333333,19913.1,12957.9,0,63,0,,,,,,Basic
3620,1997-02-06,Monthly statement,14,Ceske Budejovice,south Bohemia,4367,M,16,17021.216666666667,26346.0,11827.7,0,52,0,,,,,,Basic
3248,1996-05-11,Monthly statement,77,Vsetin,north Moravia,3928,F,70,17016.333333333332,21671.7,13180.9,0,72,0,,,,,,Basic
2913,1993-12-28,Monthly statement,8,Mlada Boleslav,central Bohemia,3520,F,70,17012.091666666667,17982.100000000002,14919.4,0,71,0,,,,,,Basic
328,1997-09-18,Monthly statement,1,Hl.m. Praha,Prague,400,M,65,16999.466666666667,13083.7,11890.800000000001,0,73,0,,,,,,Basic
3984,1996-12-14,Monthly statement,51,Trutnov,east Bohemia,4804,F,68,16980.983333333334,16365.0,13505.8,0,62,0,,,,,,Basic
1931,1993-11-23,Monthly statement,20,Strakonice,south Bohemia,2345,M,56,16960.958333333332,17511.3,13621.1,0,88,0,,,,,,Basic
3045,1995-06-08,Monthly statement,1,Hl.m. Praha,Prague,3681,M,77,16952.416666666668,17126.5,12350.400000000001,0,67,0,,,,,,Basic
1356,1997-02-01,Monthly statement,39,Most,north Bohemia,1643,F,22,16948.875,14322.1,9999.1,0,62,0,,,,,,Basic
261,1996-10-07,Monthly statement,54,Brno - mesto,south Moravia,315,M,31,16944.683333333334,21485.2,11878.2,0,68,0,,,,,,Basic
815,1993-08-25,Monthly statement,56,Breclav,south Moravia,978,F,30,16938.241666666665,16212.9,14970.5,0,64,0,,,,,,Basic
1061,1997-10-17,Monthly statement,44,Chrudim,east Bohemia,1274,M,22,16925.858333333334,13385.400000000001,6686.700000000001,0,54,0,,,,,,Basic
905,1996-12-11,Monthly statement,35,Jablonec n. Nisou,north Bohemia,1090,F,59,16917.016666666666,21827.8,13324.5,0,79,0,,,,,,Basic
3870,1997-01-08,Monthly statement,38,Louny,north Bohemia,4664,M,77,16914.45,13507.6,13283.800000000001,0,60,0,,,,,,Basic
2496,1994-05-21,Monthly statement,51,Trutnov,east Bohemia,3013,F,48,16909.158333333336,20778.8,14713.6,0,61,0,,5482.0,165120.0,C,0.0,Basic
3213,1993-04-12,Monthly statement,51,Trutnov,east Bohemia,3886,F,33,16908.433333333334,17925.2,14853.0,0,73,0,,,,,,Basic
3412,1996-12-20,Monthly statement,31,Tachov,west Bohemia,4125,F,76,16907.066666666666,17087.6,12339.1,0,74,0,,,,,,Basic
3105,1997-11-21,Monthly statement,37,Litomerice,north Bohemia,3755,F,47,16904.899999999998,21921.3,7436.0,0,42,0,,,,,,Basic
1600,1996-09-13,Monthly statement,1,Hl.m. Praha,Prague,1939,M,73,16896.141666666666,29031.0,10477.3,0,54,0,,,,,,Basic
9140,1997-08-18,Monthly statement,32,Ceska Lipa,north Bohemia,11252,F,33,16890.608333333334,13535.9,13535.9,0,118,0,,6852.0,16032.0,C,0.0,Basic
3226,1994-08-28,Monthly statement,65,Znojmo,south Moravia,3902,F,49,16878.533333333333,25810.1,13693.2,0,78,0,,,,,,Basic
687,1996-06-02,Monthly statement,27,Plzen - jih,west Bohemia,824,M,46,16876.091666666667,19989.7,13912.300000000001,0,76,0,,,,,,Basic
287,1993-10-27,Monthly statement,16,Jindrichuv Hradec,south Bohemia,349,F,71,16866.958333333332,15348.0,13065.0,0,72,0,,,,,,Basic
2043,1995-11-27,Monthly statement,46,Nachod,east Bohemia,2480,F,22,16849.541666666664,15775.399999999998,12054.999999999998,0,65,0,,,,,,Basic
398,1997-10-24,Monthly statement,69,Jesenik,north Moravia,481,M,71,16842.75,14158.6,11483.3,0,55,0,,,,,,Basic
1168,1994-11-03,Monthly statement,29,Rokycany,west Bohemia,1406,F,50,16832.475000000002,17928.3,14256.6,0,103,0,,,,,,Basic
1209,1997-10-23,Monthly statement,23,Cheb,west Bohemia,1460,F,65,16831.075,18450.0,12642.199999999999,0,56,0,,,,,,Basic
3866,1995-09-05,Monthly statement,60,Prostejov,south Moravia,4660,F,23,16824.508333333335,34688.5,15010.200000000003,0,13,1,classic,,,,,Basic
852,1997-10-23,Monthly statement,57,Hodonin,south Moravia,1026,M,19,16817.983333333334,18097.0,10469.0,0,55,0,,,,,,Basic
3011,1993-09-01,Monthly statement,64,Zlin,south Moravia,3637,M,39,16817.4,20241.2,14581.800000000001,0,67,0,,,,,,Basic
2765,1997-09-20,Monthly statement,69,Jesenik,north Moravia,3338,F,56,16814.55,10864.199999999999,10864.199999999999,0,54,0,,,,,,Basic
2703,1997-10-28,Monthly statement,61,Trebic,south Moravia,3262,F,57,16805.708333333332,20377.4,10372.0,0,46,0,,,,,,Basic
975,1996-10-19,Monthly statement,1,Hl.m. Praha,Prague,1175,M,73,16794.766666666666,20652.8,13568.2,0,55,0,,,,,,Basic
832,1996-05-24,Monthly statement,42,Havlickuv Brod,east Bohemia,1002,F,54,16793.583333333332,19232.399999999998,14351.599999999999,0,63,0,,,,,,Basic
8149,1997-05-14,Statement after transaction,64,Zlin,south Moravia,10066,F,35,16785.533333333336,32333.600000000006,-1940.6999999999975,1,81,0,,,,,,Basic
7240,1996-04-23,Monthly statement,17,Pelhrimov,south Bohemia,8737,F,50,16782.774999999998,13987.099999999999,10100.199999999999,0,70,0,,6486.0,152160.0,C,0.0,Basic
434,1996-12-24,Monthly statement,1,Hl.m. Praha,Prague,522,F,42,16769.258333333335,31118.9,11608.900000000001,0,70,0,,,,,,Basic
1212,1995-12-18,Monthly statement,70,Karvina,north Moravia,1463,F,62,16765.75,16701.800000000003,11070.400000000001,0,57,0,,,,,,Basic
2791,1997-12-19,Monthly statement,25,Klatovy,west Bohemia,3370,M,79,16761.475000000002,18590.9,6472.0,0,44,0,,,,,,Basic
1185,1997-06-07,Monthly statement,12,Pribram,central Bohemia,1428,M,78,16759.366666666665,20722.899999999998,12281.3,0,67,0,,,,,,Basic
926,1996-11-01,Monthly statement,36,Liberec,north Bohemia,1115,F,78,16745.541666666668,25012.2,12320.3,0,61,0,,,,,,Basic
1028,1996-03-19,Monthly statement,23,Cheb,west Bohemia,1234,M,23,16741.666666666668,9600.0,9600.0,0,10,0,,,,,,Basic
3078,1993-07-16,Monthly statement,1,Hl.m. Praha,Prague,3722,F,42,16736.05,21118.3,13832.1,0,56,0,,,,,,Basic
2220,1993-02-10,Monthly statement,16,Jindrichuv Hradec,south Bohemia,2689,M,75,16732.95,16337.099999999999,11217.099999999999,0,54,0,,,,,,Basic
4055,1993-01-24,Monthly statement,23,Cheb,west Bohemia,4886,M,19,16728.858333333326,26992.799999999996,6282.899999999994,0,59,0,,,,,,Basic
410,1996-10-15,Monthly statement,49,Semily,east Bohemia,495,F,61,16721.225000000002,17850.5,12988.8,0,64,0,,,,,,Basic
2448,1997-05-11,Monthly statement,23,Cheb,west Bohemia,2956,M,59,16719.8,16892.4,15265.300000000001,0,74,0,,,,,,Basic
1326,1996-11-11,Monthly statement,52,Usti nad Orlici,east Bohemia,1605,F,18,16719.59166666667,17939.500000000004,12752.700000000003,0,99,0,,,,,,Basic
2613,1993-10-03,Monthly statement,26,Plzen - mesto,west Bohemia,3153,M,74,16718.258333333335,19225.1,11052.300000000001,0,65,0,,,,,,Basic
2155,1994-06-08,Monthly statement,58,Jihlava,south Moravia,2608,F,55,16716.183333333334,15356.6,13685.900000000001,0,73,0,,,,,,Basic
1424,1997-05-20,Monthly statement,32,Ceska Lipa,north Bohemia,1727,M,47,16715.875000000004,21459.7,11354.000000000002,0,70,0,,,,,,Basic
3028,1993-09-15,Monthly statement,27,Plzen - jih,west Bohemia,3658,M,74,16712.249999999996,15114.999999999998,14357.099999999999,0,58,0,,,,,,Basic
1295,1994-10-28,Monthly statement,15,Cesky Krumlov,south Bohemia,1566,F,32,16707.266666666666,17832.0,12027.499999999998,0,61,0,,,,,,Basic
7454,1993-04-19,Monthly statement,4,Kladno,central Bohemia,9236,F,42,16693.016666666666,17416.6,15007.8,0,74,0,,6512.0,63312.0,A,0.0,Basic
3004,1996-08-22,Monthly statement,11,Praha - zapad,central Bohemia,3628,F,71,16687.608333333334,20642.6,11525.6,0,65,0,,,,,,Basic
1765,1996-07-21,Monthly statement,18,Pisek,south Bohemia,2139,F,66,16675.05833333333,19968.1,11820.4,0,61,0,,,,,,Basic
2578,1996-03-25,Monthly statement,54,Brno - mesto,south Moravia,3110,M,67,16666.891666666666,19977.0,12527.3,0,53,0,,,,,,Basic
2201,1993-10-05,Monthly statement,8,Mlada Boleslav,central Bohemia,2663,M,22,16658.325,16953.9,15265.2,0,85,0,,,,,,Basic
259,1993-10-28,Monthly statement,2,Benesov,central Bohemia,312,M,74,16651.325,15944.499999999998,12486.3,0,73,0,,,,,,Basic
682,1997-06-08,Monthly statement,54,Brno - mesto,south Moravia,818,M,32,16648.941666666666,20930.5,12202.8,0,71,0,,,,,,Basic
1020,1996-04-09,Monthly statement,56,Breclav,south Moravia,1224,M,60,16642.533333333333,19422.6,12840.3,0,79,0,,,,,,Basic
2423,1993-02-14,Monthly statement,30,Sokolov,west Bohemia,2928,M,66,16640.041666666668,22641.6,14283.0,0,72,0,,,,,,Basic
3085,1997-07-03,Monthly statement,66,Zdar nad Sazavou,south Moravia,3732,M,52,16621.075,14773.5,12412.8,0,75,0,,,,,,Basic
2797,1997-02-26,Monthly statement,74,Ostrava - mesto,north Moravia,3380,F,20,16619.566666666666,37226.6,1343.5999999999992,0,61,0,,,,,,Basic
3148,1995-11-19,Monthly statement,33,Decin,north Bohemia,3807,F,51,16608.899999999998,29406.1,9759.4,0,64,0,,,,,,Basic
895,1996-03-12,Monthly statement,24,Karlovy Vary,west Bohemia,1078,F,20,16586.575,17767.3,14145.0,0,71,0,,,,,,Basic
3941,1996-12-26,Monthly statement,7,Melnik,central Bohemia,4752,M,59,16583.241666666665,20268.3,13842.9,0,73,0,,,,,,Basic
3482,1995-01-03,Monthly statement,70,Karvina,north Moravia,4209,F,65,16570.35,15617.6,12714.4,0,56,0,,,,,,Basic
365,1993-12-12,Monthly statement,74,Ostrava - mesto,north Moravia,444,F,38,16557.000000000004,22599.900000000005,8468.000000000005,0,94,0,,,,,,Basic
3852,1997-09-14,Monthly statement,20,Strakonice,south Bohemia,4644,M,67,16555.091666666667,15355.9,12263.4,0,65,0,,,,,,Basic
2573,1996-07-16,Monthly statement,4,Kladno,central Bohemia,3104,F,16,16550.0,13546.2,11977.699999999999,0,10,1,junior,,,,,Basic
3139,1995-08-30,Monthly statement,12,Pribram,central Bohemia,3795,M,16,16547.633333333335,15250.0,11045.199999999999,0,21,0,,,,,,Basic
2058,1996-09-09,Monthly statement,34,Chomutov,north Bohemia,2497,F,36,16540.600000000002,13650.9,12137.1,0,102,0,,,,,,Basic
992,1995-10-01,Monthly statement,22,Domazlice,west Bohemia,1196,M,55,16537.99166666667,25763.4,11813.7,0,93,0,,,,,,Basic
3438,1996-12-21,Monthly statement,35,Jablonec n. Nisou,north Bohemia,4158,F,78,16506.766666666666,19097.0,12724.6,0,64,0,,,,,,Basic
35,1993-07-07,Monthly statement,75,Prerov,north Moravia,43,M,78,16505.458333333332,20742.100000000002,11711.1,0,66,0,,,,,,Basic
1525,1996-09-05,Monthly statement,57,Hodonin,south Moravia,1849,F,76,16498.4,18445.600000000002,11646.100000000002,0,61,0,,,,,,Basic
3623,1995-02-12,Monthly statement,59,Kromeriz,south Moravia,4370,M,59,16498.008333333335,14560.0,14543.6,0,77,0,,,,,,Basic
2442,1997-08-21,Monthly statement,14,Ceske Budejovice,south Bohemia,2949,M,55,16497.024999999998,17343.0,13254.6,0,68,0,,,,,,Basic
1524,1997-02-20,Monthly statement,6,Kutna Hora,central Bohemia,1848,F,74,16495.466666666667,18871.9,12392.9,0,58,0,,,,,,Basic
375,1996-06-07,Monthly statement,68,Frydek - Mistek,north Moravia,455,M,78,16491.633333333335,18389.1,12728.0,0,62,0,,,,,,Basic
1773,1993-04-19,Monthly statement,33,Decin,north Bohemia,2149,F,75,16491.175,17283.2,13892.6,0,56,0,,,,,,Basic
9227,1997-11-04,Monthly statement,51,Trutnov,east Bohemia,11362,F,32,16478.116666666665,15191.7,12364.3,0,92,0,,6872.0,191580.0,C,0.0,Basic
6866,1997-10-02,Monthly statement,14,Ceske Budejovice,south Bohemia,8287,M,62,16438.008333333335,5421.700000000002,407.4000000000019,0,65,0,,,,,,Basic
762,1995-10-18,Monthly statement,76,Sumperk,north Moravia,912,M,78,16431.425,14299.4,13317.9,0,62,0,,,,,,Basic
3240,1996-05-29,Weekly statement,35,Jablonec n. Nisou,north Bohemia,3919,M,56,16394.225000000002,5490.800000000001,-2344.8000000000006,3,70,0,,,,,,Basic
2666,1993-03-08,Monthly statement,49,Semily,east Bohemia,3218,M,33,16393.691666666666,17879.3,14569.4,0,71,0,,,,,,Basic
2117,1996-08-07,Monthly statement,48,Rychnov nad Kneznou,east Bohemia,2561,M,53,16392.600000000002,24107.9,11216.500000000002,0,67,0,,,,,,Basic
2513,1993-07-22,Monthly statement,70,Karvina,north Moravia,3035,M,34,16384.875,16553.100000000002,13887.6,0,58,0,,,,,,Basic
3594,1993-12-30,Monthly statement,29,Rokycany,west Bohemia,4337,M,32,16372.658333333327,11038.499999999993,4931.9999999999945,0,37,0,,,,,,Basic
3144,1996-03-09,Monthly statement,67,Bruntal,north Moravia,3802,M,73,16369.875,15834.1,14371.0,0,61,0,,,,,,Basic
1307,1994-12-05,Monthly statement,56,Breclav,south Moravia,1581,F,35,16364.675000000001,12733.8,12252.5,0,61,0,,,,,,Basic
2114,1996-08-11,Monthly statement,30,Sokolov,west Bohemia,2558,M,39,16362.566666666668,13460.500000000002,13238.400000000001,0,75,0,,,,,,Basic
1747,1997-08-14,Monthly statement,30,Sokolov,west Bohemia,2119,F,38,16362.308333333334,21161.9,12682.8,0,66,0,,,,,,Basic
1774,1996-09-10,Monthly statement,61,Trebic,south Moravia,2150,M,57,16354.216666666667,18001.0,14199.5,0,65,0,,,,,,Basic
3792,1993-08-11,Monthly statement,10,Praha - vychod,central Bohemia,4572,F,62,16338.975,16995.4,14147.7,0,57,0,,,,,,Basic
4240,1993-02-08,Monthly statement,50,Svitavy,east Bohemia,5111,M,39,16333.241666666663,45077.799999999996,3220.399999999997,0,51,0,,,,,,Basic
2565,1995-10-04,Monthly statement,74,Ostrava - mesto,north Moravia,3096,M,16,16330.033333333331,14543.499999999998,11421.499999999998,0,65,0,,,,,,Basic
3512,1996-05-11,Monthly statement,46,Nachod,east Bohemia,4240,F,38,16325.566666666666,14250.2,14250.2,0,21,0,,,,,,Basic
2382,1994-03-08,Monthly statement,59,Kromeriz,south Moravia,2877,M,66,16322.333333333336,15432.1,13156.900000000001,0,58,0,,,,,,Basic
1027,1997-07-18,Monthly statement,68,Frydek - Mistek,north Moravia,1233,M,56,16310.516666666668,21414.2,12299.1,0,60,0,,,,,,Basic
5362,1996-09-06,Weekly statement,76,Sumperk,north Moravia,6473,F,58,16300.583333333328,27713.499999999996,11020.999999999995,0,84,0,,6097.0,202848.0,C,0.0,Basic
91,1996-11-06,Monthly statement,17,Pelhrimov,south Bohemia,108,M,35,16293.116666666667,-4187.6,-4187.6,4,47,0,,,,,,Basic
2821,1996-07-12,Monthly statement,54,Brno - mesto,south Moravia,3410,M,33,16292.58333333333,21907.6,11804.199999999997,0,75,0,,,,,,Basic
3193,1996-02-27,Monthly statement,74,Ostrava - mesto,north Moravia,3860,M,60,16286.391666666663,15655.099999999997,12564.899999999998,0,71,0,,,,,,Basic
2654,1994-07-21,Monthly statement,56,Breclav,south Moravia,3202,M,76,16283.391666666668,18168.9,13014.9,0,63,0,,,,,,Basic
2225,1996-01-24,Monthly statement,15,Cesky Krumlov,south Bohemia,2694,F,71,16273.183333333334,17415.4,12415.900000000001,0,55,0,,,,,,Basic
669,1996-06-07,Monthly statement,35,Jablonec n. Nisou,north Bohemia,803,M,47,16270.75,19304.7,13158.6,0,59,0,,,,,,Basic
2324,1997-05-24,Monthly statement,1,Hl.m. Praha,Prague,2811,F,52,16268.583333333334,26662.3,11251.099999999999,0,68,0,,,,,,Basic
2032,1996-11-14,Monthly statement,36,Liberec,north Bohemia,2467,F,52,16268.308333333334,15027.4,9252.4,0,92,0,,,,,,Basic
3857,1997-10-22,Monthly statement,54,Brno - mesto,south Moravia,4650,F,33,16265.491666666667,19623.2,10025.0,0,48,0,,,,,,Basic
1937,1993-05-18,Monthly statement,36,Liberec,north Bohemia,2353,F,69,16264.733333333335,17111.800000000003,14907.500000000002,0,65,0,,,,,,Basic
2127,1997-05-09,Monthly statement,1,Hl.m. Praha,Prague,2573,F,33,16263.433333333334,15081.300000000001,12934.0,0,70,0,,,,,,Basic
3352,1993-11-08,Monthly statement,42,Havlickuv Brod,east Bohemia,4054,F,39,16238.974999999999,17643.0,12786.699999999999,0,67,0,,,,,,Basic
1258,1996-09-01,Monthly statement,3,Beroun,central Bohemia,1518,F,38,16229.033333333333,18178.1,13720.2,0,76,0,,,,,,Basic
3715,1997-11-27,Monthly statement,74,Ostrava - mesto,north Moravia,4480,M,35,16200.0,13300.0,13300.0,0,11,0,,,,,,Basic
1955,1995-01-07,Monthly statement,49,Semily,east Bohemia,2377,M,48,16184.883333333333,18288.5,13480.800000000001,0,56,0,,,,,,Basic
601,1993-08-04,Monthly statement,29,Rokycany,west Bohemia,720,M,44,16183.241666666669,16456.7,15193.7,0,62,0,,,,,,Basic
2476,1993-12-12,Monthly statement,32,Ceska Lipa,north Bohemia,2990,F,60,16181.925000000001,14451.9,13734.1,0,53,0,,,,,,Basic
552,1993-08-20,Monthly statement,14,Ceske Budejovice,south Bohemia,665,F,66,16180.550000000001,16303.7,13400.6,0,64,0,,,,,,Basic
1152,1993-04-15,Monthly statement,45,Jicin,east Bohemia,1385,M,45,16180.016666666668,20725.8,12863.5,0,55,0,,,,,,Basic
1439,1996-01-27,Monthly statement,11,Praha - zapad,central Bohemia,1746,F,39,16178.225,19493.8,12753.7,0,55,0,,,,,,Basic
326,1997-08-06,Monthly statement,61,Trebic,south Moravia,398,F,73,16172.516666666668,18324.5,12144.100000000002,0,68,0,,,,,,Basic
234,1993-07-15,Monthly statement,73,Opava,north Moravia,282,F,60,16165.75,15951.500000000002,12869.1,0,57,0,,,,,,Basic
2045,1996-09-09,Monthly statement,34,Chomutov,north Bohemia,2482,M,73,16164.141666666665,16903.899999999998,12852.499999999998,0,68,0,,,,,,Basic
1615,1997-10-20,Monthly statement,1,Hl.m. Praha,Prague,1959,M,78,16161.291666666666,12237.4,11664.0,0,57,0,,,,,,Basic
156,1997-10-22,Monthly statement,64,Zlin,south Moravia,188,M,38,16137.025,16315.2,11443.0,0,46,0,,,,,,Basic
2157,1995-11-08,Monthly statement,77,Vsetin,north Moravia,2611,M,60,16130.941666666666,23371.699999999997,11724.499999999998,0,63,0,,,,,,Basic
20,1996-08-24,Monthly statement,74,Ostrava - mesto,north Moravia,26,F,29,16129.658333333333,17692.5,13560.2,0,56,0,,,,,,Basic
2150,1993-09-12,Monthly statement,37,Litomerice,north Bohemia,2601,M,37,16113.466666666667,18110.4,12804.5,0,56,0,,,,,,Basic
2018,1995-06-04,Monthly statement,42,Havlickuv Brod,east Bohemia,2451,M,59,16111.558333333334,18120.9,8308.6,0,66,0,,5358.0,38520.0,A,0.0,Basic
3981,1995-01-15,Monthly statement,23,Cheb,west Bohemia,4801,M,20,16110.591666666667,13775.5,12589.0,0,85,0,,,,,,Basic
620,1996-02-18,Monthly statement,26,Plzen - mesto,west Bohemia,744,M,58,16108.333333333334,12100.0,12100.0,0,12,0,,,,,,Basic
2945,1996-07-11,Monthly statement,6,Kutna Hora,central Bohemia,3556,M,71,16101.4,14166.5,12404.9,0,64,0,,,,,,Basic
3310,1993-09-15,Monthly statement,25,Klatovy,west Bohemia,4002,F,78,16095.133333333333,16716.1,13103.8,0,55,0,,,,,,Basic
3172,1997-05-27,Monthly statement,77,Vsetin,north Moravia,3836,M,50,16089.333333333334,18120.9,12449.0,0,73,0,,,,,,Basic
1311,1996-01-03,Monthly statement,60,Prostejov,south Moravia,1585,M,63,16084.65,17735.399999999998,10979.099999999999,0,68,0,,,,,,Basic
3162,1996-05-18,Weekly statement,63,Vyskov,south Moravia,3823,M,42,16084.533333333347,53181.20000000001,980.7000000000126,0,47,0,,,,,,Basic
406,1996-09-03,Monthly statement,63,Vyskov,south Moravia,491,M,32,16070.916666666666,15167.7,13893.900000000001,0,76,0,,,,,,Basic
3729,1995-04-14,Monthly statement,31,Tachov,west Bohemia,4498,M,67,16070.533333333333,16069.599999999999,12904.699999999999,0,56,0,,,,,,Basic
726,1994-02-03,Monthly statement,76,Sumperk,north Moravia,871,M,24,16065.699999999999,20364.3,12780.5,0,59,0,,,,,,Basic
1954,1996-06-05,Monthly statement,72,Olomouc,north Moravia,2375,F,33,16062.5,19778.8,12957.2,0,57,0,,,,,,Basic
1,1995-03-24,Monthly statement,18,Pisek,south Bohemia,1,F,28,16058.625,13466.5,13174.1,0,62,0,,,,,,Basic
3536,1994-08-11,Monthly statement,24,Karlovy Vary,west Bohemia,4267,F,62,16052.449999999999,16596.5,13364.2,0,64,0,,,,,,Basic
2686,1996-01-11,Monthly statement,26,Plzen - mesto,west Bohemia,3241,M,64,16048.583333333334,16426.4,12219.6,0,59,0,,,,,,Basic
1092,1995-06-06,Monthly statement,41,Usti nad Labem,north Bohemia,1310,F,21,16044.125,20064.2,12399.199999999999,0,66,1,junior,,,,,Basic
3639,1997-01-08,Monthly statement,4,Kladno,central Bohemia,4388,F,62,16040.983333333332,17819.5,12781.0,0,59,0,,,,,,Basic
2522,1996-01-21,Monthly statement,36,Liberec,north Bohemia,3044,M,53,16032.375000000002,17433.100000000002,-2966.699999999996,1,64,0,,,,,,Basic
2658,1997-11-14,Monthly statement,27,Plzen - jih,west Bohemia,3208,M,51,16030.558333333334,21169.5,7812.0,0,62,0,,,,,,Basic
1882,1993-12-21,Monthly statement,1,Hl.m. Praha,Prague,2283,M,37,16030.375,14504.1,13342.2,0,78,0,,,,,,Basic
3243,1993-11-10,Monthly statement,1,Hl.m. Praha,Prague,3922,F,70,16029.083333333336,18978.200000000004,12834.500000000002,0,57,0,,,,,,Basic
2191,1996-08-08,Monthly statement,1,Hl.m. Praha,Prague,2653,M,48,16028.733333333335,22971.800000000003,11365.7,0,72,0,,,,,,Basic
2979,1997-11-22,Monthly statement,10,Praha - vychod,central Bohemia,3597,F,65,16009.733333333335,18628.5,11182.0,0,49,0,,,,,,Basic
793,1993-01-03,Monthly statement,47,Pardubice,east Bohemia,950,F,33,16008.041666666666,19396.0,12996.6,0,77,0,,,,,,Basic
528,1996-12-30,Monthly statement,17,Pelhrimov,south Bohemia,635,F,71,16004.241666666667,20618.0,12818.900000000001,0,56,0,,,,,,Basic
267,1995-04-26,Monthly statement,38,Louny,north Bohemia,322,M,65,15992.300000000001,16940.600000000002,13976.6,0,59,0,,,,,,Basic
3013,1997-12-09,Monthly statement,73,Opava,north Moravia,3639,M,70,15990.375,17899.9,10262.2,0,52,0,,,,,,Basic
2558,1997-08-04,Monthly statement,46,Nachod,east Bohemia,3089,M,24,15989.391666666668,17889.5,13641.199999999999,0,54,0,,,,,,Basic
3175,1996-10-08,Monthly statement,50,Svitavy,east Bohemia,3840,F,65,15987.458333333334,19991.2,12042.5,0,56,0,,,,,,Basic
702,1993-06-23,Monthly statement,12,Pribram,central Bohemia,842,F,65,15984.958333333334,17120.5,12804.9,0,53,0,,,,,,Basic
1668,1997-03-07,Monthly statement,62,Uherske Hradiste,south Moravia,2024,M,64,15977.666666666666,14267.5,12971.800000000001,0,55,0,,,,,,Basic
3490,1995-11-26,Monthly statement,48,Rychnov nad Kneznou,east Bohemia,4218,F,59,15975.0,10500.0,10500.0,0,10,0,,,,,,Basic
2019,1997-06-11,Monthly statement,64,Zlin,south Moravia,2452,F,46,15944.216666666667,17753.899999999998,12724.0,0,77,0,,,,,,Basic
1527,1993-11-17,Statement after transaction,31,Tachov,west Bohemia,1851,F,23,15927.74166666667,30886.300000000003,6063.000000000004,0,62,0,,5269.0,164052.0,B,1.0,Basic
1250,1996-03-28,Monthly statement,62,Uherske Hradiste,south Moravia,1509,F,56,15923.908333333335,17648.300000000003,10438.900000000001,0,82,0,,5209.0,182640.0,C,0.0,Basic
2861,1993-02-10,Monthly statement,38,Louny,north Bohemia,3457,F,75,15891.775,21096.899999999998,12459.6,0,63,0,,,,,,Basic
2123,1993-07-26,Monthly statement,64,Zlin,south Moravia,2567,M,55,15888.816666666666,14528.5,13400.9,0,54,0,,,,,,Basic
1921,1997-06-27,Monthly statement,42,Havlickuv Brod,east Bohemia,2331,F,41,15867.666666666666,18273.9,12649.2,0,72,0,,,,,,Basic
1479,1995-04-04,Monthly statement,54,Brno - mesto,south Moravia,1792,M,23,15860.975,15014.5,12546.400000000001,0,69,0,,,,,,Basic
1918,1994-04-10,Monthly statement,24,Karlovy Vary,west Bohemia,2328,M,30,15852.533333333335,20922.5,12251.300000000001,0,54,0,,,,,,Basic
469,1997-07-14,Monthly statement,72,Olomouc,north Moravia,563,F,37,15848.908333333333,14623.199999999999,11242.0,0,67,0,,,,,,Basic
612,1996-05-27,Monthly statement,1,Hl.m. Praha,Prague,735,M,25,15848.691666666666,18165.4,12810.5,0,57,0,,,,,,Basic
1588,1993-12-11,Monthly statement,67,Bruntal,north Moravia,1924,M,60,15847.658333333335,15337.300000000001,12811.0,0,60,0,,,,,,Basic
3386,1995-05-23,Monthly statement,2,Benesov,central Bohemia,4094,M,19,15839.383333333337,8839.300000000003,2414.200000000003,0,50,1,junior,,,,,Basic
3281,1997-08-06,Monthly statement,1,Hl.m. Praha,Prague,3972,M,68,15824.291666666666,20881.5,13514.199999999999,0,63,0,,,,,,Basic
2978,1995-01-06,Monthly statement,74,Ostrava - mesto,north Moravia,3596,M,23,15821.791666666666,12546.1,12546.1,0,68,0,,,,,,Basic
2437,1995-12-04,Monthly statement,1,Hl.m. Praha,Prague,2943,F,18,15820.841666666667,17176.1,13793.1,0,73,0,,,,,,Basic
907,1993-07-09,Monthly statement,41,Usti nad Labem,north Bohemia,1092,F,36,15820.700000000003,16357.6,13744.300000000001,0,59,0,,,,,,Basic
3288,1994-09-15,Monthly statement,54,Brno - mesto,south Moravia,3979,F,70,15807.525000000001,18232.4,13254.400000000001,0,61,0,,,,,,Basic
1642,1995-05-27,Monthly statement,64,Zlin,south Moravia,1991,M,80,15803.658333333333,14933.3,11793.8,0,59,0,,,,,,Basic
1521,1996-04-04,Monthly statement,74,Ostrava - mesto,north Moravia,1844,F,76,15794.266666666668,18043.2,12794.8,0,59,0,,,,,,Basic
275,1996-01-02,Monthly statement,29,Rokycany,west Bohemia,332,M,20,15791.25,18097.4,13924.2,0,73,0,,,,,,Basic
3828,1997-08-28,Monthly statement,44,Chrudim,east Bohemia,4612,F,38,15778.658333333333,19568.4,12246.4,0,55,0,,,,,,Basic
1239,1993-04-10,Monthly statement,1,Hl.m. Praha,Prague,1495,F,67,15772.691666666666,17065.1,13135.2,0,57,0,,,,,,Basic
2672,1997-03-14,Monthly statement,59,Kromeriz,south Moravia,3227,F,48,15765.733333333332,17456.2,12507.2,0,67,0,,,,,,Basic
2709,1996-10-18,Monthly statement,2,Benesov,central Bohemia,3269,M,24,15762.233333333332,17459.3,13603.2,0,85,0,,,,,,Basic
2366,1997-05-20,Monthly statement,68,Frydek - Mistek,north Moravia,2859,F,70,15762.191666666668,13878.6,7771.8,0,73,0,,,,,,Basic
2414,1995-01-19,Monthly statement,1,Hl.m. Praha,Prague,2916,M,26,15745.550000000001,18618.5,13538.6,0,66,0,,,,,,Basic
1329,1996-09-16,Monthly statement,53,Blansko,south Moravia,1608,M,57,15739.025,26078.399999999998,8473.1,0,84,0,,5229.0,23520.0,A,0.0,Basic
633,1995-12-06,Monthly statement,57,Hodonin,south Moravia,760,F,62,15730.341666666665,19094.0,12794.599999999999,0,60,0,,,,,,Basic
1964,1996-02-12,Monthly statement,25,Klatovy,west Bohemia,2389,M,74,15723.974999999999,15712.999999999998,11543.899999999998,0,66,0,,,,,,Basic
2223,1996-01-05,Monthly statement,44,Chrudim,east Bohemia,2692,M,73,15700.841666666667,13789.699999999999,13789.699999999999,0,57,0,,,,,,Basic
315,1997-12-08,Monthly statement,45,Jicin,east Bohemia,385,M,50,15691.666666666666,15000.0,400.0,0,10,0,,,,,,Basic
174,1996-09-04,Monthly statement,52,Usti nad Orlici,east Bohemia,212,M,23,15690.441666666666,20982.2,10972.800000000001,0,51,0,,,,,,Basic
3635,1997-05-04,Monthly statement,10,Praha - vychod,central Bohemia,4384,F,25,15690.29166666667,15838.000000000002,11493.000000000002,0,75,0,,,,,,Basic
831,1996-09-18,Monthly statement,44,Chrudim,east Bohemia,1001,M,51,15678.383333333333,17344.8,12443.1,0,56,0,,,,,,Basic
2980,1993-12-09,Monthly statement,66,Zdar nad Sazavou,south Moravia,3598,M,75,15670.333333333334,17475.1,11448.0,0,62,0,,,,,,Basic
1316,1996-12-13,Monthly statement,42,Havlickuv Brod,east Bohemia,1591,F,45,15668.283333333333,18368.9,13090.6,0,86,0,,,,,,Basic
1059,1995-05-30,Monthly statement,8,Mlada Boleslav,central Bohemia,1272,M,54,15660.758333333333,14077.8,12433.199999999999,0,73,0,,,,,,Basic
3271,1996-10-12,Monthly statement,8,Mlada Boleslav,central Bohemia,3960,M,34,15655.85,19265.7,12885.5,0,55,0,,,,,,Basic
826,1996-10-05,Monthly statement,44,Chrudim,east Bohemia,993,F,29,15654.625,24419.7,12354.5,0,84,0,,,,,,Basic
2850,1997-11-22,Monthly statement,57,Hodonin,south Moravia,3444,M,21,15646.475,19145.7,6514.0,0,44,0,,,,,,Basic
2291,1996-07-27,Monthly statement,49,Semily,east Bohemia,2773,F,79,15643.708333333334,16355.9,11097.7,0,58,0,,,,,,Basic
3560,1996-11-10,Monthly statement,57,Hodonin,south Moravia,4296,M,73,15630.083333333334,15295.9,12545.8,0,54,0,,,,,,Basic
814,1996-10-06,Monthly statement,76,Sumperk,north Moravia,977,F,72,15624.449999999997,17805.6,11370.299999999997,0,78,0,,,,,,Basic
965,1993-08-25,Monthly statement,20,Strakonice,south Bohemia,1163,M,34,15621.341666666667,18388.8,11816.400000000001,0,61,0,,,,,,Basic
1476,1993-04-26,Monthly statement,61,Trebic,south Moravia,1789,F,65,15618.508333333333,17204.899999999998,12924.699999999999,0,64,0,,,,,,Basic
1689,1993-09-07,Monthly statement,55,Brno - venkov,south Moravia,2051,F,80,15616.175000000001,13366.900000000001,12671.900000000001,0,59,0,,,,,,Basic
1812,1996-10-08,Monthly statement,31,Tachov,west Bohemia,2196,F,43,15611.816666666666,15459.800000000001,13564.300000000001,0,74,0,,,,,,Basic
3667,1994-01-26,Monthly statement,55,Brno - venkov,south Moravia,4420,M,41,15611.574999999999,16544.4,13553.3,0,60,0,,,,,,Basic
1823,1996-09-28,Monthly statement,3,Beroun,central Bohemia,2211,F,78,15606.1,20179.9,10467.6,0,55,0,,,,,,Basic
3305,1995-12-09,Monthly statement,13,Rakovnik,central Bohemia,3997,F,71,15603.441666666666,13236.0,12598.2,0,79,0,,,,,,Basic
1082,1996-06-08,Monthly statement,2,Benesov,central Bohemia,1299,F,78,15597.074999999999,17269.2,11633.9,0,55,0,,,,,,Basic
3964,1997-01-25,Monthly statement,25,Klatovy,west Bohemia,4782,M,32,15558.516666666668,13190.5,12607.9,0,55,0,,,,,,Basic
1960,1997-12-04,Monthly statement,31,Tachov,west Bohemia,2383,F,51,15557.475,19961.2,7178.5,0,53,0,,,,,,Basic
10694,1996-05-15,Weekly statement,73,Opava,north Moravia,13151,M,40,15556.433333333329,47312.6,2424.8999999999937,0,57,0,,,,,,Basic
1346,1997-07-01,Monthly statement,74,Ostrava - mesto,north Moravia,1631,M,22,15539.849999999999,12927.499999999998,11388.8,0,79,0,,,,,,Basic
231,1995-04-03,Monthly statement,22,Domazlice,west Bohemia,278,F,26,15533.158333333333,17145.8,13871.8,0,65,0,,,,,,Basic
1206,1995-10-21,Monthly statement,70,Karvina,north Moravia,1456,M,70,15529.158333333333,17151.3,13105.3,0,55,0,,,,,,Basic
599,1996-12-04,Monthly statement,54,Brno - mesto,south Moravia,717,M,30,15527.724999999999,25876.399999999998,11272.499999999998,0,78,0,,,,,,Basic
3244,1995-01-14,Monthly statement,56,Breclav,south Moravia,3924,M,27,15508.958333333334,18006.9,13441.5,0,72,0,,,,,,Basic
1045,1996-05-09,Monthly statement,3,Beroun,central Bohemia,1254,F,59,15507.816666666668,17565.100000000002,11362.0,0,66,0,,,,,,Basic
734,1996-04-08,Monthly statement,5,Kolin,central Bohemia,881,F,23,15506.058333333334,17542.5,11983.7,0,61,0,,,,,,Basic
2805,1996-05-20,Monthly statement,39,Most,north Bohemia,3389,F,31,15505.816666666668,16206.5,11909.800000000001,0,64,0,,,,,,Basic
2066,1996-08-07,Monthly statement,25,Klatovy,west Bohemia,2505,F,38,15504.441666666666,14254.499999999998,11945.599999999999,0,60,0,,,,,,Basic
1859,1996-02-02,Monthly statement,50,Svitavy,east Bohemia,2255,F,75,15502.191666666668,20148.9,12614.600000000002,0,65,0,,,,,,Basic
4204,1996-01-29,Monthly statement,21,Tabor,south Bohemia,5067,F,23,15485.491666666663,14668.599999999999,12040.099999999997,0,17,0,,,,,,Basic
688,1993-11-25,Monthly statement,74,Ostrava - mesto,north Moravia,825,M,21,15455.075000000003,16819.300000000003,14344.000000000002,0,67,0,,,,,,Basic
171,1996-06-08,Monthly statement,46,Nachod,east Bohemia,207,M,66,15427.150000000001,15594.100000000002,11552.400000000001,0,59,0,,,,,,Basic
2601,1996-11-24,Monthly statement,70,Karvina,north Moravia,3137,M,51,15425.0,20100.0,11700.0,0,11,0,,,,,,Basic
235,1993-10-06,Monthly statement,41,Usti nad Labem,north Bohemia,284,M,24,15416.508333333333,16332.9,13528.4,0,74,0,,,,,,Basic
1138,1997-04-07,Monthly statement,41,Usti nad Labem,north Bohemia,1369,M,20,15393.991666666667,18020.0,10413.7,0,15,0,,,,,,Basic
3409,1996-03-01,Monthly statement,23,Cheb,west Bohemia,4121,M,75,15387.508333333333,15747.6,11696.3,0,51,0,,,,,,Basic
143,1996-11-27,Monthly statement,21,Tabor,south Bohemia,173,F,80,15374.783333333335,22772.9,11180.300000000001,0,59,0,,,,,,Basic
1879,1994-05-13,Monthly statement,10,Praha - vychod,central Bohemia,2280,F,24,15371.900000000001,16733.2,13453.7,0,69,0,,,,,,Basic
2113,1996-08-28,Monthly statement,7,Melnik,central Bohemia,2557,M,41,15370.916666666664,14106.799999999997,12407.699999999999,0,55,0,,,,,,Basic
349,1997-06-08,Monthly statement,72,Olomouc,north Moravia,426,M,61,15364.183333333332,16682.399999999998,12741.499999999998,0,75,0,,5046.0,42816.0,C,0.0,Basic
728,1995-11-28,Monthly statement,60,Prostejov,south Moravia,873,M,54,15356.216666666667,21518.4,11740.6,0,70,0,,,,,,Basic
1582,1996-05-01,Monthly statement,28,Plzen - sever,west Bohemia,1916,M,72,15342.366666666669,19305.300000000003,12263.2,0,70,0,,,,,,Basic
3522,1996-06-07,Monthly statement,16,Jindrichuv Hradec,south Bohemia,4253,F,62,15338.1,22855.1,10977.2,0,60,0,,,,,,Basic
3477,1993-08-22,Monthly statement,71,Novy Jicin,north Moravia,4203,F,31,15317.1,14725.4,13600.7,0,59,0,,,,,,Basic
546,1996-11-23,Monthly statement,8,Mlada Boleslav,central Bohemia,657,F,72,15311.008333333333,13920.5,12500.800000000001,0,56,0,,,,,,Basic
3126,1996-09-03,Monthly statement,17,Pelhrimov,south Bohemia,3781,F,23,15296.491666666669,22488.300000000003,11032.100000000002,0,58,0,,,,,,Basic
3234,1995-09-16,Monthly statement,1,Hl.m. Praha,Prague,3912,F,53,15292.058333333334,14020.6,12635.4,0,55,0,,,,,,Basic
873,1997-04-26,Monthly statement,73,Opava,north Moravia,1051,F,27,15287.991666666669,13352.800000000001,13218.7,0,105,0,,5140.0,178500.0,C,0.0,Basic
2958,1993-09-19,Monthly statement,48,Rychnov nad Kneznou,east Bohemia,3572,F,70,15282.025,16265.6,13420.5,0,59,0,,,,,,Basic
2208,1997-07-02,Monthly statement,7,Melnik,central Bohemia,2672,F,58,15273.175000000001,17800.5,12837.1,0,60,0,,,,,,Basic
3932,1996-07-25,Monthly statement,74,Ostrava - mesto,north Moravia,4741,F,69,15272.208333333334,17083.899999999998,10763.8,0,68,0,,,,,,Basic
851,1994-09-23,Monthly statement,15,Cesky Krumlov,south Bohemia,1025,M,34,15271.691666666668,4473.300000000002,4473.300000000002,0,59,0,,,,,,Basic
9591,1993-05-20,Monthly statement,74,Ostrava - mesto,north Moravia,11804,M,54,15265.891666666685,5567.100000000017,5567.100000000017,0,44,0,,6950.0,104712.0,A,0.0,Basic
1018,1993-06-03,Monthly statement,7,Melnik,central Bohemia,1222,F,59,15242.966666666665,22388.899999999998,10907.199999999999,0,74,0,,,,,,Basic
935,1996-12-25,Monthly statement,23,Cheb,west Bohemia,1127,M,24,15242.058333333334,16635.0,12886.0,0,61,0,,,,,,Basic
475,1997-05-11,Monthly statement,3,Beroun,central Bohemia,571,M,74,15239.916666666666,12401.5,12401.5,0,59,0,,,,,,Basic
3686,1997-08-03,Monthly statement,77,Vsetin,north Moravia,4444,M,29,15238.908333333335,18079.4,12358.900000000001,0,57,0,,,,,,Basic
505,1996-12-16,Monthly statement,64,Zlin,south Moravia,607,M,34,15238.675000000001,17381.1,12374.9,0,73,0,,,,,,Basic
224,1996-10-27,Monthly statement,15,Cesky Krumlov,south Bohemia,269,F,75,15219.975,19354.4,12834.8,0,66,0,,,,,,Basic
4858,1997-06-21,Monthly statement,67,Bruntal,north Moravia,5866,F,20,15209.116666666667,33115.5,-6557.200000000002,1,101,0,,5991.0,335184.0,D,1.0,Basic
1740,1997-03-13,Monthly statement,57,Hodonin,south Moravia,2111,F,74,15188.883333333333,14666.9,12650.5,0,58,0,,,,,,Basic
752,1997-01-10,Monthly statement,23,Cheb,west Bohemia,902,M,48,15184.166666666666,24719.399999999998,4784.099999999999,0,66,0,,,,,,Basic
436,1996-08-07,Monthly statement,30,Sokolov,west Bohemia,524,F,35,15167.408333333331,15145.499999999996,11692.699999999997,0,85,0,,,,,,Basic
127,1994-02-02,Monthly statement,29,Rokycany,west Bohemia,152,F,53,15145.458333333334,17546.2,12213.900000000001,0,59,0,,,,,,Basic
2372,1997-06-15,Monthly statement,1,Hl.m. Praha,Prague,2867,F,38,15143.65,13698.800000000001,12131.2,0,101,0,,,,,,Basic
1015,1997-06-14,Monthly statement,1,Hl.m. Praha,Prague,1219,M,54,15118.191666666666,14184.5,9791.699999999999,0,64,0,,,,,,Basic
383,1997-05-15,Monthly statement,38,Louny,north Bohemia,463,M,54,15094.441666666666,18171.6,10808.8,0,55,0,,,,,,Basic
3250,1995-01-06,Monthly statement,1,Hl.m. Praha,Prague,3930,M,77,15091.841666666665,19940.399999999998,12670.599999999999,0,60,0,,,,,,Basic
1165,1997-03-23,Monthly statement,44,Chrudim,east Bohemia,1402,M,62,15088.058333333332,27689.899999999998,10787.099999999999,0,63,0,,,,,,Basic
1673,1993-12-08,Monthly statement,53,Blansko,south Moravia,2031,M,72,15057.008333333333,13136.199999999999,12202.7,0,63,0,,,,,,Basic
2154,1994-04-21,Monthly statement,63,Vyskov,south Moravia,2607,M,55,15055.975,15918.6,13438.5,0,60,0,,,,,,Basic
237,1994-03-25,Monthly statement,50,Svitavy,east Bohemia,287,M,18,15050.375,14668.5,12730.599999999999,0,68,0,,,,,,Basic
584,1996-07-14,Monthly statement,31,Tachov,west Bohemia,702,F,30,15042.224999999999,15068.3,13380.9,0,55,0,,,,,,Basic
3568,1996-04-11,Monthly statement,40,Teplice,north Bohemia,4305,F,59,15041.025,16057.0,11421.5,0,57,0,,,,,,Basic
1794,1997-07-23,Monthly statement,74,Ostrava - mesto,north Moravia,2174,F,46,15037.875,20564.8,10514.7,0,99,0,,,,,,Basic
2068,1993-06-02,Monthly statement,21,Tabor,south Bohemia,2507,F,46,15030.208333333334,14333.4,13733.6,0,85,0,,,,,,Basic
2981,1997-01-11,Monthly statement,46,Nachod,east Bohemia,3600,F,55,15024.733333333335,13148.4,12804.6,0,69,0,,,,,,Basic
1301,1994-09-15,Monthly statement,18,Pisek,south Bohemia,1574,M,19,15022.899999999992,16970.699999999993,14346.799999999992,0,29,0,,,,,,Basic
3317,1995-10-04,Monthly statement,4,Kladno,central Bohemia,4010,F,50,15009.141666666668,16904.8,12067.300000000001,0,61,0,,,,,,Basic
543,1994-05-03,Monthly statement,64,Zlin,south Moravia,654,F,56,15002.433333333332,16393.8,13140.199999999999,0,82,0,,,,,,Basic
607,1995-02-17,Monthly statement,16,Jindrichuv Hradec,south Bohemia,726,M,63,14986.916666666666,14757.300000000001,12575.5,0,54,0,,,,,,Basic
3108,1993-03-14,Monthly statement,53,Blansko,south Moravia,3758,F,35,14980.666666666666,15166.9,12950.8,0,71,0,,,,,,Basic
2236,1995-08-27,Monthly statement,73,Opava,north Moravia,2708,M,40,14972.125,-1453.7999999999995,-1453.7999999999995,2,59,0,,5415.0,139464.0,D,1.0,Basic
3765,1996-11-14,Monthly statement,32,Ceska Lipa,north Bohemia,4541,F,27,14968.558333333334,16900.6,12557.7,0,84,0,,,,,,Basic
305,1996-10-18,Monthly statement,34,Chomutov,north Bohemia,372,M,66,14958.824999999999,16285.699999999999,12905.2,0,56,0,,,,,,Basic
2312,1997-09-26,Monthly statement,65,Znojmo,south Moravia,2798,M,67,14945.199999999999,10197.6,10197.6,0,55,0,,,,,,Basic
325,1996-10-06,Monthly statement,75,Prerov,north Moravia,397,M,68,14917.983333333335,19749.4,11160.500000000002,0,60,0,,,,,,Basic
920,1996-09-05,Monthly statement,58,Jihlava,south Moravia,1109,F,67,14909.525,15526.8,10802.7,0,65,0,,,,,,Basic
3669,1993-12-22,Monthly statement,76,Sumperk,north Moravia,4422,F,55,14881.366666666663,18608.499999999996,11498.899999999998,0,80,0,,,,,,Basic
1509,1994-05-19,Monthly statement,51,Trutnov,east Bohemia,1829,F,56,14864.775000000001,17093.800000000003,12640.6,0,77,0,,,,,,Basic
3043,1996-12-29,Monthly statement,1,Hl.m. Praha,Prague,3678,F,64,14861.458333333334,15993.9,12031.3,0,56,0,,,,,,Basic
731,1995-07-11,Monthly statement,5,Kolin,central Bohemia,877,F,71,14861.300000000001,17135.7,12666.6,0,57,0,,,,,,Basic
302,1996-05-09,Monthly statement,7,Melnik,central Bohemia,369,F,68,14860.699999999999,17919.0,11897.999999999998,0,68,0,,,,,,Basic
5024,1995-08-20,Monthly statement,70,Karvina,north Moravia,6067,F,48,14856.949999999999,6470.599999999999,6470.599999999999,0,55,0,,,,,,Basic
464,1997-05-28,Monthly statement,43,Hradec Kralove,east Bohemia,558,F,78,14850.300000000001,16787.5,11409.9,0,63,0,,,,,,Basic
138,1995-09-19,Monthly statement,22,Domazlice,west Bohemia,165,M,30,14850.0,21200.0,10600.0,0,8,0,,,,,,Basic
10451,1993-08-29,Monthly statement,1,Hl.m. Praha,Prague,12859,F,22,14802.066666666666,13695.3,8384.199999999999,0,107,0,,7142.0,482940.0,D,1.0,Basic
605,1997-02-04,Monthly statement,65,Znojmo,south Moravia,724,F,45,14759.266666666668,25443.7,11435.1,0,63,0,,,,,,Basic
2832,1997-11-22,Monthly statement,12,Pribram,central Bohemia,3423,F,27,14757.791666666666,18812.6,7188.0,0,44,0,,,,,,Basic
6306,1997-03-04,Monthly statement,64,Zlin,south Moravia,7614,M,21,14757.01666666667,-191.69999999999618,-731.0999999999967,2,50,0,,,,,,Basic
265,1996-07-05,Monthly statement,19,Prachatice,south Bohemia,319,F,69,14738.541666666666,20758.100000000002,11057.4,0,58,0,,,,,,Basic
1909,1993-01-12,Monthly statement,14,Ceske Budejovice,south Bohemia,2319,F,28,14734.858333333335,14968.4,11636.5,0,82,0,,,,,,Basic
296,1996-02-14,Monthly statement,49,Semily,east Bohemia,360,M,55,14725.83333333333,14050.599999999999,12415.199999999999,0,57,0,,,,,,Basic
1354,1997-06-21,Monthly statement,31,Tachov,west Bohemia,1641,F,75,14718.241666666667,13144.4,11792.2,0,58,0,,,,,,Basic
3245,1997-06-26,Monthly statement,45,Jicin,east Bohemia,3925,F,62,14716.0,19592.6,11558.6,0,64,0,,,,,,Basic
178,1997-09-06,Monthly statement,59,Kromeriz,south Moravia,217,F,24,14701.166666666666,18082.0,12866.1,0,67,0,,,,,,Basic
490,1995-05-23,Monthly statement,45,Jicin,east Bohemia,589,M,37,14677.216666666667,15084.400000000001,12927.400000000001,0,56,0,,,,,,Basic
4379,1996-06-28,Monthly statement,44,Chrudim,east Bohemia,5277,F,30,14658.933333333334,12409.900000000001,11338.2,0,47,0,,,,,,Basic
1985,1996-07-29,Monthly statement,20,Strakonice,south Bohemia,2412,M,18,14657.508333333333,16114.800000000001,10907.2,0,48,0,,,,,,Basic
957,1995-12-22,Monthly statement,70,Karvina,north Moravia,1153,F,18,14654.633333333331,13037.599999999999,10664.199999999999,0,71,0,,,,,,Basic
3676,1996-06-08,Monthly statement,58,Jihlava,south Moravia,4431,M,68,14634.75,15391.3,12401.3,0,59,0,,,,,,Basic
547,1997-07-27,Monthly statement,24,Karlovy Vary,west Bohemia,659,M,33,14633.408333333333,17443.0,12268.2,0,61,0,,,,,,Basic
1244,1996-05-08,Monthly statement,68,Frydek - Mistek,north Moravia,1501,M,52,14626.083333333334,18842.3,12114.199999999999,0,101,0,,5207.0,35904.0,C,0.0,Basic
842,1995-04-07,Monthly statement,62,Uherske Hradiste,south Moravia,1015,M,64,14622.775,17884.0,12471.9,0,56,0,,,,,,Basic
3275,1994-06-29,Monthly statement,74,Ostrava - mesto,north Moravia,3964,M,56,14587.300000000001,21634.7,9478.800000000001,0,75,0,,,,,,Basic
2420,1996-06-25,Monthly statement,35,Jablonec n. Nisou,north Bohemia,2923,F,21,14556.783333333333,15724.1,11518.9,0,59,0,,,,,,Basic
49,1997-04-06,Monthly statement,1,Hl.m. Praha,Prague,58,F,71,14544.816666666668,15310.600000000002,12105.700000000003,0,60,0,,,,,,Basic
1377,1996-09-25,Monthly statement,1,Hl.m. Praha,Prague,1666,M,57,14487.858333333332,15024.9,11793.0,0,65,0,,,,,,Basic
3041,1996-04-04,Monthly statement,70,Karvina,north Moravia,3675,M,46,14482.775,17383.0,11461.1,0,85,0,,,,,,Basic
11271,1995-09-20,Monthly statement,5,Kolin,central Bohemia,13852,M,26,14471.625,19683.2,8242.1,0,99,0,,7286.0,67320.0,C,0.0,Basic
879,1997-06-04,Monthly statement,9,Nymburk,central Bohemia,1058,F,23,14467.050000000001,15984.5,10659.4,0,55,0,,,,,,Basic
3884,1996-11-14,Monthly statement,1,Hl.m. Praha,Prague,4681,F,49,14444.883333333333,18270.8,10239.900000000001,0,61,0,,,,,,Basic
522,1995-12-20,Monthly statement,17,Pelhrimov,south Bohemia,627,M,26,14436.516666666668,26586.2,7874.800000000002,0,74,0,,,,,,Basic
3780,1995-11-25,Monthly statement,44,Chrudim,east Bohemia,4557,F,66,14421.050000000001,18951.4,10372.9,0,77,0,,,,,,Basic
483,1997-07-15,Monthly statement,70,Karvina,north Moravia,581,F,49,14419.15,12908.2,12101.6,0,58,0,,,,,,Basic
2525,1995-05-08,Monthly statement,45,Jicin,east Bohemia,3047,M,23,14415.591666666667,18852.5,11609.7,0,70,0,,,,,,Basic
3671,1997-09-17,Monthly statement,21,Tabor,south Bohemia,4424,M,65,14400.025,12759.3,11942.0,0,57,0,,,,,,Basic
1573,1997-12-29,Monthly statement,63,Vyskov,south Moravia,1906,M,76,14372.324999999999,12963.099999999999,6492.0,0,47,0,,,,,,Basic
2621,1995-10-29,Monthly statement,55,Brno - venkov,south Moravia,3162,M,38,14371.408333333333,15649.4,11204.0,0,57,0,,,,,,Basic
781,1995-02-19,Monthly statement,33,Decin,north Bohemia,933,F,20,14353.108333333332,13526.5,11886.2,0,63,0,,,,,,Basic
3393,1996-12-22,Monthly statement,4,Kladno,central Bohemia,4102,F,29,14340.525000000001,14301.300000000001,11725.900000000001,0,59,0,,,,,,Basic
801,1997-07-23,Monthly statement,16,Jindrichuv Hradec,south Bohemia,960,F,41,14310.191666666668,15840.300000000001,10351.0,0,76,0,,,,,,Basic
3581,1997-03-26,Monthly statement,66,Zdar nad Sazavou,south Moravia,4320,F,40,14308.508333333333,23445.800000000003,11310.2,0,75,0,,,,,,Basic
3677,1995-10-04,Monthly statement,1,Hl.m. Praha,Prague,4432,F,34,14305.216666666667,14908.800000000001,12072.4,0,61,0,,,,,,Basic
2888,1996-05-23,Monthly statement,19,Prachatice,south Bohemia,3490,M,78,14302.975,13131.800000000001,10916.8,0,65,0,,,,,,Basic
2103,1997-02-01,Monthly statement,48,Rychnov nad Kneznou,east Bohemia,2547,F,45,14293.783333333333,20289.5,11234.3,0,71,0,,,,,,Basic
2373,1996-09-29,Monthly statement,14,Ceske Budejovice,south Bohemia,2868,M,65,14282.258333333333,16429.3,11153.9,0,59,0,,,,,,Basic
11320,1993-05-26,Monthly statement,44,Chrudim,east Bohemia,13915,M,24,14251.683333333334,35294.3,-401.2999999999995,1,66,0,,,,,,Basic
3121,1996-03-08,Monthly statement,46,Nachod,east Bohemia,3775,M,70,14242.833333333334,15411.9,12165.6,0,54,0,,,,,,Basic
684,1996-05-12,Monthly statement,49,Semily,east Bohemia,821,M,50,14225.041666666666,16322.2,11901.3,0,56,0,,,,,,Basic
678,1993-10-08,Monthly statement,17,Pelhrimov,south Bohemia,814,M,39,14224.941666666668,12493.200000000003,8783.100000000002,0,86,0,,,,,,Basic
9041,1993-08-03,Monthly statement,1,Hl.m. Praha,Prague,11136,F,54,14219.050000000001,2263.800000000001,-1621.8999999999985,1,57,0,,,,,,Basic
2946,1996-05-07,Monthly statement,54,Brno - mesto,south Moravia,3558,F,70,14207.616666666667,15117.3,11522.9,0,54,0,,,,,,Basic
3187,1997-12-20,Monthly statement,59,Kromeriz,south Moravia,3853,F,18,14191.791666666666,13527.300000000001,11570.7,0,51,0,,,,,,Basic
1368,1996-12-12,Monthly statement,22,Domazlice,west Bohemia,1656,F,30,14190.408333333331,12590.399999999996,7484.499999999996,0,51,0,,,,,,Basic
692,1996-10-02,Monthly statement,69,Jesenik,north Moravia,830,M,50,14189.616666666667,13090.099999999999,12255.3,0,76,0,,,,,,Basic
834,1997-05-23,Monthly statement,3,Beroun,central Bohemia,1004,M,41,14148.108333333332,18971.2,10347.1,0,56,0,,,,,,Basic
1349,1996-03-05,Monthly statement,75,Prerov,north Moravia,1635,F,68,14144.116666666669,16248.400000000001,11243.500000000002,0,71,0,,,,,,Basic
3018,1996-12-03,Monthly statement,34,Chomutov,north Bohemia,3645,M,23,14142.733333333332,8882.5,3130.8999999999987,0,60,0,,,,,,Basic
4328,1994-06-17,Monthly statement,72,Olomouc,north Moravia,5212,F,52,14111.216666666667,12043.5,2990.1000000000004,0,63,0,,,,,,Basic
7133,1993-09-17,Monthly statement,1,Hl.m. Praha,Prague,8610,F,50,14046.608333333335,16889.100000000002,11201.6,0,102,0,,6460.0,48672.0,A,0.0,Basic
1226,1996-10-23,Monthly statement,1,Hl.m. Praha,Prague,1479,M,42,13990.525,16950.399999999998,9633.199999999999,0,56,0,,,,,,Basic
2042,1997-02-12,Monthly statement,31,Tachov,west Bohemia,2479,F,39,13989.050000000001,18381.0,9589.7,0,66,0,,,,,,Basic
2952,1997-04-28,Monthly statement,65,Znojmo,south Moravia,3566,F,66,13988.258333333333,14932.2,11428.8,0,75,0,,,,,,Basic
876,1997-10-26,Monthly statement,4,Kladno,central Bohemia,1055,M,79,13979.766666666668,11371.0,10997.1,0,51,0,,,,,,Basic
2614,1996-09-11,Monthly statement,44,Chrudim,east Bohemia,3155,F,25,13937.583333333334,15145.699999999999,12297.4,0,54,0,,,,,,Basic
636,1997-04-24,Monthly statement,75,Prerov,north Moravia,763,F,71,13932.641666666668,14151.2,12047.8,0,57,0,,,,,,Basic
2221,1997-11-15,Monthly statement,58,Jihlava,south Moravia,2690,F,27,13877.925000000001,16128.7,6724.0,0,53,0,,,,,,Basic
1546,1996-11-20,Monthly statement,15,Cesky Krumlov,south Bohemia,1875,M,22,13876.191666666666,10761.8,8173.099999999999,0,62,0,,,,,,Basic
3232,1996-10-02,Monthly statement,37,Litomerice,north Bohemia,3910,F,79,13864.733333333335,11948.900000000001,10863.5,0,58,0,,,,,,Basic
3434,1996-05-13,Monthly statement,32,Ceska Lipa,north Bohemia,4153,M,42,13821.199999999999,13572.8,12128.4,0,71,0,,,,,,Basic
2474,1996-04-20,Monthly statement,33,Decin,north Bohemia,2988,M,37,13819.975,15269.0,11682.8,0,76,0,,,,,,Basic
2688,1995-02-20,Monthly statement,72,Olomouc,north Moravia,3244,M,65,13788.941666666668,14969.900000000001,10633.800000000001,0,57,0,,,,,,Basic
3846,1997-04-27,Monthly statement,61,Trebic,south Moravia,4637,M,29,13778.866666666667,14082.5,11815.1,0,54,0,,,,,,Basic
3033,1997-12-10,Monthly statement,69,Jesenik,north Moravia,3663,F,51,13722.083333333334,19297.0,3802.0,0,54,0,,,,,,Basic
13,1997-08-17,Monthly statement,76,Sumperk,north Moravia,17,M,64,13708.258333333331,13224.8,11075.699999999999,0,66,0,,,,,,Basic
1176,1996-10-24,Monthly statement,19,Prachatice,south Bohemia,1416,M,71,13682.708333333334,12917.3,10474.7,0,55,0,,,,,,Basic
1769,1995-01-25,Monthly statement,39,Most,north Bohemia,2145,F,30,13654.191666666666,18464.1,5986.499999999998,0,54,0,,,,,,Basic
6075,1996-09-15,Monthly statement,19,Prachatice,south Bohemia,7339,F,24,13637.791666666666,18036.8,7640.000000000001,0,50,0,,6237.0,407952.0,D,1.0,Basic
2589,1996-12-04,Monthly statement,10,Praha - vychod,central Bohemia,3125,F,76,13626.991666666667,13879.3,10652.6,0,69,0,,,,,,Basic
3856,1996-12-03,Monthly statement,45,Jicin,east Bohemia,4649,F,70,13605.066666666666,13936.7,10494.9,0,64,0,,,,,,Basic
8225,1996-12-07,Monthly statement,50,Svitavy,east Bohemia,10159,M,60,13581.883333333333,37568.5,-214.60000000000014,1,107,0,,6682.0,36204.0,D,1.0,Basic
714,1996-11-04,Monthly statement,23,Cheb,west Bohemia,856,M,79,13581.808333333334,14377.400000000001,11364.5,0,57,0,,,,,,Basic
6083,1996-09-19,Weekly statement,6,Kutna Hora,central Bohemia,7348,F,21,13574.949999999995,5057.399999999995,-8590.500000000005,5,89,0,,6239.0,360864.0,D,1.0,Basic
3747,1994-05-01,Monthly statement,1,Hl.m. Praha,Prague,4520,F,41,13566.550000000001,17077.9,8237.800000000001,0,83,0,,5739.0,76380.0,A,0.0,Basic
215,1997-11-25,Monthly statement,31,Tachov,west Bohemia,259,M,32,13545.958333333334,15083.8,7364.0,0,44,0,,,,,,Basic
3961,1997-01-24,Monthly statement,52,Usti nad Orlici,east Bohemia,4779,M,20,13535.191666666666,11570.0,11570.0,0,64,0,,,,,,Basic
3889,1997-07-03,Monthly statement,16,Jindrichuv Hradec,south Bohemia,4687,F,51,13519.199999999999,15556.8,10284.699999999999,0,73,0,,,,,,Basic
3203,1995-08-07,Monthly statement,23,Cheb,west Bohemia,3873,F,38,13517.475,13025.300000000001,11917.800000000001,0,63,0,,,,,,Basic
98,1997-05-02,Monthly statement,55,Brno - venkov,south Moravia,118,M,76,13513.016666666668,14444.000000000002,10624.000000000002,0,72,0,,,,,,Basic
3530,1996-01-03,Monthly statement,34,Chomutov,north Bohemia,4261,F,74,13506.616666666667,14471.199999999999,11182.699999999999,0,61,0,,,,,,Basic
3543,1996-07-21,Monthly statement,74,Ostrava - mesto,north Moravia,4276,F,25,13487.800000000001,15131.699999999999,11599.0,0,62,0,,,,,,Basic
644,1997-11-06,Monthly statement,4,Kladno,central Bohemia,773,M,63,13481.574999999999,15782.199999999999,9211.2,0,59,0,,,,,,Basic
2416,1996-01-23,Monthly statement,5,Kolin,central Bohemia,2918,M,31,13472.966666666669,6809.2000000000035,5073.2000000000035,0,63,0,,,,,,Basic
637,1996-08-27,Monthly statement,49,Semily,east Bohemia,764,F,43,13448.666666666666,15623.699999999999,11071.0,0,60,0,,,,,,Basic
2874,1997-04-02,Monthly statement,32,Ceska Lipa,north Bohemia,3474,F,44,13407.366666666667,13962.0,11297.5,0,58,0,,,,,,Basic
3318,1996-06-25,Monthly statement,62,Uherske Hradiste,south Moravia,4011,F,41,13400.949999999999,13519.2,10818.6,0,80,0,,,,,,Basic
1423,1995-09-08,Monthly statement,76,Sumperk,north Moravia,1725,F,39,13378.666666666664,14339.399999999998,11369.799999999997,0,71,0,,,,,,Basic
2878,1997-06-14,Monthly statement,1,Hl.m. Praha,Prague,3478,M,72,13372.533333333333,13959.4,8691.7,0,62,0,,,,,,Basic
2590,1996-12-04,Monthly statement,47,Pardubice,east Bohemia,3126,M,60,13368.074999999999,12496.8,11434.8,0,88,0,,,,,,Basic
3587,1995-12-24,Monthly statement,64,Zlin,south Moravia,4329,F,51,13352.608333333335,17818.100000000002,10029.300000000001,0,80,0,,,,,,Basic
1241,1996-07-02,Monthly statement,53,Blansko,south Moravia,1497,F,50,13313.741666666667,14013.5,11048.599999999999,0,83,0,,,,,,Basic
3138,1996-03-24,Monthly statement,37,Litomerice,north Bohemia,3794,F,22,13306.500000000002,14116.400000000001,12015.400000000001,0,43,1,junior,,,,,Basic
1173,1996-09-22,Monthly statement,11,Praha - zapad,central Bohemia,1413,F,29,13248.966666666667,9621.9,9621.9,0,75,0,,,,,,Basic
2361,1994-02-25,Monthly statement,28,Plzen - sever,west Bohemia,2853,F,42,13248.883333333333,15261.800000000001,10607.2,0,65,0,,5453.0,156672.0,A,0.0,Basic
2115,1996-12-05,Monthly statement,8,Mlada Boleslav,central Bohemia,2559,F,33,13206.033333333333,13259.4,11231.4,0,56,0,,,,,,Basic
450,1996-05-28,Monthly statement,59,Kromeriz,south Moravia,542,F,77,13202.691666666668,16112.300000000001,10888.0,0,57,0,,,,,,Basic
214,1997-03-09,Monthly statement,22,Domazlice,west Bohemia,257,F,56,13185.891666666668,15033.0,10211.1,0,59,0,,,,,,Basic
722,1997-05-04,Statement after transaction,38,Louny,north Bohemia,866,F,23,13168.508333333337,13305.1,-2949.899999999994,2,53,0,,,,,,Basic
602,1995-10-27,Monthly statement,43,Hradec Kralove,east Bohemia,721,M,58,13162.15,18577.5,10720.3,0,56,0,,,,,,Basic
3432,1996-06-25,Monthly statement,1,Hl.m. Praha,Prague,4149,M,19,13144.275,15290.4,11293.800000000001,0,62,0,,,,,,Basic
1233,1996-02-08,Monthly statement,31,Tachov,west Bohemia,1488,M,37,13020.933333333334,13135.1,11625.2,0,58,0,,,,,,Basic
3703,1997-06-18,Monthly statement,74,Ostrava - mesto,north Moravia,4465,M,61,13020.458333333334,12630.4,11427.5,0,71,0,,,,,,Basic
492,1993-10-10,Monthly statement,5,Kolin,central Bohemia,591,F,24,12994.966666666665,16669.699999999997,5595.599999999998,0,59,0,,,,,,Basic
906,1997-12-27,Monthly statement,59,Kromeriz,south Moravia,1091,F,58,12959.949999999999,17349.7,4161.0,0,42,0,,,,,,Basic
4589,1995-05-22,Monthly statement,4,Kladno,central Bohemia,5531,M,19,12932.766666666672,16959.900000000005,5178.400000000004,0,61,0,,,,,,Basic
1738,1996-08-06,Monthly statement,15,Cesky Krumlov,south Bohemia,2109,F,48,12889.508333333331,13122.199999999999,11001.199999999999,0,56,0,,,,,,Basic
7618,1995-06-13,Weekly statement,72,Olomouc,north Moravia,9433,F,53,12832.433333333332,13344.099999999999,1436.499999999999,0,81,0,,,,,,Basic
3735,1995-04-27,Monthly statement,1,Hl.m. Praha,Prague,4507,M,28,12772.533333333327,15387.799999999996,2842.699999999995,0,50,1,classic,,,,,Basic
1459,1997-03-26,Monthly statement,12,Pribram,central Bohemia,1769,M,49,12769.116666666667,15304.1,10727.4,0,67,0,,,,,,Basic
1974,1995-06-01,Monthly statement,42,Havlickuv Brod,east Bohemia,2399,F,55,12727.833333333336,16324.500000000004,11462.900000000003,0,9,0,,,,,,Basic
262,1996-01-27,Monthly statement,75,Prerov,north Moravia,316,M,43,12716.666666666666,22600.0,9100.0,0,4,0,,,,,,Basic
10857,1996-10-02,Monthly statement,50,Svitavy,east Bohemia,13346,M,42,12694.600000000004,-5301.900000000001,-13832.399999999998,3,86,0,,7209.0,385560.0,D,1.0,Basic
3524,1997-06-28,Monthly statement,66,Zdar nad Sazavou,south Moravia,4255,F,73,12672.658333333333,11284.8,9474.0,0,62,0,,,,,,Basic
246,1997-12-20,Monthly statement,65,Znojmo,south Moravia,297,F,74,12672.491666666667,17211.9,5186.0,0,45,0,,,,,,Basic
1100,1996-09-23,Monthly statement,35,Jablonec n. Nisou,north Bohemia,1321,F,21,12662.675000000001,14266.7,10768.7,0,78,0,,,,,,Basic
2937,1997-02-25,Monthly statement,1,Hl.m. Praha,Prague,3547,F,74,12633.025,12251.1,10588.0,0,55,0,,,,,,Basic
4725,1997-04-14,Monthly statement,73,Opava,north Moravia,5699,M,48,12600.183333333334,33453.0,4254.500000000001,0,73,0,,5956.0,168264.0,C,0.0,Basic
2545,1996-12-04,Monthly statement,1,Hl.m. Praha,Prague,3072,M,62,12583.458333333334,20173.8,8735.2,0,101,0,,5491.0,428784.0,C,0.0,Basic
3176,1997-03-26,Monthly statement,26,Plzen - mesto,west Bohemia,3841,M,79,12567.583333333334,13324.9,11459.8,0,63,0,,,,,,Basic
1715,1996-05-26,Monthly statement,60,Prostejov,south Moravia,2080,M,35,12521.658333333338,1819.9000000000065,1592.8000000000065,0,56,0,,,,,,Basic
1669,1996-09-19,Monthly statement,39,Most,north Bohemia,2025,M,57,12449.800000000001,11082.3,7083.999999999999,0,59,0,,,,,,Basic
3916,1997-09-28,Monthly statement,8,Mlada Boleslav,central Bohemia,4722,M,26,12425.091666666665,14905.8,7839.8,0,84,0,,5774.0,96984.0,C,0.0,Basic
1347,1996-11-24,Monthly statement,8,Mlada Boleslav,central Bohemia,1632,F,55,12347.675000000001,13060.1,10528.800000000001,0,56,0,,,,,,Basic
3911,1997-12-16,Monthly statement,32,Ceska Lipa,north Bohemia,4717,M,54,12331.983333333332,17491.9,3120.0,0,39,0,,,,,,Basic
611,1997-07-21,Monthly statement,46,Nachod,east Bohemia,733,M,20,12325.525,13947.7,10394.3,0,60,0,,,,,,Basic
2556,1997-10-19,Monthly statement,46,Nachod,east Bohemia,3087,F,39,12320.333333333334,13268.6,9827.0,0,51,0,,,,,,Basic
10351,1995-05-04,Monthly statement,23,Cheb,west Bohemia,12738,F,38,12279.808333333334,14960.400000000001,8072.000000000002,0,66,0,,7115.0,88704.0,C,0.0,Basic
2872,1996-09-04,Monthly statement,1,Hl.m. Praha,Prague,3471,F,46,12276.633333333331,17037.1,9680.099999999999,0,74,0,,5556.0,268320.0,C,0.0,Basic
2481,1995-10-28,Monthly statement,1,Hl.m. Praha,Prague,2996,M,33,12225.0,14900.0,9600.0,0,12,0,,,,,,Basic
1890,1997-07-20,Weekly statement,1,Hl.m. Praha,Prague,2293,M,29,12200.249999999998,4925.099999999995,-435.80000000000064,1,71,0,,,,,,Basic
5063,1995-10-11,Monthly statement,43,Hradec Kralove,east Bohemia,6112,F,40,12175.874999999998,4765.199999999999,2639.3999999999987,0,44,0,,,,,,Basic
1589,1993-08-07,Monthly statement,37,Litomerice,north Bohemia,1925,M,60,12047.233333333332,11013.9,11013.9,0,9,0,,,,,,Basic
9051,1996-01-17,Weekly statement,5,Kolin,central Bohemia,11147,F,26,11959.666666666666,23188.1,-2232.900000000003,2,75,0,,,,,,Basic
10220,1996-08-26,Monthly statement,44,Chrudim,east Bohemia,12568,F,42,11801.866666666669,37904.5,-469.49999999999704,1,76,0,,,,,,Basic
9017,1995-11-22,Monthly statement,70,Karvina,north Moravia,11105,F,41,11789.733333333332,21413.2,4559.8,0,83,0,,6816.0,100224.0,D,1.0,Basic
6512,1996-02-03,Weekly statement,34,Chomutov,north Bohemia,7864,M,63,11757.383333333337,13944.100000000004,-581.0999999999965,1,68,0,,,,,,Basic
1707,1997-01-13,Monthly statement,75,Prerov,north Moravia,2072,F,54,11663.341666666667,23074.5,3994.9000000000005,0,54,0,,,,,,Basic
3985,1997-07-13,Monthly statement,1,Hl.m. Praha,Prague,4805,F,63,11658.083333333334,16898.9,8357.9,0,57,0,,,,,,Basic
3951,1997-06-02,Monthly statement,22,Domazlice,west Bohemia,4766,M,31,11584.333333333336,17437.100000000002,3937.500000000001,0,49,0,,,,,,Basic
1720,1995-05-16,Monthly statement,35,Jablonec n. Nisou,north Bohemia,2086,F,44,11400.0,11400.0,11400.0,0,0,0,,,,,,Basic
1685,1995-12-13,Monthly statement,28,Plzen - sever,west Bohemia,2045,M,42,11339.216666666658,5961.799999999991,2612.3999999999915,0,42,1,classic,,,,,Basic
379,1996-05-18,Monthly statement,32,Ceska Lipa,north Bohemia,459,F,31,11313.558333333334,13895.0,8456.0,0,102,0,,,,,,Basic
2180,1993-10-27,Monthly statement,45,Jicin,east Bohemia,2639,F,48,11300.0,11300.0,11300.0,0,0,0,,,,,,Basic
4427,1993-06-07,Monthly statement,32,Ceska Lipa,north Bohemia,5337,M,37,11106.508333333333,14225.699999999999,4559.299999999999,0,56,0,,5882.0,87816.0,A,0.0,Basic
8772,1996-05-16,Monthly statement,1,Hl.m. Praha,Prague,10813,F,19,11078.191666666666,16598.6,5295.499999999999,0,75,0,,6763.0,88272.0,C,0.0,Basic
695,1996-04-21,Monthly statement,5,Kolin,central Bohemia,833,M,38,11041.700000000003,16752.200000000004,4649.200000000003,0,65,0,,,,,,Basic
1787,1993-03-22,Weekly statement,30,Sokolov,west Bohemia,2166,F,51,10965.616666666654,5902.699999999988,2313.499999999987,0,42,0,,5314.0,96396.0,B,1.0,Basic
1430,1997-02-13,Monthly statement,26,Plzen - mesto,west Bohemia,1734,M,23,10916.666666666666,11000.0,10000.0,0,2,0,,,,,,Basic
7418,1995-04-07,Monthly statement,21,Tabor,south Bohemia,9196,F,59,10897.541666666668,16788.100000000002,2760.000000000001,0,96,0,,6501.0,30276.0,B,1.0,Basic
2021,1997-02-05,Monthly statement,69,Jesenik,north Moravia,2454,F,58,10866.666666666666,10300.0,9300.0,0,5,0,,,,,,Basic
9199,1996-05-15,Monthly statement,72,Olomouc,north Moravia,11327,M,51,10800.858333333332,8399.899999999998,-2360.6,2,92,0,,6865.0,29448.0,B,1.0,Basic
3814,1995-12-27,Monthly statement,74,Ostrava - mesto,north Moravia,4596,F,25,10800.0,10800.0,10800.0,0,0,0,,,,,,Basic
2055,1997-04-17,Monthly statement,37,Litomerice,north Bohemia,2494,M,27,10712.550000000003,11414.400000000003,7332.600000000002,0,61,0,,5365.0,271260.0,C,0.0,Basic
2587,1997-07-25,Monthly statement,1,Hl.m. Praha,Prague,3123,M,19,10556.083333333334,14481.5,1144.9000000000008,0,60,0,,,,,,Basic
1687,1997-04-18,Monthly statement,23,Cheb,west Bohemia,2048,F,70,10488.458333333334,15649.599999999999,3733.6999999999994,0,60,0,,,,,,Basic
236,1996-03-16,Monthly statement,72,Olomouc,north Moravia,285,M,44,10475.0,13000.0,9800.0,0,4,0,,,,,,Basic
708,1996-03-30,Monthly statement,26,Plzen - mesto,west Bohemia,849,F,59,10391.666666666666,8800.0,8800.0,0,8,0,,,,,,Basic
6064,1997-01-11,Monthly statement,49,Semily,east Bohemia,7327,M,39,10332.416666666664,3605.8999999999983,-3262.1000000000013,1,62,0,,,,,,Basic
869,1996-07-15,Monthly statement,16,Jindrichuv Hradec,south Bohemia,1047,F,35,10300.0,10300.0,10300.0,0,0,0,,,,,,Basic
2300,1997-01-13,Monthly statement,36,Liberec,north Bohemia,2784,F,40,10241.666666666666,9900.0,9900.0,0,3,0,,,,,,Basic
1692,1995-03-29,Monthly statement,56,Breclav,south Moravia,2055,F,22,10095.866666666665,18630.899999999998,2928.6999999999985,0,43,0,,,,,,Basic
4753,1996-11-07,Monthly statement,1,Hl.m. Praha,Prague,5736,M,45,10077.658333333335,7792.500000000001,-4039.7,3,58,0,,,,,,Basic
182,1996-08-24,Monthly statement,47,Pardubice,east Bohemia,222,F,26,10000.0,10000.0,10000.0,0,1,0,,,,,,Basic
1563,1996-08-14,Monthly statement,47,Pardubice,east Bohemia,1895,F,33,10000.0,10000.0,10000.0,0,0,0,,,,,,Basic
11123,1996-07-21,Monthly statement,39,Most,north Bohemia,13673,M,27,9953.11666666666,-1535.3000000000081,-1535.3000000000081,1,62,0,,,,,,Basic
3800,1996-09-16,Monthly statement,30,Sokolov,west Bohemia,4580,F,54,9924.566666666666,10869.699999999999,7284.9,0,73,0,,,,,,Basic
1735,1996-12-04,Monthly statement,42,Havlickuv Brod,east Bohemia,2105,F,51,9863.575,9535.1,9535.1,0,5,0,,,,,,Basic
19,1995-04-07,Monthly statement,21,Tabor,south Bohemia,25,F,59,9768.57500000001,10873.30000000001,6871.60000000001,0,81,0,,4961.0,30276.0,B,1.0,Basic
3037,1994-05-26,Monthly statement,44,Chrudim,east Bohemia,3670,F,18,9749.475000000002,6026.800000000002,2271.900000000003,0,34,0,,5593.0,277884.0,D,1.0,Basic
713,1996-10-15,Monthly statement,58,Jihlava,south Moravia,855,M,68,9740.441666666668,12580.0,6590.5,0,55,0,,,,,,Basic
479,1995-11-05,Monthly statement,1,Hl.m. Praha,Prague,577,F,35,9654.716666666665,10905.9,7463.299999999999,0,62,0,,,,,,Basic
9484,1997-04-26,Monthly statement,5,Kolin,central Bohemia,11676,F,55,9602.516666666666,11369.5,4145.5,0,74,0,,,,,,Basic
799,1993-10-10,Monthly statement,56,Breclav,south Moravia,957,F,57,9348.7,9348.7,9348.7,0,0,0,,,,,,Basic
3888,1993-05-27,Monthly statement,39,Most,north Bohemia,4686,M,54,9301.3,9301.3,9301.3,0,3,0,,,,,,Basic
838,1993-10-23,Monthly statement,47,Pardubice,east Bohemia,1009,F,36,9255.583333333334,4227.6,4227.6,0,18,0,,,,,,Basic
58,1996-08-23,Monthly statement,29,Rokycany,west Bohemia,67,F,66,9153.641666666666,11255.699999999999,-2204.3,1,62,0,,,,,,Basic
2029,1993-05-29,Monthly statement,55,Brno - venkov,south Moravia,2464,M,53,8900.0,8900.0,8900.0,0,0,0,,,,,,Basic
9192,1994-08-16,Monthly statement,1,Hl.m. Praha,Prague,11319,F,56,8881.666666666666,35783.7,-1548.2999999999997,4,57,1,classic,,,,,Basic
2642,1995-06-05,Monthly statement,68,Frydek - Mistek,north Moravia,3188,F,22,8642.983333333337,3974.7000000000035,3320.800000000004,0,96,0,,,,,,Basic
1888,1996-10-21,Monthly statement,6,Kutna Hora,central Bohemia,2291,M,41,8612.091666666667,-3387.199999999999,-3387.199999999999,2,133,0,,5338.0,57360.0,B,1.0,Basic
5767,1993-06-16,Monthly statement,72,Olomouc,north Moravia,6978,M,33,8495.483333333337,12466.300000000003,-268.099999999996,1,68,0,,,,,,Basic
465,1993-02-04,Monthly statement,32,Ceska Lipa,north Bohemia,559,F,26,8463.366666666667,20583.0,3601.899999999999,0,52,0,,,,,,Basic
2585,1993-02-10,Monthly statement,75,Prerov,north Moravia,3120,M,34,8324.625,29111.0,-3502.2999999999993,3,53,0,,,,,,Basic
4729,1997-05-23,Monthly statement,66,Zdar nad Sazavou,south Moravia,5704,F,23,8220.275,13608.499999999998,-1150.900000000001,1,64,0,,,,,,Basic
6051,1993-08-28,Monthly statement,56,Breclav,south Moravia,7311,M,49,8143.383333333332,10932.699999999999,1096.4999999999993,0,71,0,,6232.0,276660.0,B,1.0,Basic
459,1993-01-21,Monthly statement,47,Pardubice,east Bohemia,551,F,22,8100.0,8100.0,8100.0,0,0,0,,,,,,Basic
2299,1997-01-21,Monthly statement,1,Hl.m. Praha,Prague,2783,M,58,8063.349999999999,19189.5,1948.6000000000004,0,62,0,,,,,,Basic
1932,1996-04-03,Monthly statement,35,Jablonec n. Nisou,north Bohemia,2347,F,55,7973.008333333334,17.499999999999773,-1586.3999999999996,1,61,0,,,,,,Basic
3892,1993-10-25,Monthly statement,43,Hradec Kralove,east Bohemia,4692,F,43,7851.125,11384.0,3838.3,0,59,0,,,,,,Basic
2566,1993-01-27,Monthly statement,48,Rychnov nad Kneznou,east Bohemia,3097,M,50,7841.366666666666,6006.8,3200.3999999999996,0,20,0,,,,,,Basic
2176,1993-06-06,Monthly statement,67,Bruntal,north Moravia,2635,F,32,7770.633333333336,-1577.8999999999978,-3899.4999999999964,3,57,0,,5395.0,299088.0,B,1.0,Basic
5740,1993-04-16,Monthly statement,43,Hradec Kralove,east Bohemia,6944,M,28,7393.291666666663,14048.899999999994,-1344.400000000003,3,42,0,,,,,,Basic
5366,1993-08-09,Monthly statement,70,Karvina,north Moravia,6478,M,47,7354.249999999995,15301.399999999994,-25609.400000000005,5,65,0,,,,,,Basic
5250,1996-07-20,Weekly statement,8,Mlada Boleslav,central Bohemia,6342,M,44,7287.4249999999965,21372.699999999997,-6781.800000000002,5,42,0,,,,,,Basic
3790,1997-05-13,Weekly statement,1,Hl.m. Praha,Prague,4570,F,59,6954.999999999995,9402.999999999996,163.19999999999482,0,45,0,,,,,,Basic
1455,1996-01-03,Monthly statement,66,Zdar nad Sazavou,south Moravia,1764,M,27,6898.208333333332,9076.599999999999,1287.4999999999984,0,59,0,,,,,,Basic
9635,1993-01-05,Monthly statement,70,Karvina,north Moravia,11860,F,73,6830.583333333331,6921.5999999999985,1934.7999999999981,0,70,0,,,,,,Basic
3962,1996-12-13,Monthly statement,54,Brno - mesto,south Moravia,4780,F,26,6483.333333333333,2000.0,-1300.0,2,12,0,,,,,,Basic
507,1996-06-17,Monthly statement,52,Usti nad Orlici,east Bohemia,609,M,36,5514.966666666667,-9154.599999999999,-10535.5,3,56,0,,,,,,Basic
5984,1993-11-11,Monthly statement,11,Praha - zapad,central Bohemia,7234,M,33,5475.541666666669,11124.700000000003,-1300.9999999999973,2,58,0,,,,,,Basic
4127,1996-05-03,Monthly statement,50,Svitavy,east Bohemia,4968,M,60,5306.425,384.3000000000006,-2929.8999999999996,1,60,0,,5817.0,100800.0,D,1.0,Basic
8998,1995-05-24,Monthly statement,61,Trebic,south Moravia,11083,M,45,5301.941666666665,-10546.500000000002,-10546.500000000002,4,58,0,,,,,,Basic
3109,1995-04-08,Monthly statement,18,Pisek,south Bohemia,3760,M,43,4987.191666666665,-4301.600000000002,-6284.4000000000015,3,62,0,,,,,,Basic
5472,1993-05-04,Monthly statement,1,Hl.m. Praha,Prague,6604,M,50,4930.216666666667,6228.3,24.800000000000722,0,60,0,,,,,,Basic
11325,1996-10-15,Monthly statement,62,Uherske Hradiste,south Moravia,13921,F,28,4916.7333333333245,-85.80000000000909,-85.80000000000909,4,52,0,,,,,,Basic
3273,1995-12-29,Monthly statement,74,Ostrava - mesto,north Moravia,3962,M,46,4575.008333333333,-6138.399999999999,-6138.399999999999,4,97,0,,5643.0,94512.0,B,1.0,Basic
4794,1996-12-18,Monthly statement,72,Olomouc,north Moravia,5788,M,36,4217.133333333333,6052.799999999999,-1736.1999999999998,1,108,0,,5976.0,465504.0,D,1.0,Basic
2959,1994-02-25,Monthly statement,8,Mlada Boleslav,central Bohemia,3573,F,26,4121.924999999989,47335.299999999996,-9264.800000000012,7,37,1,classic,,,,,Basic
2089,1997-03-05,Weekly statement,29,Rokycany,west Bohemia,2532,M,61,4077.9249999999956,-1821.1000000000045,-3101.0000000000036,2,38,1,classic,,,,,Basic
2346,1996-05-08,Monthly statement,27,Plzen - jih,west Bohemia,2835,M,32,4059.9083333333397,-2236.0999999999935,-2790.5999999999935,8,50,0,,,,,,Basic
6281,1993-06-08,Monthly statement,56,Breclav,south Moravia,7586,F,25,3696.0499999999997,-1753.3000000000006,-3113.9000000000005,4,63,0,,,,,,Basic
10656,1993-05-05,Monthly statement,8,Mlada Boleslav,central Bohemia,13102,M,49,3609.6166666666704,19523.700000000004,-4925.899999999996,3,61,0,,,,,,Basic
1106,1993-08-29,Weekly statement,20,Strakonice,south Bohemia,1327,F,35,3200.450000000004,921.3000000000011,-10977.999999999996,5,65,0,,5176.0,192552.0,B,1.0,Basic
1056,1996-12-28,Weekly statement,1,Hl.m. Praha,Prague,1269,F,50,2831.7416666666672,2263.3000000000006,2263.3000000000006,0,23,0,,,,,,Basic
4081,1995-07-22,Monthly statement,11,Praha - zapad,central Bohemia,4918,M,30,2821.4249999999997,7056.499999999999,-6959.3,2,65,0,,5805.0,137904.0,B,1.0,Basic
3345,1993-12-08,Monthly statement,22,Domazlice,west Bohemia,4044,F,68,2453.6583333333333,7598.7,-3946.7000000000003,5,63,0,,,,,,Basic
3711,1997-05-08,Monthly statement,3,Beroun,central Bohemia,4474,F,34,2246.8916666666673,-2377.2999999999997,-6235.9,6,59,0,,5731.0,460980.0,D,1.0,Basic
5125,1995-09-14,Monthly statement,1,Hl.m. Praha,Prague,6183,M,35,1901.8916666666637,-13432.700000000003,-13432.700000000003,6,50,0,,,,,,Basic
849,1996-01-01,Monthly statement,1,Hl.m. Praha,Prague,1023,M,60,1249.8999999999958,-405.4000000000043,-5333.500000000005,6,39,0,,,,,,Basic
5387,1993-10-05,Monthly statement,1,Hl.m. Praha,Prague,6501,M,28,1073.6166666666682,8094.000000000002,-2997.5999999999985,4,59,0,,,,,,Basic
1878,1994-09-13,Weekly statement,52,Usti nad Orlici,east Bohemia,2279,M,45,1034.4333333333295,2641.5999999999976,-8947.800000000003,5,41,0,,,,,,Basic
2794,1996-08-08,Monthly statement,74,Ostrava - mesto,north Moravia,3375,M,44,225.86666666666943,6740.700000000003,-8330.299999999997,6,63,0,,,,,,Basic
5369,1993-02-25,Monthly statement,54,Brno - mesto,south Moravia,6481,F,40,-285.19999999999897,-3292.799999999999,-7146.199999999999,8,62,0,,,,,,Basic
7203,1993-03-26,Monthly statement,71,Novy Jicin,north Moravia,8692,F,45,-731.8583333333371,-9718.500000000004,-10138.400000000005,6,32,0,,,,,,Basic
2335,1996-04-04,Monthly statement,70,Karvina,north Moravia,2823,F,52,-1082.2666666666669,-2838.6000000000004,-2838.6000000000004,11,135,0,,5447.0,541200.0,D,1.0,Basic
10343,1997-05-22,Monthly statement,8,Mlada Boleslav,central Bohemia,12726,F,53,-1126.5000000000005,-6979.600000000001,-9756.800000000001,7,77,0,,,,,,Basic
3734,1993-03-08,Monthly statement,43,Hradec Kralove,east Bohemia,4506,F,44,-1311.874999999999,-5446.599999999999,-5455.499999999999,9,54,0,,,,,,Basic
7033,1996-07-03,Monthly statement,75,Prerov,north Moravia,8489,F,46,-1579.6749999999995,-2589.499999999999,-9946.9,7,53,0,,,,,,Basic
4588,1996-08-27,Monthly statement,12,Pribram,central Bohemia,5530,M,45,-3833.3250000000007,-2823.2000000000003,-6594.900000000001,12,54,0,,,,,,Basic
4059,1993-10-08,Monthly statement,34,Chomutov,north Bohemia,4892,M,29,-5276.474999999999,-15431.1,-15431.1,8,23,0,,,,,,Basic
7520,1996-03-29,Monthly statement,9,Nymburk,central Bohemia,9313,F,38,-6115.174999999999,-11020.599999999999,-12777.199999999999,12,56,0,,,,,,Basic
3678,1993-03-24,Monthly statement,1,Hl.m. Praha,Prague,4433,M,30,-6758.008333333334,-5680.4,-9611.6,12,60,0,,5724.0,316140.0,D,1.0,Basic
2260,1994-06-07,Monthly statement,1,Hl.m. Praha,Prague,2736,F,40,-7764.55,-2824.500000000001,-11314.800000000001,12,47,0,,,,,,Basic
5343,1993-06-08,Monthly statement,64,Zlin,south Moravia,6452,M,56,-8130.766666666666,9964.5,-17622.9,11,45,0,,,,,,Basic
10036,1993-09-13,Monthly statement,1,Hl.m. Praha,Prague,12344,F,58,-8686.291666666664,-14418.999999999998,-15018.999999999998,11,30,0,,,,,,Basic
5700,1993-07-20,Monthly statement,42,Havlickuv Brod,east Bohemia,6895,M,27,-9267.108333333335,-4887.4000000000015,-19309.9,12,44,0,,6169.0,103680.0,D,1.0,Basic
1505,1993-04-23,Monthly statement,69,Jesenik,north Moravia,1824,M,38,-9838.616666666669,-8560.100000000002,-14145.400000000001,12,38,0,,,,,,Basic
4356,1994-01-26,Monthly statement,47,Pardubice,east Bohemia,5247,M,55,-12799.641666666668,-25821.0,-25821.0,12,42,0,,,,,,Basic
2305,1993-12-11,Monthly statement,1,Hl.m. Praha,Prague,2789,F,47,-16392.05833333333,-18107.6,-23684.3,12,35,0,,,,,,Basic
5429,1995-09-22,Monthly statement,71,Novy Jicin,north Moravia,6552,M,43,-19438.425000000003,-17227.100000000002,-25423.500000000004,12,36,0,,,,,,Basic
5092,1993-12-21,Monthly statement,74,Ostrava - mesto,north Moravia,6144,F,42,-25445.86666666667,-20119.5,-34520.6,12,35,0,,,,,,Basic
3326,1993-11-11,Monthly statement,5,Kolin,central Bohemia,4020,F,45,-27751.15833333334,3582.199999999993,-41125.80000000001,11,26,0,,,,,,Basic
