month,tier,region,accounts,total_balance,credits,debits
1993-01,Basic,east Bohemia,4,6716.2,6716.2,0.0
1993-01,Basic,north Bohemia,3,17640.4,17640.4,0.0
1993-01,Basic,north Moravia,3,5992.9,5992.9,0.0
1993-01,Basic,south Bohemia,2,1800.0,1800.0,0.0
1993-01,Basic,south Moravia,4,12615.9,12615.9,0.0
1993-01,Basic,west Bohemia,2,1100.0,1100.0,0.0
1993-01,Premium,Prague,4,2900.0,2900.0,0.0
1993-01,Premium,central Bohemia,3,97226.4,97226.4,0.0
1993-01,Premium,east Bohemia,3,57973.399999999994,57973.399999999994,0.0
1993-01,Premium,north Bohemia,5,42027.7,42027.7,0.0
1993-01,Premium,north Moravia,9,125450.0,125450.0,0.0
1993-01,Premium,south Bohemia,2,74049.7,108749.7,34700.0
1993-01,Premium,south Moravia,3,3000.0,3000.0,0.0
1993-01,Premium,west Bohemia,3,16211.5,16211.5,0.0
1993-01,Standard,Prague,6,17199.9,17199.9,0.0
1993-01,Standard,central Bohemia,6,48524.3,48524.3,0.0
1993-01,Standard,east Bohemia,6,21959.8,21959.8,0.0
1993-01,Standard,north Bohemia,7,2800.0,2800.0,0.0
1993-01,Standard,north Moravia,5,30017.4,30017.4,0.0
1993-01,Standard,south Bohemia,2,8253.4,8253.4,0.0
1993-01,Standard,south Moravia,11,37798.7,37798.7,0.0
1993-01,Standard,west Bohemia,3,1500.0,1500.0,0.0
1993-02,Basic,Prague,1,3860.8,3860.8,0.0
1993-02,Basic,central Bohemia,3,1700.0,1700.0,0.0
1993-02,Basic,east Bohemia,6,73888.7,67172.5,0.0
1993-02,Basic,north Bohemia,6,67920.1,50279.7,0.0
1993-02,Basic,north Moravia,4,42401.6,36408.7,0.0
1993-02,Basic,south Bohemia,6,15692.6,13892.6,0.0
1993-02,Basic,south Moravia,7,33566.1,20950.2,0.0
1993-02,Basic,west Bohemia,3,27923.1,26823.1,0.0
1993-02,Premium,Prague,11,156008.8,156108.8,3000.0
1993-02,Premium,central Bohemia,5,153604.69999999998,111378.3,55000.0
1993-02,Premium,east Bohemia,5,161062.3,127688.9,24600.0
1993-02,Premium,north Bohemia,5,129025.90000000001,88598.2,1600.0
1993-02,Premium,north Moravia,22,484532.1,379882.1,20800.0
1993-02,Premium,south Bohemia,2,102895.5,97572.4,68726.6
1993-02,Premium,south Moravia,11,180432.5,244032.5,66600.0
1993-02,Premium,west Bohemia,6,96880.9,95469.4,14800.0
1993-02,Standard,Prague,15,128722.09999999999,111522.2,0.0
1993-02,Standard,central Bohemia,13,197026.9,158802.6,10300.0
1993-02,Standard,east Bohemia,14,155457.6,143997.8,10500.0
1993-02,Standard,north Bohemia,9,105571.09999999999,104271.09999999999,1500.0
1993-02,Standard,north Moravia,10,112966.3,82948.9,0.0
1993-02,Standard,south Bohemia,7,77757.6,69504.2,0.0
1993-02,Standard,south Moravia,15,232501.2,198702.5,4000.0
1993-02,Standard,west Bohemia,8,55431.2,53931.2,0.0
1993-03,Basic,Prague,5,9124.9,5264.1,0.0
1993-03,Basic,central Bohemia,5,43145.6,41445.6,0.0
1993-03,Basic,east Bohemia,11,128227.5,68638.8,14300.0
1993-03,Basic,north Bohemia,8,118125.0,52404.9,2200.0
1993-03,Basic,north Moravia,7,79236.4,36834.8,0.0
1993-03,Basic,south Bohemia,7,53792.7,38100.1,0.0
1993-03,Basic,south Moravia,9,77253.1,43687.0,0.0
1993-03,Basic,west Bohemia,5,51106.2,30883.1,7700.0
1993-03,Premium,Prague,12,368908.19999999995,282599.4,69700.0
1993-03,Premium,central Bohemia,9,297504.2,248047.5,104148.0
1993-03,Premium,east Bohemia,8,289119.4,222857.1,94800.0
1993-03,Premium,north Bohemia,9,325103.1,232677.2,36600.0
1993-03,Premium,north Moravia,25,804720.8,450988.7,130800.0
1993-03,Premium,south Bohemia,6,145103.6,78034.7,35826.6
1993-03,Premium,south Moravia,19,450432.7,326314.8,56314.6
1993-03,Premium,west Bohemia,9,188977.2,143496.3,51400.0
1993-03,Standard,Prague,24,338770.1,230648.0,20600.0
1993-03,Standard,central Bohemia,24,531471.1,415844.2,81400.0
1993-03,Standard,east Bohemia,18,318935.5,213177.9,49700.0
1993-03,Standard,north Bohemia,11,170831.1,92460.0,27200.0
1993-03,Standard,north Moravia,21,262756.2,162589.9,12800.0
1993-03,Standard,south Bohemia,10,220254.5,143296.9,800.0
1993-03,Standard,south Moravia,25,359058.3,192357.1,65800.0
1993-03,Standard,west Bohemia,11,145812.5,102981.3,12600.0
1993-04,Basic,Prague,6,103469.5,94344.6,0.0
1993-04,Basic,central Bohemia,6,71110.0,33464.4,5500.0
1993-04,Basic,east Bohemia,14,240783.6,134856.1,22300.0
1993-04,Basic,north Bohemia,11,173247.7,64922.700000000004,9800.0
1993-04,Basic,north Moravia,9,140255.2,74718.8,13700.0
1993-04,Basic,south Bohemia,7,89278.5,35485.8,0.0
1993-04,Basic,south Moravia,11,129840.0,52586.9,0.0
1993-04,Basic,west Bohemia,7,94010.09999999999,59303.899999999994,16400.0
1993-04,Premium,Prague,16,516015.7,316307.5,169200.0
1993-04,Premium,central Bohemia,13,309209.3,157010.1,145305.0
1993-04,Premium,east Bohemia,14,408267.3,258931.5,139783.6
1993-04,Premium,north Bohemia,12,386632.60000000003,183544.1,122014.6
1993-04,Premium,north Moravia,34,1116761.7,713270.1,401229.2
1993-04,Premium,south Bohemia,8,264523.8,191146.8,71726.6
1993-04,Premium,south Moravia,26,774882.2999999999,472064.2,147614.6
1993-04,Premium,west Bohemia,11,428748.2,333071.0,93300.0
1993-04,Standard,Prague,26,595199.8,352929.7,96500.0
1993-04,Standard,central Bohemia,27,692742.2,399172.7,237901.6
1993-04,Standard,east Bohemia,22,471277.5,250742.0,98400.0
1993-04,Standard,north Bohemia,14,277205.7,153474.6,47100.0
1993-04,Standard,north Moravia,27,487772.3,262916.1,37900.0
1993-04,Standard,south Bohemia,12,403875.0,283935.1,100314.6
1993-04,Standard,south Moravia,29,628497.2,335053.5,65614.6
1993-04,Standard,west Bohemia,13,247294.5,112496.59999999999,11014.6
1993-05,Basic,Prague,8,128803.7,50334.2,25000.0
1993-05,Basic,central Bohemia,8,126599.7,67589.7,12100.0
1993-05,Basic,east Bohemia,15,298784.4,104052.4,46051.6
1993-05,Basic,north Bohemia,16,237814.7,84657.8,20090.8
1993-05,Basic,north Moravia,12,196109.8,67083.8,11229.2
1993-05,Basic,south Bohemia,9,123691.90000000001,35113.4,700.0
1993-05,Basic,south Moravia,15,181396.1,55645.3,4089.2
1993-05,Basic,west Bohemia,8,137990.4,66680.3,22700.0
1993-05,Premium,Prague,19,629835.1,401834.0,288014.6
1993-05,Premium,central Bohemia,16,649482.4,595764.3,255491.2
1993-05,Premium,east Bohemia,19,630353.5,538423.0,316336.8
1993-05,Premium,north Bohemia,17,622584.5,456078.10000000003,220126.2
1993-05,Premium,north Moravia,38,1428134.6,797786.1,486413.2
1993-05,Premium,south Bohemia,9,349500.6,435148.60000000003,350171.8
1993-05,Premium,south Moravia,33,1190272.7,842617.0,427226.6
1993-05,Premium,west Bohemia,13,466512.9,309321.3,271556.6
1993-05,Standard,Prague,32,865307.9,537304.9,267196.8
1993-05,Standard,central Bohemia,31,867222.7,462524.5,288044.0
1993-05,Standard,east Bohemia,24,601835.1,307172.4,176614.8
1993-05,Standard,north Bohemia,16,397881.7,212476.0,91800.0
1993-05,Standard,north Moravia,38,804707.6,416314.1,99378.8
1993-05,Standard,south Bohemia,15,494971.2,228322.4,137226.2
1993-05,Standard,south Moravia,36,902993.0,436648.8,162153.0
1993-05,Standard,west Bohemia,19,366814.9,155835.0,36314.6
1993-06,Basic,Prague,8,162856.3,51267.2,17214.6
1993-06,Basic,central Bohemia,11,202569.1,97369.40000000001,21400.0
1993-06,Basic,east Bohemia,17,338680.8,207559.7,167663.30000000002
1993-06,Basic,north Bohemia,17,295258.0,115412.7,57969.4
1993-06,Basic,north Moravia,15,355797.8,267231.0,107543.0
1993-06,Basic,south Bohemia,11,142453.5,54039.4,35277.799999999996
1993-06,Basic,south Moravia,20,329337.3,202784.6,54843.4
1993-06,Basic,west Bohemia,11,204000.0,102738.8,36729.2
1993-06,Premium,Prague,25,818826.2,671857.7,482866.6
1993-06,Premium,central Bohemia,18,745632.1,511021.9,414872.2
1993-06,Premium,east Bohemia,20,659810.5,489875.4,460418.4
1993-06,Premium,north Bohemia,18,643940.0,633432.1,612076.6
1993-06,Premium,north Moravia,43,1660610.7,1264019.9,1031543.8
1993-06,Premium,south Bohemia,12,477336.2,282252.0,154416.4
1993-06,Premium,south Moravia,36,1423584.7,931710.6,698398.6
1993-06,Premium,west Bohemia,18,642750.7,506154.6,329916.8
1993-06,Standard,Prague,37,1080851.4,609533.7,393990.2
1993-06,Standard,central Bohemia,35,958393.6,588184.3,497013.39999999997
1993-06,Standard,east Bohemia,30,748570.0,509747.7,363012.8
1993-06,Standard,north Bohemia,20,483327.2,326902.3,241456.8
1993-06,Standard,north Moravia,48,1132547.3,634497.3,306657.6
1993-06,Standard,south Bohemia,21,594057.1,474777.5,375691.6
1993-06,Standard,south Moravia,41,1272257.6,911024.6,541760.0
1993-06,Standard,west Bohemia,22,572750.9,325879.0,119943.0
1993-07,Basic,Prague,10,176679.9,34317.4,20493.8
1993-07,Basic,central Bohemia,14,240013.80000000002,85271.5,47826.799999999996
1993-07,Basic,east Bohemia,19,412510.7,168447.7,94617.8
1993-07,Basic,north Bohemia,18,334526.8,110140.4,70871.59999999999
1993-07,Basic,north Moravia,20,442739.5,167382.69999999998,80441.0
1993-07,Basic,south Bohemia,12,231426.8,133778.9,44805.6
1993-07,Basic,south Moravia,24,444244.1,163118.0,48211.2
1993-07,Basic,west Bohemia,12,260510.5,118728.3,62217.799999999996
1993-07,Premium,Prague,31,1006433.4,778878.2,591271.0
1993-07,Premium,central Bohemia,21,961354.5,697479.4,481757.0
1993-07,Premium,east Bohemia,25,868091.3,500226.2,291945.4
1993-07,Premium,north Bohemia,24,731503.0,399409.6,311846.6
1993-07,Premium,north Moravia,51,1869466.6,1155537.1,946681.2
1993-07,Premium,south Bohemia,13,539879.1,325277.5,262734.6
1993-07,Premium,south Moravia,42,1565865.5,885410.0,743129.2
1993-07,Premium,west Bohemia,20,703218.0,416156.9,355689.6
1993-07,Standard,Prague,42,1247839.3,619540.5,452552.6
1993-07,Standard,central Bohemia,37,1126739.1,644337.3,475991.8
1993-07,Standard,east Bohemia,34,901487.8,466136.8,313219.0
1993-07,Standard,north Bohemia,24,574704.1,295952.3,204575.4
1993-07,Standard,north Moravia,63,1519334.6,790493.3,403706.0
1993-07,Standard,south Bohemia,22,826797.2,532629.9,299889.8
1993-07,Standard,south Moravia,49,1530654.1,846207.5,587811.0
1993-07,Standard,west Bohemia,26,681801.6,301601.1,192550.4
1993-08,Basic,Prague,14,259368.6,111453.7,28765.0
1993-08,Basic,central Bohemia,16,301478.2,113369.4,51905.0
1993-08,Basic,east Bohemia,24,515399.39999999997,246736.1,143847.4
1993-08,Basic,north Bohemia,20,393491.0,118585.2,59621.0
1993-08,Basic,north Moravia,24,611916.7,430213.6,261036.4
1993-08,Basic,south Bohemia,15,271162.6,94325.0,54589.2
1993-08,Basic,south Moravia,27,544201.1,166758.4,66801.4
1993-08,Basic,west Bohemia,14,283570.39999999997,83983.3,60923.4
1993-08,Premium,Prague,35,1230567.5,801385.9,577251.8
1993-08,Premium,central Bohemia,30,1044969.7,654460.4,570845.2
1993-08,Premium,east Bohemia,32,988471.2000000001,639581.7,519201.8
1993-08,Premium,north Bohemia,28,857889.9,532729.1,406342.2
1993-08,Premium,north Moravia,57,2058834.9,1348495.1,1159126.8
1993-08,Premium,south Bohemia,15,554328.9,394094.4,379644.60000000003
1993-08,Premium,south Moravia,45,1768765.7,1116398.6,913498.4
1993-08,Premium,west Bohemia,24,781532.7,441265.1,362950.39999999997
1993-08,Standard,Prague,44,1395311.7,678302.4,530830.0
1993-08,Standard,central Bohemia,43,1245390.1,563886.5,445235.5
1993-08,Standard,east Bohemia,41,1141328.9,606086.6,366245.5
1993-08,Standard,north Bohemia,28,762710.5,404735.4,216729.0
1993-08,Standard,north Moravia,65,1770034.4,838985.4,588285.6
1993-08,Standard,south Bohemia,25,852009.0,450034.4,424822.6
1993-08,Standard,south Moravia,56,1643134.5,768269.2,655788.8
1993-08,Standard,west Bohemia,33,807824.1,353206.1,227183.6
1993-09,Basic,Prague,17,296775.0,93218.2,55811.8
1993-09,Basic,central Bohemia,19,358423.7,108868.7,51923.2
1993-09,Basic,east Bohemia,25,603803.8,291068.0,202663.6
1993-09,Basic,north Bohemia,23,460400.5,159278.7,92369.2
1993-09,Basic,north Moravia,27,593517.8,309847.7,328246.60000000003
1993-09,Basic,south Bohemia,17,303060.6,150941.4,119043.40000000001
1993-09,Basic,south Moravia,31,678597.9,235864.4,101467.6
1993-09,Basic,west Bohemia,18,333008.4,124723.6,75285.59999999999
1993-09,Premium,Prague,38,1505349.8,776085.3,501303.0
1993-09,Premium,central Bohemia,34,1226057.0,766179.3,585092.0
1993-09,Premium,east Bohemia,34,1197806.2,673348.0,464013.0
1993-09,Premium,north Bohemia,31,1101072.6,712930.1,469747.39999999997
1993-09,Premium,north Moravia,64,2286799.1,1379086.2,1151122.0
1993-09,Premium,south Bohemia,17,607055.6,349148.89999999997,296422.2
1993-09,Premium,south Moravia,46,1879004.2,1045014.1,934775.6
1993-09,Premium,west Bohemia,30,1091238.3,779424.2,469718.6
1993-09,Standard,Prague,51,1477436.2,712115.6,629991.1
1993-09,Standard,central Bohemia,51,1394651.0,795576.2,646315.3
1993-09,Standard,east Bohemia,47,1419236.5,666760.9,388853.3
1993-09,Standard,north Bohemia,33,921998.2000000001,447011.1,287723.39999999997
1993-09,Standard,north Moravia,79,2103489.9,1151790.5,818335.0
1993-09,Standard,south Bohemia,28,985695.9,536566.3,402879.4
1993-09,Standard,south Moravia,63,1832107.9,765332.2,576358.7999999999
1993-09,Standard,west Bohemia,35,1019537.4,485387.1,273673.8
1993-10,Basic,Prague,19,406852.7,178999.5,68921.8
1993-10,Basic,central Bohemia,25,411364.1,138743.8,85803.4
1993-10,Basic,east Bohemia,31,630908.1,147377.1,120272.8
1993-10,Basic,north Bohemia,27,500608.7,151104.2,110896.0
1993-10,Basic,north Moravia,29,659722.0,245144.4,178940.2
1993-10,Basic,south Bohemia,20,361171.3,108479.7,50369.0
1993-10,Basic,south Moravia,32,744889.9,226337.6,160045.6
1993-10,Basic,west Bohemia,20,408491.5,132188.9,56705.8
1993-10,Premium,Prague,40,1721663.6,1165369.2,949055.4
1993-10,Premium,central Bohemia,37,1566057.8,1341372.2,1001371.4
1993-10,Premium,east Bohemia,36,1388717.7,745385.7,554474.2
1993-10,Premium,north Bohemia,34,1156973.3,706929.9,651029.2
1993-10,Premium,north Moravia,66,2618222.9,1432447.6,1101023.8
1993-10,Premium,south Bohemia,18,726852.9,413180.1,293382.8
1993-10,Premium,south Moravia,49,2000235.0,1068279.0,947048.2
1993-10,Premium,west Bohemia,31,1179658.9,685402.7,596982.1
1993-10,Standard,Prague,54,1576872.9,780932.1,681495.4
1993-10,Standard,central Bohemia,53,1486802.1,769414.6,677263.5
1993-10,Standard,east Bohemia,47,1611158.0,749300.6,557379.1
1993-10,Standard,north Bohemia,34,1057915.3,499715.3,363798.2
1993-10,Standard,north Moravia,95,2527618.4,1426105.9,1001977.4
1993-10,Standard,south Bohemia,29,1125417.0,689010.9,549289.8
1993-10,Standard,south Moravia,70,2141841.4,1194013.3,884279.8
1993-10,Standard,west Bohemia,37,1061127.9,487725.5,446135.0
1993-11,Basic,Prague,22,468815.8,254072.5,192109.4
1993-11,Basic,central Bohemia,29,551831.7,215783.19999999998,75315.6
1993-11,Basic,east Bohemia,34,705248.7,216927.6,142587.0
1993-11,Basic,north Bohemia,30,607787.6,207553.1,100374.2
1993-11,Basic,north Moravia,32,782436.6,366177.6,243463.0
1993-11,Basic,south Bohemia,22,417792.6,134945.5,78324.2
1993-11,Basic,south Moravia,33,780352.6,223722.3,188259.6
1993-11,Basic,west Bohemia,21,528443.6,215256.1,95304.0
1993-11,Premium,Prague,47,1584564.7,708562.5,845661.4
1993-11,Premium,central Bohemia,43,1606037.8,1147507.2,1107527.2
1993-11,Premium,east Bohemia,39,1464171.4,682651.3,607197.6
1993-11,Premium,north Bohemia,35,1336585.1,733931.6,554319.7999999999
1993-11,Premium,north Moravia,72,2762639.4,1487180.9,1342764.4
1993-11,Premium,south Bohemia,19,744984.2999999999,399417.9,381286.5
1993-11,Premium,south Moravia,56,2018547.9,1127119.5,1108806.6
1993-11,Premium,west Bohemia,37,1374097.0,753253.4,558815.2999999999
1993-11,Standard,Prague,64,1680217.4,744477.1,641132.6
1993-11,Standard,central Bohemia,61,1882936.9,1098338.7,702203.9
1993-11,Standard,east Bohemia,49,1776816.9,722040.0,556381.1
1993-11,Standard,north Bohemia,38,1125720.4,506923.3,439118.2
1993-11,Standard,north Moravia,107,3048389.7,1539600.9,1018829.6
1993-11,Standard,south Bohemia,31,1074999.5,574755.9,625173.4
1993-11,Standard,south Moravia,84,2289850.3,1100182.5,952173.6
1993-11,Standard,west Bohemia,43,1158751.4,452927.89999999997,355304.39999999997
1993-12,Basic,Prague,25,533866.1,174428.5,109378.2
1993-12,Basic,central Bohemia,33,667235.2,265302.5,149899.0
1993-12,Basic,east Bohemia,36,836382.2,283204.7,152071.2
1993-12,Basic,north Bohemia,33,744924.8,309351.4,172214.2
1993-12,Basic,north Moravia,37,832586.0,448788.39999999997,398639.0
1993-12,Basic,south Bohemia,25,511529.9,191219.5,97482.2
1993-12,Basic,south Moravia,37,838599.8,317085.0,258837.8
1993-12,Basic,west Bohemia,24,579486.9,211773.5,160730.19999999998
1993-12,Premium,Prague,48,1836644.2,1329614.9,1077535.4
1993-12,Premium,central Bohemia,45,1993095.8,1386730.3,999672.3
1993-12,Premium,east Bohemia,42,1699677.6,1150141.0,914634.8
1993-12,Premium,north Bohemia,36,1493593.5,1192708.4,1035700.0
1993-12,Premium,north Moravia,78,3328352.2,2364101.4,1798388.6
1993-12,Premium,south Bohemia,20,839670.7,705004.5,610318.1
1993-12,Premium,south Moravia,60,2332494.4,1840253.9,1526307.4
1993-12,Premium,west Bohemia,40,1631334.3,1146316.6,889079.2999999999
1993-12,Standard,Prague,71,1975239.7,1134010.8,838988.5
1993-12,Standard,central Bohemia,67,2055001.1,1126647.7,954583.5
1993-12,Standard,east Bohemia,52,1813483.9,1071272.7,1034605.7
1993-12,Standard,north Bohemia,45,1266466.4,653467.2,512721.2
1993-12,Standard,north Moravia,113,3518157.0,2020988.0999999999,1551220.8
1993-12,Standard,south Bohemia,33,1253859.4,835060.1,656200.2
1993-12,Standard,south Moravia,93,2731093.9,1713997.6,1272754.0
1993-12,Standard,west Bohemia,46,1263171.1,636798.9,532379.2
1994-01,Basic,Prague,25,562226.5,325388.2,297027.8
1994-01,Basic,central Bohemia,33,654506.6,229142.6,241871.2
1994-01,Basic,east Bohemia,37,665132.8,199894.7,371144.1
1994-01,Basic,north Bohemia,33,641653.0,253689.6,356961.4
1994-01,Basic,north Moravia,37,753377.8,333673.0,412881.2
1994-01,Basic,south Bohemia,25,492825.10000000003,155046.6,173751.4
1994-01,Basic,south Moravia,38,682217.6,293017.0,449399.2
1994-01,Basic,west Bohemia,25,577910.8,317141.9,318718.0
1994-01,Premium,Prague,49,1484526.0,961042.6,1313160.8
1994-01,Premium,central Bohemia,45,1512262.9,993814.7,1474647.6
1994-01,Premium,east Bohemia,43,1416327.4000000001,830955.2,1114305.4
1994-01,Premium,north Bohemia,36,1184910.8,734909.9,1043592.6
1994-01,Premium,north Moravia,78,2494865.1,1830631.2,2664118.3
1994-01,Premium,south Bohemia,23,662036.5,472641.1,650275.3
1994-01,Premium,south Moravia,61,1949019.5,1449774.1,1833249.0
1994-01,Premium,west Bohemia,40,1557581.5,984053.0,1057805.8
1994-01,Standard,Prague,74,1826447.4,1149055.9,1297848.2
1994-01,Standard,central Bohemia,69,1802486.0,1033047.0,1285562.1
1994-01,Standard,east Bohemia,53,1346910.4,803293.0,1269866.5
1994-01,Standard,north Bohemia,47,1135762.5,657245.1,787949.0
1994-01,Standard,north Moravia,117,3072884.6,1705116.5,2150388.9
1994-01,Standard,south Bohemia,33,1055331.2,666246.6,864774.7999999999
1994-01,Standard,south Moravia,95,2572186.4,1641246.0,1800153.5
1994-01,Standard,west Bohemia,47,1116063.8,597803.8,744911.1
1994-02,Basic,Prague,26,568484.7,150945.6,144687.4
1994-02,Basic,central Bohemia,34,773705.9,244081.9,124882.59999999999
1994-02,Basic,east Bohemia,37,798245.9,231566.8,98453.7
1994-02,Basic,north Bohemia,33,740744.4,219649.0,120557.6
1994-02,Basic,north Moravia,38,874136.3,319354.9,198596.4
1994-02,Basic,south Bohemia,25,548985.8,157937.9,101777.2
1994-02,Basic,south Moravia,39,759923.0,257414.4,179709.0
1994-02,Basic,west Bohemia,28,623669.9,264193.9,218434.8
1994-02,Premium,Prague,49,1830928.8,1035106.1,688703.2999999999
1994-02,Premium,central Bohemia,45,1679767.0,966942.5,799438.4
1994-02,Premium,east Bohemia,44,1611042.6,763602.0,568886.7999999999
1994-02,Premium,north Bohemia,36,1576842.1,1132571.9,740640.6
1994-02,Premium,north Moravia,81,2995829.6,1665895.3,1164930.8
1994-02,Premium,south Bohemia,24,888533.6,523675.2,297178.1
1994-02,Premium,south Moravia,63,2229125.8,1284431.1,1004324.8
1994-02,Premium,west Bohemia,41,1749829.3,987654.0,795406.2
1994-02,Standard,Prague,81,2224380.5,1202923.7,804990.6
1994-02,Standard,central Bohemia,69,2135064.7,1049724.4,717145.7
1994-02,Standard,east Bohemia,55,1651958.7,826619.0,521570.7
1994-02,Standard,north Bohemia,47,1360904.4,599040.3,373898.4
1994-02,Standard,north Moravia,121,3557221.9,1769139.6,1284802.3
1994-02,Standard,south Bohemia,34,1189677.4,688853.2,554507.0
1994-02,Standard,south Moravia,99,2974316.2,1437730.7,1035600.9
1994-02,Standard,west Bohemia,48,1367285.2,607410.7,356189.3
1994-03,Basic,Prague,27,627493.5,209144.8,150136.0
1994-03,Basic,central Bohemia,34,891195.1,317506.8,200017.6
1994-03,Basic,east Bohemia,39,896633.2,322233.5,223846.2
1994-03,Basic,north Bohemia,33,779833.0,253055.0,213966.4
1994-03,Basic,north Moravia,38,1000056.2,426559.1,300639.2
1994-03,Basic,south Bohemia,26,538722.3,133847.9,144111.4
1994-03,Basic,south Moravia,40,850621.3,262705.89999999997,172007.6
1994-03,Basic,west Bohemia,29,716468.4,461266.7,368468.2
1994-03,Premium,Prague,52,1930318.9,1171314.2,1071924.1
1994-03,Premium,central Bohemia,46,1841073.5,1105577.5,944271.0
1994-03,Premium,east Bohemia,46,1943899.2,1252481.9,919625.3
1994-03,Premium,north Bohemia,38,1579457.1,967567.4,964952.4
1994-03,Premium,north Moravia,82,3063015.3,1812456.1,1745270.4
1994-03,Premium,south Bohemia,24,889600.7,577720.2,576653.1
1994-03,Premium,south Moravia,63,2353332.5,1295625.4,1171418.7
1994-03,Premium,west Bohemia,41,1729002.6,1010528.6,1031355.2999999999
1994-03,Standard,Prague,84,2486860.7,1217587.6,955107.4
1994-03,Standard,central Bohemia,72,2196326.2,1135252.6,1073991.1
1994-03,Standard,east Bohemia,57,1794069.1,822127.3,680016.9
1994-03,Standard,north Bohemia,50,1468659.0,620620.4,512865.8
1994-03,Standard,north Moravia,121,3769275.1,1635339.0,1423285.8
1994-03,Standard,south Bohemia,35,1170796.1,647509.9,666391.2
1994-03,Standard,south Moravia,103,3235173.6,1570309.9,1309452.5
1994-03,Standard,west Bohemia,49,1424111.3,696258.7,639432.6
1994-04,Basic,Prague,28,662040.1,205296.4,170749.8
1994-04,Basic,central Bohemia,34,900644.0,273816.7,264367.8
1994-04,Basic,east Bohemia,40,920649.2,204217.0,180201.0
1994-04,Basic,north Bohemia,33,843464.3,306861.5,243230.19999999998
1994-04,Basic,north Moravia,38,1088786.9,441817.3,353086.60000000003
1994-04,Basic,south Bohemia,27,589023.8,189032.7,138731.2
1994-04,Basic,south Moravia,42,922927.8,293246.7,220940.2
1994-04,Basic,west Bohemia,30,748518.7,304876.1,272825.8
1994-04,Premium,Prague,53,1853036.3,897921.9,975204.5
1994-04,Premium,central Bohemia,47,1836184.1,1016391.2,1021280.6
1994-04,Premium,east Bohemia,48,1812148.1,782792.5,914543.6
1994-04,Premium,north Bohemia,39,1572962.1,889471.4,895966.4
1994-04,Premium,north Moravia,84,3243130.9,1813486.8,1633371.2
1994-04,Premium,south Bohemia,26,958698.5,548597.1,479499.3
1994-04,Premium,south Moravia,64,2603836.7,1439174.8,1188670.6
1994-04,Premium,west Bohemia,41,1720947.6,1010880.0,1018935.0
1994-04,Standard,Prague,89,2627648.9,1175293.2,1034505.0
1994-04,Standard,central Bohemia,77,2523897.0,1354796.3,1027225.5
1994-04,Standard,east Bohemia,61,1909979.4,885711.5,769801.2
1994-04,Standard,north Bohemia,52,1684102.5,721748.5,506305.0
1994-04,Standard,north Moravia,123,3872482.1,1800972.7,1697765.7
1994-04,Standard,south Bohemia,35,1199294.7,604112.8,575614.2
1994-04,Standard,south Moravia,107,3588885.5,1936108.8,1582396.9
1994-04,Standard,west Bohemia,52,1575452.7,690560.4,539219.0
1994-05,Basic,Prague,29,703526.5,260683.8,219197.4
1994-05,Basic,central Bohemia,36,937509.6,290445.2,253579.6
1994-05,Basic,east Bohemia,43,992569.9,254847.3,182926.6
1994-05,Basic,north Bohemia,34,799259.3,235827.0,280032.0
1994-05,Basic,north Moravia,38,960654.0,330872.7,459005.60000000003
1994-05,Basic,south Bohemia,27,614648.1,172356.1,146731.8
1994-05,Basic,south Moravia,45,950899.4,279249.6,251278.0
1994-05,Basic,west Bohemia,31,766048.9,230874.2,213344.0
1994-05,Premium,Prague,57,2113612.8,1444230.6,1183654.1
1994-05,Premium,central Bohemia,48,1756557.6,1217690.9,1297317.4
1994-05,Premium,east Bohemia,50,2138125.8,1340576.9,1014599.2
1994-05,Premium,north Bohemia,40,1464660.7,837824.0,946125.4
1994-05,Premium,north Moravia,87,3381953.9,1829190.4,1690367.4
1994-05,Premium,south Bohemia,28,931725.1,478316.1,505289.5
1994-05,Premium,south Moravia,66,2572276.4,1508985.8,1540546.1
1994-05,Premium,west Bohemia,46,1772070.8,1239471.1,1188347.9
1994-05,Standard,Prague,90,2776690.7,1339725.4,1190683.6
1994-05,Standard,central Bohemia,81,2668485.5,1236913.8,1092325.3
1994-05,Standard,east Bohemia,63,1990560.8,906213.7,825632.2999999999
1994-05,Standard,north Bohemia,57,1751520.1,666547.2,599129.6
1994-05,Standard,north Moravia,128,3903075.5,1797580.6,1766987.2
1994-05,Standard,south Bohemia,37,1345714.0,825021.4,678602.1
1994-05,Standard,south Moravia,110,3789278.0,2185907.2,1985514.7
1994-05,Standard,west Bohemia,54,1657127.8,697622.1,615947.0
1994-06,Basic,Prague,30,633877.5,250773.4,320422.39999999997
1994-06,Basic,central Bohemia,39,943423.9,469954.5,464040.2
1994-06,Basic,east Bohemia,43,923473.8,342227.9,411324.0
1994-06,Basic,north Bohemia,34,749374.4,394208.1,444093.0
1994-06,Basic,north Moravia,41,908128.3,461852.5,514378.2
1994-06,Basic,south Bohemia,28,575480.7,227760.7,266928.1
1994-06,Basic,south Moravia,46,1027727.1,436555.3,359727.6
1994-06,Basic,west Bohemia,31,730811.1,407218.8,442456.6
1994-06,Premium,Prague,57,2101307.6,1739273.5,1751578.7
1994-06,Premium,central Bohemia,52,1820745.8,1571001.4,1506813.2
1994-06,Premium,east Bohemia,52,2089477.0,1766656.4,1815305.2
1994-06,Premium,north Bohemia,41,1443614.6,1279181.4,1300227.5
1994-06,Premium,north Moravia,89,3412436.9,2719131.0,2688648.0
1994-06,Premium,south Bohemia,28,937974.3,730604.3,724355.1
1994-06,Premium,south Moravia,66,2286851.1,1913575.9,2199001.1999999997
1994-06,Premium,west Bohemia,47,1634704.2,1546047.3,1683413.9
1994-06,Standard,Prague,93,2900437.1,2091892.8,1968146.4
1994-06,Standard,central Bohemia,82,2815080.4,1839313.4,1692718.5
1994-06,Standard,east Bohemia,65,2029978.5,1335716.2,1296298.5
1994-06,Standard,north Bohemia,57,1774111.7,955052.2,932460.6
1994-06,Standard,north Moravia,130,3850514.8,2562413.5,2614974.2
1994-06,Standard,south Bohemia,40,1398339.4,1105232.5,1052607.1
1994-06,Standard,south Moravia,112,3441689.8,2237901.1,2585489.3
1994-06,Standard,west Bohemia,57,1671454.7,1135871.9,1121545.0
1994-07,Basic,Prague,32,691365.7,216098.2,158610.0
1994-07,Basic,central Bohemia,39,1055644.9,470904.2,358683.2
1994-07,Basic,east Bohemia,43,1021301.7,326773.7,228945.8
1994-07,Basic,north Bohemia,35,766200.7,313492.3,296666.0
1994-07,Basic,north Moravia,41,971924.1,375987.0,312191.2
1994-07,Basic,south Bohemia,29,602287.5,163235.9,136429.1
1994-07,Basic,south Moravia,47,1124737.5,344771.6,247761.2
1994-07,Basic,west Bohemia,32,812037.6,351078.7,269852.2
1994-07,Premium,Prague,58,2185832.8,1456119.6,1371594.4
1994-07,Premium,central Bohemia,55,2085683.0,1282540.4,1017603.2
1994-07,Premium,east Bohemia,54,2136599.5,1224121.9,1176999.4
1994-07,Premium,north Bohemia,42,1612183.7,990578.6,822009.5
1994-07,Premium,north Moravia,91,3507468.9,1995404.4,1900372.4
1994-07,Premium,south Bohemia,30,1007549.1,624450.2,554875.4
1994-07,Premium,south Moravia,69,2535386.9,1496445.6,1247909.8
1994-07,Premium,west Bohemia,48,1830083.5,1249032.8,1053653.5
1994-07,Standard,Prague,95,2885537.9,1404469.5,1419368.7
1994-07,Standard,central Bohemia,83,2680270.2,1242460.7,1377270.9
1994-07,Standard,east Bohemia,65,2125562.6,941578.2,845994.1
1994-07,Standard,north Bohemia,57,1888179.2,811183.7,697116.2
1994-07,Standard,north Moravia,131,4042905.2,2075724.5,1883334.1
1994-07,Standard,south Bohemia,42,1373501.3,652761.2,677599.2999999999
1994-07,Standard,south Moravia,115,3562236.1,1597919.5,1477373.2
1994-07,Standard,west Bohemia,58,1707547.0,685627.9,649535.6
1994-08,Basic,Prague,33,771491.4,236174.3,156048.6
1994-08,Basic,central Bohemia,41,1022278.7,314467.0,347833.2
1994-08,Basic,east Bohemia,43,1033279.1,234333.8,222356.4
1994-08,Basic,north Bohemia,35,839083.3,314307.6,241425.0
1994-08,Basic,north Moravia,42,1108197.6,428918.5,292645.0
1994-08,Basic,south Bohemia,29,604730.0,165119.5,162677.0
1994-08,Basic,south Moravia,50,1128620.5,312865.2,308982.2
1994-08,Basic,west Bohemia,33,766555.5,384335.7,429817.8
1994-08,Premium,Prague,58,2219511.9,1334574.2,1300895.1
1994-08,Premium,central Bohemia,57,2126932.2,1232841.0,1191591.8
1994-08,Premium,east Bohemia,54,2136710.3,1237006.4,1236895.6
1994-08,Premium,north Bohemia,45,1781786.9000000001,1185177.7,1015574.5
1994-08,Premium,north Moravia,98,3749937.0,2113338.3,1870870.2
1994-08,Premium,south Bohemia,32,1193776.1,680039.5,493812.5
1994-08,Premium,south Moravia,71,2747364.8,1801967.0,1589989.1
1994-08,Premium,west Bohemia,49,1982663.8,1245995.4,1093415.1
1994-08,Standard,Prague,97,3041272.0,1364824.2,1209090.1
1994-08,Standard,central Bohemia,84,2685812.8,1193212.3,1187669.7
1994-08,Standard,east Bohemia,65,2151913.4,937797.3,911446.5
1994-08,Standard,north Bohemia,57,1927826.8,762380.4,722732.8
1994-08,Standard,north Moravia,134,4239353.9,2047081.9,1850633.2
1994-08,Standard,south Bohemia,45,1508694.1,779012.7,643819.9
1994-08,Standard,south Moravia,118,3804464.8,1871143.3,1628914.6
1994-08,Standard,west Bohemia,58,1732517.4,652505.2,627534.8
1994-09,Basic,Prague,33,810397.0,271799.4,232893.8
1994-09,Basic,central Bohemia,43,1057895.9,270951.0,235333.8
1994-09,Basic,east Bohemia,45,1125070.1,302036.0,210245.0
1994-09,Basic,north Bohemia,35,877990.4,269145.1,230238.0
1994-09,Basic,north Moravia,43,1185416.2,597068.6,519850.0
1994-09,Basic,south Bohemia,32,705086.0,250468.1,150112.1
1994-09,Basic,south Moravia,51,1204167.5,358323.4,282776.4
1994-09,Basic,west Bohemia,34,850935.2,504440.5,420060.8
1994-09,Premium,Prague,62,2322137.8,1499711.8,1397085.9
1994-09,Premium,central Bohemia,58,2446143.1,1717161.7,1397950.8
1994-09,Premium,east Bohemia,55,2273031.2,1480361.3,1344040.4
1994-09,Premium,north Bohemia,46,1958251.3,1220975.5,1044511.1
1994-09,Premium,north Moravia,99,3941155.1,2117448.3,1926230.2
1994-09,Premium,south Bohemia,33,1304355.1,799718.7,689139.7
1994-09,Premium,south Moravia,73,2838669.7,1719262.2,1627957.3
1994-09,Premium,west Bohemia,50,2004086.4,1262192.2,1240769.6
1994-09,Standard,Prague,99,3070746.6,1358648.3,1329173.7
1994-09,Standard,central Bohemia,84,2660122.6,1113073.9,1138764.1
1994-09,Standard,east Bohemia,69,2272869.4,1021776.3,900820.2999999999
1994-09,Standard,north Bohemia,59,1913735.4,781549.8,795641.2
1994-09,Standard,north Moravia,136,4443471.0,2057522.2,1853405.1
1994-09,Standard,south Bohemia,48,1588782.8,729944.2,649855.5
1994-09,Standard,south Moravia,121,3959813.1,1947934.2,1792585.9
1994-09,Standard,west Bohemia,60,1850521.6,768445.2,650441.0
1994-10,Basic,Prague,35,848685.2,282638.6,244350.4
1994-10,Basic,central Bohemia,43,1048076.7,314731.2,324550.4
1994-10,Basic,east Bohemia,45,1139358.9,279698.0,265409.2
1994-10,Basic,north Bohemia,36,885061.0,247194.2,240123.6
1994-10,Basic,north Moravia,43,1083281.1,261862.5,363997.6
1994-10,Basic,south Bohemia,34,778883.4,277229.3,203431.9
1994-10,Basic,south Moravia,52,1268028.7,360268.4,296407.2
1994-10,Basic,west Bohemia,34,817222.0,224405.2,258118.4
1994-10,Premium,Prague,64,2440378.3,1489870.4,1371629.9
1994-10,Premium,central Bohemia,58,2285961.4,1210977.3,1371159.0
1994-10,Premium,east Bohemia,57,2641948.6,1695628.1,1326710.7
1994-10,Premium,north Bohemia,49,1907348.6,975718.0,1026620.7
1994-10,Premium,north Moravia,102,3985880.0,2083896.5,2039171.5999999999
1994-10,Premium,south Bohemia,35,1402838.8,949826.2,851342.5
1994-10,Premium,south Moravia,75,2816408.1,1629314.0,1651575.6
1994-10,Premium,west Bohemia,51,1987494.4,1231452.1,1248044.1
1994-10,Standard,Prague,100,3298799.7,1557583.0,1329529.9
1994-10,Standard,central Bohemia,87,2736346.9,1243941.2,1167716.9
1994-10,Standard,east Bohemia,72,2257810.6,956178.7,971237.5
1994-10,Standard,north Bohemia,61,1925762.3,798988.9,786962.0
1994-10,Standard,north Moravia,141,4308660.8,2042194.1,2177004.3
1994-10,Standard,south Bohemia,50,1655736.1,815622.6,748669.2999999999
1994-10,Standard,south Moravia,128,4177843.2,2046721.4,1828691.3
1994-10,Standard,west Bohemia,63,1939922.5,818250.5,728849.6
1994-11,Basic,Prague,35,898317.0,279243.0,229611.2
1994-11,Basic,central Bohemia,43,1148282.5,371769.4,271563.6
1994-11,Basic,east Bohemia,45,1229661.0,345005.3,254703.2
1994-11,Basic,north Bohemia,36,916195.4,292218.6,261084.19999999998
1994-11,Basic,north Moravia,44,1122908.5,443164.2,403536.8
1994-11,Basic,south Bohemia,35,777496.0,197733.3,199120.7
1994-11,Basic,south Moravia,52,1281266.8,337668.3,324430.2
1994-11,Basic,west Bohemia,36,864732.1,271988.5,224478.4
1994-11,Premium,Prague,65,2614581.7,1714002.8,1539799.4
1994-11,Premium,central Bohemia,61,2395920.0,1459160.4,1349201.8
1994-11,Premium,east Bohemia,57,2498430.4,1327475.1,1470993.3
1994-11,Premium,north Bohemia,50,2063524.3,1121129.9,964954.2
1994-11,Premium,north Moravia,103,4257538.3,2330241.3,2058583.0
1994-11,Premium,south Bohemia,36,1505553.3,772421.2,669706.7
1994-11,Premium,south Moravia,77,3026639.1,1803419.6,1593188.6
1994-11,Premium,west Bohemia,51,2018553.6,1098864.2,1067805.0
1994-11,Standard,Prague,100,3266528.1,1444246.5,1476518.1
1994-11,Standard,central Bohemia,90,2960055.0,1550114.6,1326406.5
1994-11,Standard,east Bohemia,75,2364809.7,1011993.2,904994.1
1994-11,Standard,north Bohemia,61,1935021.4,822683.1,813424.0
1994-11,Standard,north Moravia,143,4782337.5,2350499.2,1876822.5
1994-11,Standard,south Bohemia,51,1732267.6,760416.8,683885.2999999999
1994-11,Standard,south Moravia,133,4443697.7,2159133.2,1893278.7
1994-11,Standard,west Bohemia,64,2004389.1,766509.0,702042.4
1994-12,Basic,Prague,37,961269.1,401898.3,338946.2
1994-12,Basic,central Bohemia,44,1177674.9,383863.6,354471.2
1994-12,Basic,east Bohemia,45,1191395.9,326574.1,364839.2
1994-12,Basic,north Bohemia,37,914506.3,337489.1,339178.2
1994-12,Basic,north Moravia,44,1227773.2,624702.5,519837.8
1994-12,Basic,south Bohemia,35,826730.3,280654.1,231419.80000000002
1994-12,Basic,south Moravia,54,1304316.4,467220.0,444170.4
1994-12,Basic,west Bohemia,36,950897.0,405788.7,319623.8
1994-12,Premium,Prague,67,2669578.9,1838592.2,1783595.0
1994-12,Premium,central Bohemia,62,2677430.2,1912760.6,1631250.4
1994-12,Premium,east Bohemia,58,2515544.5,1737741.4000000001,1720627.3
1994-12,Premium,north Bohemia,54,2169760.7,1463573.4,1357337.0
1994-12,Premium,north Moravia,106,4283464.9,2815188.1,2789261.5
1994-12,Premium,south Bohemia,39,1610081.5,941842.9,837314.7
1994-12,Premium,south Moravia,77,3251271.1,2431747.9,2207115.9
1994-12,Premium,west Bohemia,51,2168366.1,1479671.8,1329859.3
1994-12,Standard,Prague,101,3476444.0,2153408.2,1943492.3
1994-12,Standard,central Bohemia,94,3099860.6,1810522.3,1670716.7
1994-12,Standard,east Bohemia,77,2577378.9,1478237.3,1265668.0999999999
1994-12,Standard,north Bohemia,61,2041527.6,1137949.2,1031443.0
1994-12,Standard,north Moravia,146,5038608.2,2817570.8,2561300.1
1994-12,Standard,south Bohemia,53,1961500.9,1270810.2,1041576.9
1994-12,Standard,south Moravia,136,4546018.3,2706725.9,2604405.3
1994-12,Standard,west Bohemia,64,2214524.6,1100890.9,890755.4
1995-01,Basic,Prague,40,773414.4,410004.1,597858.7999999999
1995-01,Basic,central Bohemia,44,940160.8,407800.7,645314.8
1995-01,Basic,east Bohemia,49,826354.6,403320.10000000003,768361.4
1995-01,Basic,north Bohemia,39,781111.7,334221.6,467616.2
1995-01,Basic,north Moravia,46,922639.8,410060.3,715193.7
1995-01,Basic,south Bohemia,36,679837.0,278824.2,425717.5
1995-01,Basic,south Moravia,55,1043369.5,491133.7,752080.6
1995-01,Basic,west Bohemia,37,667243.1,281349.0,565002.9
1995-01,Premium,Prague,72,2026661.4,1379485.9,2022403.4
1995-01,Premium,central Bohemia,63,2006146.7,1680383.3,2351666.8
1995-01,Premium,east Bohemia,62,1962018.3,1589623.0,2143149.2
1995-01,Premium,north Bohemia,57,1979972.3,1538346.5,1728134.9
1995-01,Premium,north Moravia,110,3346393.6,2461535.8,3398607.1
1995-01,Premium,south Bohemia,39,1469791.6,1025616.6,1165906.5
1995-01,Premium,south Moravia,81,2536353.1,1880895.4,2595813.4
1995-01,Premium,west Bohemia,55,1766648.5,1261211.7,1662929.3
1995-01,Standard,Prague,103,2472868.7,1311931.6,2315506.9
1995-01,Standard,central Bohemia,99,2405810.3,1515602.2,2209652.5
1995-01,Standard,east Bohemia,78,2002470.5,1204422.1,1779330.5
1995-01,Standard,north Bohemia,62,1498488.9000000001,762670.3,1305709.0
1995-01,Standard,north Moravia,152,3588013.5,2182541.2,3633135.9
1995-01,Standard,south Bohemia,56,1488338.7,927171.2,1400333.4
1995-01,Standard,south Moravia,141,3545426.3,2250138.9,3250730.9
1995-01,Standard,west Bohemia,66,1659714.1,901162.1,1455972.5999999999
1995-02,Basic,Prague,40,879846.0,408116.0,301684.4
1995-02,Basic,central Bohemia,44,1103150.8,498840.0,335850.0
1995-02,Basic,east Bohemia,49,1066984.8,496228.2,255598.0
1995-02,Basic,north Bohemia,42,936302.1,425141.2,269950.8
1995-02,Basic,north Moravia,47,1027274.3,357374.3,252739.8
1995-02,Basic,south Bohemia,37,745657.6,363439.5,297618.9
1995-02,Basic,south Moravia,58,1245081.2,503163.5,301451.8
1995-02,Basic,west Bohemia,37,777116.7999999999,336019.0,226145.3
1995-02,Premium,Prague,74,2638044.9,1734649.8,1123266.3
1995-02,Premium,central Bohemia,64,2441011.2,1331649.7,896785.2
1995-02,Premium,east Bohemia,63,2516968.8,1455940.4,900989.9
1995-02,Premium,north Bohemia,57,2223844.2,1312652.3,1068780.4
1995-02,Premium,north Moravia,110,4348521.5,2518571.9,1516444.0
1995-02,Premium,south Bohemia,40,1568931.1,674531.0,575391.5
1995-02,Premium,south Moravia,85,3183570.1,1894762.0,1247545.0
1995-02,Premium,west Bohemia,59,2038901.2,1346948.9,1074696.2
1995-02,Standard,Prague,106,2924038.3,1470962.4,1019792.8
1995-02,Standard,central Bohemia,100,2890628.4,1368752.4,883934.2999999999
1995-02,Standard,east Bohemia,81,2474451.0,1242854.6,770874.1
1995-02,Standard,north Bohemia,64,1825699.6,856514.9,529304.2
1995-02,Standard,north Moravia,155,4274769.6,2110800.5,1424044.4
1995-02,Standard,south Bohemia,58,1989380.0,1143367.0,642325.7
1995-02,Standard,south Moravia,147,4420491.7,2358779.5,1483714.1
1995-02,Standard,west Bohemia,69,1934206.1,895791.3,621299.3
1995-03,Basic,Prague,40,913510.8,319888.4,286223.6
1995-03,Basic,central Bohemia,44,1113665.9,343758.1,333243.0
1995-03,Basic,east Bohemia,49,1112639.5,310599.7,264945.0
1995-03,Basic,north Bohemia,43,1001910.8,401084.1,335475.4
1995-03,Basic,north Moravia,48,1109303.3,376347.0,294318.0
1995-03,Basic,south Bohemia,38,822604.3,300305.3,223358.6
1995-03,Basic,south Moravia,59,1293752.9,421863.1,373191.4
1995-03,Basic,west Bohemia,38,861177.0,395446.0,311385.8
1995-03,Premium,Prague,75,2991868.4,1970794.1,1616970.6
1995-03,Premium,central Bohemia,64,2687533.8,1514752.8,1268230.2
1995-03,Premium,east Bohemia,65,2827194.0,1817759.7,1507534.5
1995-03,Premium,north Bohemia,58,2548029.4,1780666.1,1456480.9
1995-03,Premium,north Moravia,116,4648099.4,2629837.2,2330259.3
1995-03,Premium,south Bohemia,41,1779365.8,1250863.4,1040428.7000000001
1995-03,Premium,south Moravia,87,3360687.9,1920993.0,1743875.2
1995-03,Premium,west Bohemia,61,2333228.4,1435028.8,1140701.6
1995-03,Standard,Prague,111,3185433.1,1617445.9,1356051.1
1995-03,Standard,central Bohemia,100,3077730.2,1372538.9,1185437.1
1995-03,Standard,east Bohemia,84,2605496.5,1163823.0,1032777.5
1995-03,Standard,north Bohemia,69,1983084.2,935083.6,777699.0
1995-03,Standard,north Moravia,160,4810704.7,2370397.3,1834462.2
1995-03,Standard,south Bohemia,61,2050218.5,1063188.2,1002349.7
1995-03,Standard,south Moravia,149,4659921.0,2507798.6,2268369.3
1995-03,Standard,west Bohemia,74,2200711.8,1087953.5,821447.7999999999
1995-04,Basic,Prague,41,1001366.2,385967.0,298111.6
1995-04,Basic,central Bohemia,45,1146754.4,369785.5,336697.0
1995-04,Basic,east Bohemia,50,1184162.4,367960.9,296438.0
1995-04,Basic,north Bohemia,44,1032525.3,334335.9,303721.4
1995-04,Basic,north Moravia,50,1141712.3,347643.3,315234.3
1995-04,Basic,south Bohemia,41,919174.3,324635.2,228065.2
1995-04,Basic,south Moravia,63,1404633.8,456569.3,345688.4
1995-04,Basic,west Bohemia,40,870652.5,399052.1,389576.60000000003
1995-04,Premium,Prague,76,3039409.3,1547686.1,1500145.2
1995-04,Premium,central Bohemia,65,2755377.1,1713554.3,1645711.0
1995-04,Premium,east Bohemia,65,2874979.9,1613419.0,1565633.1
1995-04,Premium,north Bohemia,61,2641992.4,1433045.5,1339082.5
1995-04,Premium,north Moravia,118,4946933.5,3035621.4,2736787.3
1995-04,Premium,south Bohemia,44,1791761.2,957453.2999999999,945057.9
1995-04,Premium,south Moravia,93,3624718.4,2118648.3,1854617.8
1995-04,Premium,west Bohemia,61,2418254.2,1416889.7,1331863.9
1995-04,Standard,Prague,114,3506108.5,1682230.7,1361555.3
1995-04,Standard,central Bohemia,102,3282297.6,1443302.3,1238734.9
1995-04,Standard,east Bohemia,86,2738144.8,1200363.2,1067714.9
1995-04,Standard,north Bohemia,70,2151010.8,947043.3,779116.7
1995-04,Standard,north Moravia,163,5129527.8,2374700.9,2055877.8
1995-04,Standard,south Bohemia,64,2212532.7,1100587.9,938273.7
1995-04,Standard,south Moravia,154,4772945.5,2262743.4,2149718.9
1995-04,Standard,west Bohemia,76,2386076.3,1086423.1,901058.6
1995-05,Basic,Prague,41,1073071.9,422353.5,350647.8
1995-05,Basic,central Bohemia,48,1171074.6,333558.8,309238.6
1995-05,Basic,east Bohemia,52,1193392.5,361141.1,351911.0
1995-05,Basic,north Bohemia,47,1043599.8,435958.5,424884.0
1995-05,Basic,north Moravia,53,1187719.8,414602.2,368594.7
1995-05,Basic,south Bohemia,41,1050454.1,465150.1,333870.3
1995-05,Basic,south Moravia,65,1434349.0,425051.1,395335.9
1995-05,Basic,west Bohemia,41,1002097.6,481933.7,350488.60000000003
1995-05,Premium,Prague,76,3202574.0,1805357.7,1642193.0
1995-05,Premium,central Bohemia,66,2789937.4,1833007.3,1798447.0
1995-05,Premium,east Bohemia,67,3061166.7,2083216.5,1897029.7
1995-05,Premium,north Bohemia,62,2741404.2,1715406.5,1615994.7
1995-05,Premium,north Moravia,119,5171494.4,2989291.6,2764730.7
1995-05,Premium,south Bohemia,46,1951376.1,1225587.8,1065972.9
1995-05,Premium,south Moravia,96,3887219.6,2147502.7,1885001.5
1995-05,Premium,west Bohemia,62,2435406.0,1414830.7,1397678.9
1995-05,Standard,Prague,118,3666143.4,1683141.9,1523107.0
1995-05,Standard,central Bohemia,107,3375811.2,1498492.4,1404978.8
1995-05,Standard,east Bohemia,87,2835217.7,1283133.9,1186061.0
1995-05,Standard,north Bohemia,75,2251709.7,912016.2,811317.3
1995-05,Standard,north Moravia,166,5339104.9,2391298.2,2181721.1
1995-05,Standard,south Bohemia,65,2208577.9,1215462.4,1219417.2
1995-05,Standard,south Moravia,158,5064519.0,2525011.9,2233438.4
1995-05,Standard,west Bohemia,78,2581345.1,1267835.6,1072566.8
1995-06,Basic,Prague,43,1023158.8,576255.9,626169.0
1995-06,Basic,central Bohemia,49,1052311.4,426615.4,545378.6
1995-06,Basic,east Bohemia,55,1136641.0999999999,675732.2,732483.6
1995-06,Basic,north Bohemia,49,1095424.2,455871.2,404046.8
1995-06,Basic,north Moravia,58,1183002.0,556608.7,561326.5
1995-06,Basic,south Bohemia,41,1031833.1000000001,410514.9,429135.9
1995-06,Basic,south Moravia,66,1468064.7,591243.3,557527.6
1995-06,Basic,west Bohemia,41,945433.1,474004.7,530669.2
1995-06,Premium,Prague,76,3149132.7,2366643.9,2420085.2
1995-06,Premium,central Bohemia,67,2511896.3,2041466.0,2319507.1
1995-06,Premium,east Bohemia,67,2876937.8000000003,2161885.0,2346113.9
1995-06,Premium,north Bohemia,68,2712628.9,2096054.7,2124830.0
1995-06,Premium,north Moravia,119,4819658.7,3759650.8,4111486.5
1995-06,Premium,south Bohemia,47,1837812.2,1364171.0,1477734.9
1995-06,Premium,south Moravia,96,3888752.8,2572292.3,2570759.1
1995-06,Premium,west Bohemia,62,2229287.0,2009847.6,2215966.6
1995-06,Standard,Prague,121,3679531.7,2287985.3,2274597.0
1995-06,Standard,central Bohemia,116,3531697.1,2254643.3,2098757.4
1995-06,Standard,east Bohemia,93,2850918.0,1809271.6,1793571.3
1995-06,Standard,north Bohemia,79,2281791.0,1570733.8,1540652.5
1995-06,Standard,north Moravia,170,4946895.7,2905193.7,3297402.9
1995-06,Standard,south Bohemia,66,2059484.2,1467283.0,1616376.7
1995-06,Standard,south Moravia,163,5027934.7,3526136.9,3562721.2
1995-06,Standard,west Bohemia,81,2405632.9,1459755.6,1635467.8
1995-07,Basic,Prague,44,1058379.2,439415.4,404195.0
1995-07,Basic,central Bohemia,52,1112025.4,366772.6,307058.6
1995-07,Basic,east Bohemia,55,1222103.5999999999,403326.9,317864.4
1995-07,Basic,north Bohemia,49,1161053.7,389178.9,323549.4
1995-07,Basic,north Moravia,60,1381025.7,551508.8,353485.1
1995-07,Basic,south Bohemia,42,1045685.4,369245.8,355393.5
1995-07,Basic,south Moravia,69,1543495.4,462126.9,386696.2
1995-07,Basic,west Bohemia,43,996590.4,450465.5,399308.2
1995-07,Premium,Prague,77,3320770.6,1976925.3,1805287.4
1995-07,Premium,central Bohemia,67,2697688.9,1543422.8,1357630.2
1995-07,Premium,east Bohemia,67,3218333.8000000003,1909481.9,1568085.9
1995-07,Premium,north Bohemia,69,2942420.0,1661446.1,1431655.0
1995-07,Premium,north Moravia,121,5048784.7,2844615.7,2615489.7
1995-07,Premium,south Bohemia,48,1953297.3,1044717.8,929232.7
1995-07,Premium,south Moravia,98,3993827.7,2239695.9,2134621.0
1995-07,Premium,west Bohemia,63,2454481.8,1569460.9,1344266.1
1995-07,Standard,Prague,123,3745581.7,1759746.9,1693696.9
1995-07,Standard,central Bohemia,121,3496069.6,1629347.8,1664975.3
1995-07,Standard,east Bohemia,98,2989788.9,1279477.0,1140606.1
1995-07,Standard,north Bohemia,83,2457715.7,1164888.6,988963.9
1995-07,Standard,north Moravia,176,5504556.1,2681485.1,2123824.7
1995-07,Standard,south Bohemia,68,2345435.0,1313972.3,1028021.5
1995-07,Standard,south Moravia,165,5405402.9,2788729.4,2411261.2
1995-07,Standard,west Bohemia,83,2536679.7,1083110.0,952063.2
1995-08,Basic,Prague,47,1113983.3,428544.1,372940.0
1995-08,Basic,central Bohemia,56,1190639.9,453847.7,375233.2
1995-08,Basic,east Bohemia,57,1341268.7,473691.1,354526.0
1995-08,Basic,north Bohemia,50,1248502.8,454743.1,367294.0
1995-08,Basic,north Moravia,62,1454133.0,472538.6,399431.3
1995-08,Basic,south Bohemia,43,1068747.2,434141.1,411079.3
1995-08,Basic,south Moravia,70,1572292.6,430994.2,402197.0
1995-08,Basic,west Bohemia,44,1008278.0,487359.0,475671.4
1995-08,Premium,Prague,79,3303643.5,1712534.6,1729661.7
1995-08,Premium,central Bohemia,68,2885581.6,1600473.3,1412580.5999999999
1995-08,Premium,east Bohemia,68,3168132.1,1664548.4,1714750.1
1995-08,Premium,north Bohemia,70,3174681.6,1957547.4,1725285.8
1995-08,Premium,north Moravia,126,5285897.9,3061059.5,2823946.3
1995-08,Premium,south Bohemia,49,2171675.4,1146473.4,928095.2999999999
1995-08,Premium,south Moravia,101,4438598.3,2492684.0,2047913.4
1995-08,Premium,west Bohemia,65,2668412.8,1694028.3,1480097.3
1995-08,Standard,Prague,125,3766184.8,1726082.5,1705479.4
1995-08,Standard,central Bohemia,123,3776730.9,1720566.6,1439905.3
1995-08,Standard,east Bohemia,104,3073623.3,1333685.3,1249850.9
1995-08,Standard,north Bohemia,86,2632584.6,1186320.4,1011451.5
1995-08,Standard,north Moravia,180,5840843.9,2484238.3,2147950.5
1995-08,Standard,south Bohemia,70,2353066.0,1172619.5,1164988.5
1995-08,Standard,south Moravia,170,5533439.2,2682699.9,2554663.6
1995-08,Standard,west Bohemia,86,2779686.0,1295354.7,1052348.4
1995-09,Basic,Prague,50,1120061.2,359672.9,353595.0
1995-09,Basic,central Bohemia,58,1300225.0,523053.9,413468.8
1995-09,Basic,east Bohemia,58,1397696.0,475519.9,419092.6
1995-09,Basic,north Bohemia,50,1256933.0,366282.0,357851.8
1995-09,Basic,north Moravia,65,1542936.9,542369.8,453565.9
1995-09,Basic,south Bohemia,44,1011550.2,363324.9,420521.9
1995-09,Basic,south Moravia,73,1584214.6,441941.6,430019.6
1995-09,Basic,west Bohemia,45,1081443.1,418441.7,345276.6
1995-09,Premium,Prague,81,3422599.7,1683342.5,1564386.3
1995-09,Premium,central Bohemia,70,3052423.7,1674537.3,1507695.2
1995-09,Premium,east Bohemia,72,3329015.7,1842806.3,1681922.7
1995-09,Premium,north Bohemia,72,3261697.2,1985413.6,1898398.0
1995-09,Premium,north Moravia,126,5653274.7,3078544.5,2711167.7
1995-09,Premium,south Bohemia,51,2368941.8,1397522.5,1200256.1
1995-09,Premium,south Moravia,106,4540717.9,2219205.6,2117086.0
1995-09,Premium,west Bohemia,70,2700003.9,1448323.8,1416732.7
1995-09,Standard,Prague,130,3997446.9,1888567.1,1657305.0
1995-09,Standard,central Bohemia,124,4007254.4,1852092.2,1621568.7
1995-09,Standard,east Bohemia,109,3384554.7,1459473.7,1148542.3
1995-09,Standard,north Bohemia,90,2788981.9,1259176.6,1102779.3
1995-09,Standard,north Moravia,183,6000346.5,2434650.6,2275148.0
1995-09,Standard,south Bohemia,71,2517250.5,1258672.3,1094487.8
1995-09,Standard,south Moravia,174,5879770.2,3138206.3,2791875.3
1995-09,Standard,west Bohemia,87,2742465.5,959966.7,997187.2
1995-10,Basic,Prague,52,1391700.5,741678.9,470039.6
1995-10,Basic,central Bohemia,60,1426278.2,524503.8,398450.6
1995-10,Basic,east Bohemia,61,1397477.7,450942.1,451160.4
1995-10,Basic,north Bohemia,51,1273110.4,369028.2,352850.8
1995-10,Basic,north Moravia,69,1601127.5,539494.9,481304.3
1995-10,Basic,south Bohemia,44,987320.3,402621.9,426851.8
1995-10,Basic,south Moravia,76,1650091.9,496760.5,430883.2
1995-10,Basic,west Bohemia,46,1065077.0,382858.5,399224.6
1995-10,Premium,Prague,82,3544335.4,1836897.0,1715161.3
1995-10,Premium,central Bohemia,72,3294271.7,1903724.2,1661876.2
1995-10,Premium,east Bohemia,74,3330874.4,1975999.4,1974140.7
1995-10,Premium,north Bohemia,74,3363543.7,1766393.3,1664546.8
1995-10,Premium,north Moravia,126,5723753.0,3100650.5,3030172.2
1995-10,Premium,south Bohemia,53,2353039.4,1208639.7,1224542.1
1995-10,Premium,south Moravia,109,4735602.1,2465237.4,2270353.2
1995-10,Premium,west Bohemia,71,3101398.8,1921392.2,1519997.3
1995-10,Standard,Prague,134,4281352.2,2167593.2,1883687.9
1995-10,Standard,central Bohemia,126,3927542.8,1555587.5,1635299.0999999999
1995-10,Standard,east Bohemia,114,3607121.8,1481673.0,1259105.9
1995-10,Standard,north Bohemia,90,2825108.5,1179812.1,1143685.5
1995-10,Standard,north Moravia,189,6221794.6,2694288.1,2472840.0
1995-10,Standard,south Bohemia,76,2587877.5,1278548.2,1207921.2
1995-10,Standard,south Moravia,185,5840902.4,2818808.0,2857675.8
1995-10,Standard,west Bohemia,90,2862084.2,1259260.5,1139641.8
1995-11,Basic,Prague,54,1483713.4,637753.7,545740.8
1995-11,Basic,central Bohemia,61,1563783.4,603833.0,466327.8
1995-11,Basic,east Bohemia,67,1451225.0,617966.7,564219.4
1995-11,Basic,north Bohemia,54,1269369.8,336770.4,340511.0
1995-11,Basic,north Moravia,71,1663346.7,583387.7,521168.5
1995-11,Basic,south Bohemia,46,1061581.4,499930.9,425669.8
1995-11,Basic,south Moravia,77,1717305.2,572457.3,505244.0
1995-11,Basic,west Bohemia,47,1122102.0,371174.2,314149.2
1995-11,Premium,Prague,83,3615274.0,2150664.9,2079726.3
1995-11,Premium,central Bohemia,73,3232770.5,1768788.0,1830289.2
1995-11,Premium,east Bohemia,77,3584878.1,2061047.4,1807043.7
1995-11,Premium,north Bohemia,78,3615746.7,2104698.9,1852495.9
1995-11,Premium,north Moravia,127,5795557.7,2827403.6,2755598.9
1995-11,Premium,south Bohemia,55,2398005.8,1310206.7,1265240.3
1995-11,Premium,south Moravia,115,5063933.5,2477606.2,2149274.8
1995-11,Premium,west Bohemia,72,2935032.9,1282746.9,1449112.8
1995-11,Standard,Prague,136,4214680.8,1857685.9,1924357.3
1995-11,Standard,central Bohemia,129,3999301.4,1916811.9,1845053.3
1995-11,Standard,east Bohemia,116,3707341.2,1647073.9,1546854.5
1995-11,Standard,north Bohemia,92,2982497.6,1311503.4,1154114.3
1995-11,Standard,north Moravia,194,6171953.1,2543539.4,2593380.9
1995-11,Standard,south Bohemia,79,2616663.5,1271984.2,1243198.2
1995-11,Standard,south Moravia,194,6020317.0,2727889.9,2548475.3
1995-11,Standard,west Bohemia,92,3055822.4,1215424.6,1021686.4
1995-12,Basic,Prague,57,1447234.8,702843.7,739322.3
1995-12,Basic,central Bohemia,63,1487893.0,582198.6,658089.0
1995-12,Basic,east Bohemia,69,1479350.0,608701.4,580576.4
1995-12,Basic,north Bohemia,54,1341530.5,579519.7,507359.0
1995-12,Basic,north Moravia,77,1865845.8,862537.0,660037.9
1995-12,Basic,south Bohemia,49,1287952.0,658482.1,432111.5
1995-12,Basic,south Moravia,82,1801647.8,669790.9,585448.3
1995-12,Basic,west Bohemia,48,1133791.5,451812.9,440123.4
1995-12,Premium,Prague,83,3769163.6,2313668.8,2159779.2
1995-12,Premium,central Bohemia,74,3532557.7,2371331.2,2071544.0
1995-12,Premium,east Bohemia,79,3930436.5,2562843.3,2217284.9
1995-12,Premium,north Bohemia,78,3752704.9,2502638.6,2365680.4
1995-12,Premium,north Moravia,127,5904178.6,3717425.4,3608804.5
1995-12,Premium,south Bohemia,55,2560722.0,1749115.7,1586399.5
1995-12,Premium,south Moravia,118,5355127.0,3225049.4,2933855.9
1995-12,Premium,west Bohemia,73,3231397.8,2118607.1,1822242.2
1995-12,Standard,Prague,139,4588256.0,2741478.3,2367903.1
1995-12,Standard,central Bohemia,132,4440117.5,2534414.6,2093598.5
1995-12,Standard,east Bohemia,117,3856982.3,2160225.2,2010584.0999999999
1995-12,Standard,north Bohemia,94,3065362.0,1622289.9,1539425.5
1995-12,Standard,north Moravia,197,6687036.6,3699666.3,3184582.8
1995-12,Standard,south Bohemia,81,2900518.0,1868853.1,1584998.5999999999
1995-12,Standard,south Moravia,197,6622143.0,3900931.1,3299105.1
1995-12,Standard,west Bohemia,96,3218001.3,1708248.1,1546069.2
1996-01,Basic,Prague,58,1109948.7,609838.3,947124.4
1996-01,Basic,central Bohemia,68,1239157.6,598289.1,847024.5
1996-01,Basic,east Bohemia,73,1108771.1,443811.3,814390.2
1996-01,Basic,north Bohemia,57,1075994.0,413737.1,679273.6
1996-01,Basic,north Moravia,80,1516217.5,696471.2,1046099.5
1996-01,Basic,south Bohemia,53,1001684.6,517291.2,803558.6
1996-01,Basic,south Moravia,86,1717676.8,848123.7,932094.7
1996-01,Basic,west Bohemia,51,927367.3,476384.6,682808.7999999999
1996-01,Premium,Prague,85,2944336.1,2008798.5,2833626.0
1996-01,Premium,central Bohemia,80,2720004.1,1776817.2,2589370.8
1996-01,Premium,east Bohemia,83,3207116.9,2380148.7,3103468.3
1996-01,Premium,north Bohemia,80,3130596.4,2115107.8,2737216.3
1996-01,Premium,north Moravia,130,4294219.2,2958894.0,4568853.4
1996-01,Premium,south Bohemia,57,1897079.5,1189029.4,1852671.9
1996-01,Premium,south Moravia,125,4324293.0,2982409.7,4013243.6999999997
1996-01,Premium,west Bohemia,75,2788025.3,1558837.9,2002210.4
1996-01,Standard,Prague,145,3728979.2,2469908.5,3329185.3
1996-01,Standard,central Bohemia,137,3348443.6,2043075.4,3134749.3
1996-01,Standard,east Bohemia,121,2858503.9,1739660.6,2738139.0
1996-01,Standard,north Bohemia,100,2361784.7,1398282.6,2101859.9
1996-01,Standard,north Moravia,207,5289459.3,3109989.5,4507566.8
1996-01,Standard,south Bohemia,84,2353897.7,1686964.5,2233584.8
1996-01,Standard,south Moravia,206,5446475.8,3234466.1,4410133.3
1996-01,Standard,west Bohemia,104,2622797.4,1431260.8,2026464.7
1996-02,Basic,Prague,62,1331880.4,621321.3,399389.6
1996-02,Basic,central Bohemia,70,1505737.4,626198.0,359618.2
1996-02,Basic,east Bohemia,77,1379608.7,558081.8,287244.2
1996-02,Basic,north Bohemia,59,1218926.3,394590.9,251658.6
1996-02,Basic,north Moravia,82,1748993.7,746464.2,513688.0
1996-02,Basic,south Bohemia,57,1125411.1,501755.9,378029.4
1996-02,Basic,south Moravia,88,1941048.4,681592.9,458221.3
1996-02,Basic,west Bohemia,56,1110473.3,507054.1,323948.1
1996-02,Premium,Prague,89,3586913.1,1989732.3,1347155.3
1996-02,Premium,central Bohemia,84,3506738.8,2318894.5,1532159.8
1996-02,Premium,east Bohemia,86,3582882.8000000003,2165603.3,1789837.4
1996-02,Premium,north Bohemia,83,3470446.3000000003,1885536.5,1545686.6
1996-02,Premium,north Moravia,134,5447882.7,3176902.9,2023239.4
1996-02,Premium,south Bohemia,59,2380640.6,1461984.6,978423.5
1996-02,Premium,south Moravia,129,5245056.1,2970753.0,2049989.9
1996-02,Premium,west Bohemia,77,3351359.3,1778480.6,1215146.6
1996-02,Standard,Prague,149,4453229.4,2453633.6,1729383.4
1996-02,Standard,central Bohemia,146,4188393.6,2438771.4,1598821.4
1996-02,Standard,east Bohemia,129,3586242.5,1907761.4,1180022.8
1996-02,Standard,north Bohemia,106,2908869.8,1574132.8,1027047.7
1996-02,Standard,north Moravia,217,6175826.9,3087573.7,2201206.1
1996-02,Standard,south Bohemia,86,2924277.1,1610847.2,1040467.8
1996-02,Standard,south Moravia,214,6309010.9,3246953.7,2384418.6
1996-02,Standard,west Bohemia,110,3094548.9,1410989.1,939237.6
1996-03,Basic,Prague,63,1569413.5,839924.7,602391.6
1996-03,Basic,central Bohemia,72,1557215.6,636767.0,585288.8
1996-03,Basic,east Bohemia,79,1524441.7,638579.0,493746.0
1996-03,Basic,north Bohemia,60,1335408.4,461046.3,344564.2
1996-03,Basic,north Moravia,90,1951077.6,929293.6,727209.7
1996-03,Basic,south Bohemia,60,1349771.0,659875.2,435515.3
1996-03,Basic,south Moravia,92,2099237.4,822628.1,664439.1
1996-03,Basic,west Bohemia,60,1180828.5,479676.5,409321.3
1996-03,Premium,Prague,93,4076534.7,2284760.3,1795138.7
1996-03,Premium,central Bohemia,89,3805353.5,2125448.5,1826833.8
1996-03,Premium,east Bohemia,88,3911674.1,2141871.5,1813080.2
1996-03,Premium,north Bohemia,87,3750645.1,1860934.9,1580736.0999999999
1996-03,Premium,north Moravia,143,5896753.7,3626898.2,3178027.2
1996-03,Premium,south Bohemia,59,2628553.5,1506804.0,1258891.1
1996-03,Premium,south Moravia,132,5764582.1,3293700.4,2774174.4
1996-03,Premium,west Bohemia,81,3448615.2,1733415.5,1636159.6
1996-03,Standard,Prague,157,4654081.3,2090428.1,1889576.2
1996-03,Standard,central Bohemia,151,4594246.5,2424817.7,2018964.8
1996-03,Standard,east Bohemia,140,3991367.7,2112797.9,1707672.7
1996-03,Standard,north Bohemia,114,3155535.7,1525505.6,1278839.7
1996-03,Standard,north Moravia,231,6835481.0,3254788.4,2595134.3
1996-03,Standard,south Bohemia,94,3031809.3,1521215.0,1413682.8
1996-03,Standard,south Moravia,222,6816718.8,3293619.1,2785911.2
1996-03,Standard,west Bohemia,116,3518152.3,1652804.8,1229201.4
1996-04,Basic,Prague,66,1498309.2,511049.7,582154.0
1996-04,Basic,central Bohemia,77,1752650.3,807972.3,612537.6
1996-04,Basic,east Bohemia,81,1679567.3,519191.4,364065.8
1996-04,Basic,north Bohemia,65,1423042.6,486506.2,398872.0
1996-04,Basic,north Moravia,95,2139409.7,824803.7,636471.6
1996-04,Basic,south Bohemia,62,1343545.9,502009.9,508235.0
1996-04,Basic,south Moravia,95,2209268.3,826529.7999999999,716498.9
1996-04,Basic,west Bohemia,60,1334824.9,562826.0,408829.6
1996-04,Premium,Prague,98,4159592.1,2031071.3,1948013.9
1996-04,Premium,central Bohemia,95,4316359.8,2483005.1,1971998.8
1996-04,Premium,east Bohemia,93,4174589.1,2085936.0,1823021.0
1996-04,Premium,north Bohemia,90,4085075.9,2089051.1,1754620.3
1996-04,Premium,north Moravia,148,6490302.8,3633126.0,3039576.9
1996-04,Premium,south Bohemia,59,2549900.4,1234351.0,1313004.0999999999
1996-04,Premium,south Moravia,134,6120098.9,3139914.5,2784397.7
1996-04,Premium,west Bohemia,83,3595165.6,1764348.6,1617798.2
1996-04,Standard,Prague,163,5151170.3,2548439.6,2051350.5999999999
1996-04,Standard,central Bohemia,158,4947155.2,2421031.1,2068122.4
1996-04,Standard,east Bohemia,142,4342801.0,2059580.2,1708146.9
1996-04,Standard,north Bohemia,123,3456582.8,1484401.2,1183354.1
1996-04,Standard,north Moravia,237,7549542.6,3556230.6,2842169.0
1996-04,Standard,south Bohemia,98,3194681.1999999997,1790741.3,1627869.4
1996-04,Standard,south Moravia,234,7400750.8,3625109.2,3041077.2
1996-04,Standard,west Bohemia,118,3990760.0,1829636.3,1357028.6
1996-05,Basic,Prague,69,1589250.1,580272.1,489331.2
1996-05,Basic,central Bohemia,80,1802231.1,717675.0,668094.2
1996-05,Basic,east Bohemia,86,1787214.3,605751.8,498104.8
1996-05,Basic,north Bohemia,70,1480370.6,468855.2,411527.2
1996-05,Basic,north Moravia,99,2117494.0,789965.0,811880.7000000001
1996-05,Basic,south Bohemia,63,1460887.4,778641.0,661299.5
1996-05,Basic,south Moravia,101,2225677.9,803907.5,787497.9
1996-05,Basic,west Bohemia,64,1350960.8,507095.7,490959.8
1996-05,Premium,Prague,99,4570068.5,2179262.3,1768785.9
1996-05,Premium,central Bohemia,96,4501896.9,2518026.1,2332489.0
1996-05,Premium,east Bohemia,94,4464507.5,2512414.4,2222496.0
1996-05,Premium,north Bohemia,90,4338017.9,2477412.5,2224470.5
1996-05,Premium,north Moravia,151,7075240.6,3892747.1,3307809.3
1996-05,Premium,south Bohemia,59,2526012.0,1388840.3,1412728.7
1996-05,Premium,south Moravia,140,6450682.2,3208430.0,2877846.7
1996-05,Premium,west Bohemia,84,3787754.0,1786312.8,1593724.4
1996-05,Standard,Prague,167,5264766.8,2512382.2,2398785.7
1996-05,Standard,central Bohemia,161,5113505.1,2519061.7,2352711.8
1996-05,Standard,east Bohemia,148,4471908.1,1880986.8,1751879.7
1996-05,Standard,north Bohemia,127,3833052.4,1739482.5,1363012.9
1996-05,Standard,north Moravia,248,8073357.6,3659025.1,3135210.1
1996-05,Standard,south Bohemia,102,3361280.3,1707853.6,1541254.5
1996-05,Standard,south Moravia,244,7778140.3,3659162.1,3281772.6
1996-05,Standard,west Bohemia,123,4009973.1,1870043.3,1850830.2
1996-06,Basic,Prague,70,1540463.7,760822.6,809609.0
1996-06,Basic,central Bohemia,83,1796765.1,925545.6,931011.6
1996-06,Basic,east Bohemia,90,1775264.1,794469.9,806420.1
1996-06,Basic,north Bohemia,76,1502312.5,665836.7,643894.8
1996-06,Basic,north Moravia,105,2106223.2,1196518.4,1207789.2
1996-06,Basic,south Bohemia,66,1395433.2,730084.9,795539.1
1996-06,Basic,south Moravia,104,2161114.5,1164151.7,1228715.1
1996-06,Basic,west Bohemia,65,1354686.3,621273.7,617548.2
1996-06,Premium,Prague,103,4207057.0,3014381.6,3377393.1
1996-06,Premium,central Bohemia,98,4412914.5,3005137.6,3094120.0
1996-06,Premium,east Bohemia,97,3834222.2,3013044.9,3643330.2
1996-06,Premium,north Bohemia,92,4033140.1,2766845.9,3071723.7
1996-06,Premium,north Moravia,153,6495193.5,4398958.3,4979005.4
1996-06,Premium,south Bohemia,60,2404191.3,1780874.2,1902694.9
1996-06,Premium,south Moravia,143,5784256.9,3833285.9,4499711.2
1996-06,Premium,west Bohemia,88,3583910.5,2476365.3,2680208.8
1996-06,Standard,Prague,179,5499698.1,3679071.3,3444140.0
1996-06,Standard,central Bohemia,169,5175099.5,3242383.4,3180789.0
1996-06,Standard,east Bohemia,155,4612725.3,2733866.7,2593049.5
1996-06,Standard,north Bohemia,135,3984074.8,2450585.5,2299563.1
1996-06,Standard,north Moravia,256,7876548.1,4822348.3,5019157.8
1996-06,Standard,south Bohemia,107,3304202.7,2430073.2,2487150.8
1996-06,Standard,south Moravia,256,7786462.3,5027032.9,5018710.9
1996-06,Standard,west Bohemia,128,3857006.5,2346162.2,2499128.8
1996-07,Basic,Prague,71,1599947.4,637273.7,577790.0
1996-07,Basic,central Bohemia,87,1792955.4,672020.1,675829.8
1996-07,Basic,east Bohemia,93,1772470.7,583354.0,586147.4
1996-07,Basic,north Bohemia,78,1698365.6,614969.6,418916.5
1996-07,Basic,north Moravia,112,2258291.8,904104.3,752035.7
1996-07,Basic,south Bohemia,72,1517278.4,706394.3,584549.1
1996-07,Basic,south Moravia,110,2459004.9,1274830.7,976940.3
1996-07,Basic,west Bohemia,67,1468096.8,610925.9,497515.4
1996-07,Premium,Prague,104,4567616.4,2505250.3,2144690.9
1996-07,Premium,central Bohemia,102,4928921.9,2916327.4,2400320.0
1996-07,Premium,east Bohemia,102,4379019.8,2295317.8,1750520.2
1996-07,Premium,north Bohemia,96,4367653.6,2096811.4,1762297.9
1996-07,Premium,north Moravia,159,7285493.5,4105995.0,3315695.0
1996-07,Premium,south Bohemia,64,2846143.9,1810506.8,1368554.2
1996-07,Premium,south Moravia,146,6386367.7,3275238.4,2673127.6
1996-07,Premium,west Bohemia,89,3820793.7,2094163.0,1857279.8
1996-07,Standard,Prague,187,5809132.5,2981875.5,2672441.1
1996-07,Standard,central Bohemia,184,5483987.8,2843118.9,2534230.6
1996-07,Standard,east Bohemia,164,5015077.9,2260116.3,1857763.7
1996-07,Standard,north Bohemia,141,4371733.2,2231477.9,1843819.5
1996-07,Standard,north Moravia,277,8618186.7,4293934.1,3552295.5
1996-07,Standard,south Bohemia,111,3538033.6,1698757.7,1464926.8
1996-07,Standard,south Moravia,266,8586256.2,4124422.8,3324628.9
1996-07,Standard,west Bohemia,133,4091670.7,1929445.0,1694780.8
1996-08,Basic,Prague,75,1632227.2,596732.2,564452.4
1996-08,Basic,central Bohemia,94,2069768.9,1010848.5,734035.0
1996-08,Basic,east Bohemia,99,1830931.8,667094.6,608633.5
1996-08,Basic,north Bohemia,78,1741895.7,587228.8,543698.7
1996-08,Basic,north Moravia,118,2311928.3,937255.6,883619.1
1996-08,Basic,south Bohemia,74,1571761.7,690587.6,636104.3
1996-08,Basic,south Moravia,113,2665733.2,1097652.2,890923.9
1996-08,Basic,west Bohemia,76,1511782.0999999999,546684.3,502999.0
1996-08,Premium,Prague,106,4866827.4,2309272.1,2010061.0999999999
1996-08,Premium,central Bohemia,110,5178169.4,2773331.1,2524083.6
1996-08,Premium,east Bohemia,107,4990008.8,3006633.6,2395644.6
1996-08,Premium,north Bohemia,98,4564524.3,2527598.3,2330727.6
1996-08,Premium,north Moravia,161,7610352.2,3864547.8,3539689.1
1996-08,Premium,south Bohemia,68,2884480.0,1407892.8,1369556.7
1996-08,Premium,south Moravia,153,6760873.1,3379482.6,3004977.1999999997
1996-08,Premium,west Bohemia,90,4087459.7,1970373.3,1703707.3
1996-08,Standard,Prague,198,6079251.3,3149313.0,2879194.2
1996-08,Standard,central Bohemia,192,5664535.8,2791728.3,2611180.3
1996-08,Standard,east Bohemia,171,5409183.9,2569571.1,2175465.1
1996-08,Standard,north Bohemia,146,4445450.3,2062381.9,1988664.8
1996-08,Standard,north Moravia,290,9253342.2,4551605.1,3916449.6
1996-08,Standard,south Bohemia,118,3718803.8,1834909.7,1654139.5
1996-08,Standard,south Moravia,274,8830096.5,4524868.7,4281028.4
1996-08,Standard,west Bohemia,139,4294704.6,1944629.7,1741595.8
1996-09,Basic,Prague,79,1792238.1,764671.6,604660.7
1996-09,Basic,central Bohemia,99,2143416.4,850356.1,776708.6
1996-09,Basic,east Bohemia,106,1970730.4,720883.4,581084.8
1996-09,Basic,north Bohemia,82,1880433.6,646324.1,507786.2
1996-09,Basic,north Moravia,124,2467967.0,1113857.6,957818.9
1996-09,Basic,south Bohemia,78,1677793.3,760641.8,654610.2
1996-09,Basic,south Moravia,120,2693589.9,955760.4,927903.7
1996-09,Basic,west Bohemia,77,1703715.3,800018.6,608085.4
1996-09,Premium,Prague,109,5058175.3,2353718.6,2162370.7
1996-09,Premium,central Bohemia,112,5403265.4,3086052.0,2860956.0
1996-09,Premium,east Bohemia,109,5350657.5,2991918.5,2631269.8
1996-09,Premium,north Bohemia,99,4786521.2,2485212.5,2263215.6
1996-09,Premium,north Moravia,166,7898472.4,4180758.1,3892637.9
1996-09,Premium,south Bohemia,70,3251942.8,1817888.1,1450425.3
1996-09,Premium,south Moravia,160,7360194.3,3569797.3,2970476.1
1996-09,Premium,west Bohemia,91,4274336.3,2146831.1,1959954.5
1996-09,Standard,Prague,207,6336196.2,3067491.9,2810547.0
1996-09,Standard,central Bohemia,199,6101673.7,3061441.4,2624303.5
1996-09,Standard,east Bohemia,178,5636348.9,2437692.4,2210527.4
1996-09,Standard,north Bohemia,150,4676755.0,2308199.5,2076894.8
1996-09,Standard,north Moravia,298,9985371.0,4906008.6,4173979.8
1996-09,Standard,south Bohemia,120,3832437.1,1838138.6,1724505.3
1996-09,Standard,south Moravia,283,9214204.3,4492256.1,4108148.3
1996-09,Standard,west Bohemia,140,4664165.0,2157712.4,1788252.0
1996-10,Basic,Prague,82,1914769.6,801358.7,678827.2
1996-10,Basic,central Bohemia,104,2169571.4,783400.4,757245.4
1996-10,Basic,east Bohemia,112,2290966.5,979627.2999999999,659391.2000000001
1996-10,Basic,north Bohemia,89,1908174.7,768974.3,741233.2
1996-10,Basic,north Moravia,127,2570706.7,953855.2,851115.5
1996-10,Basic,south Bohemia,83,1744060.9,813500.6,747233.0
1996-10,Basic,south Moravia,128,2758649.0,975169.2,910110.1
1996-10,Basic,west Bohemia,80,1728236.8,670955.1,646433.6
1996-10,Premium,Prague,114,5190440.5,2543471.1,2411205.9
1996-10,Premium,central Bohemia,117,5561035.8,3033279.7,2875509.3
1996-10,Premium,east Bohemia,112,5767156.7,3302499.5,2886000.3
1996-10,Premium,north Bohemia,103,4829380.6,2366710.0,2323850.6
1996-10,Premium,north Moravia,168,8327784.7,4069836.6,3640524.3
1996-10,Premium,south Bohemia,70,3429747.9,1841535.0,1663729.9
1996-10,Premium,south Moravia,165,7878375.1,3946081.1,3427900.3
1996-10,Premium,west Bohemia,95,4234288.2,1898289.4,1938337.5
1996-10,Standard,Prague,213,6894187.7,3584011.4,3026019.9
1996-10,Standard,central Bohemia,207,6453470.3,3262413.5,2910616.9
1996-10,Standard,east Bohemia,182,5993202.8,2768427.9,2411574.0
1996-10,Standard,north Bohemia,155,5074726.9,2345057.7,1947085.8
1996-10,Standard,north Moravia,310,10553239.2,5296317.4,4728449.2
1996-10,Standard,south Bohemia,121,4074223.7,1956525.0,1714738.4
1996-10,Standard,south Moravia,290,9580606.4,4593358.8,4226956.7
1996-10,Standard,west Bohemia,144,4668457.4,2083601.6,2079309.2
1996-11,Basic,Prague,85,1888627.5,683025.5,709167.6
1996-11,Basic,central Bohemia,107,2236542.4,794757.4,727786.4
1996-11,Basic,east Bohemia,116,2373733.9,790339.7,707572.3
1996-11,Basic,north Bohemia,93,2062498.5,681948.8,527625.0
1996-11,Basic,north Moravia,130,2730705.4,1048727.4,888728.7
1996-11,Basic,south Bohemia,87,1888485.3,819094.3,674669.9
1996-11,Basic,south Moravia,132,2978330.6,1303536.0,1083854.4
1996-11,Basic,west Bohemia,83,1821460.0,686516.8,593293.6
1996-11,Premium,Prague,115,5634239.6,2592660.8,2148861.7
1996-11,Premium,central Bohemia,119,5733715.1,3470445.9,3297766.6
1996-11,Premium,east Bohemia,113,5832842.8,2734039.6,2668353.5
1996-11,Premium,north Bohemia,106,5171644.5,2405890.5,2063626.5999999999
1996-11,Premium,north Moravia,172,8492880.7,4083193.1,3918097.1
1996-11,Premium,south Bohemia,72,3469856.1,1622831.4,1582723.2
1996-11,Premium,south Moravia,167,8013482.2,3702865.3,3567758.2
1996-11,Premium,west Bohemia,95,4452501.1,2347076.9,2128864.0
1996-11,Standard,Prague,218,7462064.3,3805796.1,3237919.5
1996-11,Standard,central Bohemia,216,6848594.3,3387097.5,2991973.5
1996-11,Standard,east Bohemia,189,6345421.9,2870728.5,2518509.4
1996-11,Standard,north Bohemia,164,5257568.8,2570753.3,2387911.4
1996-11,Standard,north Moravia,320,10890967.5,5186467.7,4848739.4
1996-11,Standard,south Bohemia,126,4181889.9,1981247.2,1873581.0
1996-11,Standard,south Moravia,305,9835485.4,4678113.3,4423234.3
1996-11,Standard,west Bohemia,147,4834611.6,2155356.2,1989202.0
1996-12,Basic,Prague,91,2039024.5,1114836.9,964439.9
1996-12,Basic,central Bohemia,113,2434915.1,1118647.8,920275.1
1996-12,Basic,east Bohemia,125,2558183.9,1096491.5,912041.5
1996-12,Basic,north Bohemia,96,2157181.8,796427.9,701744.6
1996-12,Basic,north Moravia,134,2958457.8,1331241.1,1103488.7
1996-12,Basic,south Bohemia,88,1909534.5,960909.6,939860.4
1996-12,Basic,south Moravia,137,3115999.0,1556089.2,1418420.8
1996-12,Basic,west Bohemia,89,1912733.5,901461.7,810188.2
1996-12,Premium,Prague,118,5953409.2,3224021.1,2904851.5
1996-12,Premium,central Bohemia,122,6215148.4,4475060.9,3993627.6
1996-12,Premium,east Bohemia,114,6195059.0,3697712.5,3335496.3
1996-12,Premium,north Bohemia,108,5577112.3,3405674.2,3000206.4
1996-12,Premium,north Moravia,179,9273093.2,5726739.8,4946527.3
1996-12,Premium,south Bohemia,75,3693909.0,2462240.9,2238188.0
1996-12,Premium,south Moravia,168,8564491.6,5045094.8,4494085.4
1996-12,Premium,west Bohemia,96,4741161.1,2917451.0,2628791.0
1996-12,Standard,Prague,229,7632688.3,4383530.3,4212906.3
1996-12,Standard,central Bohemia,225,7394275.9,4786786.9,4241105.3
1996-12,Standard,east Bohemia,197,6941479.8,4020191.9,3424134.0
1996-12,Standard,north Bohemia,169,5656274.3,3309661.7,2910956.1999999997
1996-12,Standard,north Moravia,328,11528873.6,6501061.7,5863155.6
1996-12,Standard,south Bohemia,131,4668534.5,2791992.3,2305347.7
1996-12,Standard,south Moravia,317,10502159.5,6261163.5,5594489.4
1996-12,Standard,west Bohemia,153,5326739.5,2882842.7,2390714.8
1997-01,Basic,Prague,93,1705915.8,1046203.7,1379312.4
1997-01,Basic,central Bohemia,116,2046582.9,997434.3,1385766.5
1997-01,Basic,east Bohemia,129,2121208.3,973147.7,1410123.3
1997-01,Basic,north Bohemia,99,1847643.2,718068.5,1027607.1
1997-01,Basic,north Moravia,137,2414044.3,1213650.5,1758064.0
1997-01,Basic,south Bohemia,90,1649796.5,907093.6,1166831.6
1997-01,Basic,south Moravia,138,2480847.5,1277068.5,1912220.0
1997-01,Basic,west Bohemia,91,1539162.8,595315.7,968886.4
1997-01,Premium,Prague,120,5070555.9,3090377.4,3973230.6999999997
1997-01,Premium,central Bohemia,125,4915075.1,3166066.0,4466139.3
1997-01,Premium,east Bohemia,115,4841383.3,2819148.2,4172823.9
1997-01,Premium,north Bohemia,111,4747713.0,3217289.1,4046688.4
1997-01,Premium,north Moravia,180,7678540.0,4708515.5,6303068.7
1997-01,Premium,south Bohemia,75,2788222.6,1591427.7,2497114.1
1997-01,Premium,south Moravia,171,6753705.0,4340151.2,6150937.8
1997-01,Premium,west Bohemia,96,4138638.7,2827630.4,3430152.8
1997-01,Standard,Prague,231,6098295.8,3794141.7,5328534.2
1997-01,Standard,central Bohemia,229,5863433.5,3645735.8,5176578.2
1997-01,Standard,east Bohemia,203,5298564.0,3138405.5,4781321.3
1997-01,Standard,north Bohemia,173,4300316.7,2476974.0,3832931.6
1997-01,Standard,north Moravia,334,9384689.9,5609935.8,7754119.5
1997-01,Standard,south Bohemia,132,3625782.5,2185489.2,3228241.1999999997
1997-01,Standard,south Moravia,323,8661956.3,5557149.9,7397353.1
1997-01,Standard,west Bohemia,157,4152242.0,2344622.1,3519119.6
1997-02,Basic,Prague,96,2035789.2,1308890.3,979016.9
1997-02,Basic,central Bohemia,118,2403074.8,1232044.2,875552.3
1997-02,Basic,east Bohemia,132,2422857.7,906786.5,605137.1
1997-02,Basic,north Bohemia,100,1966370.4,669923.1,551195.9
1997-02,Basic,north Moravia,139,2663629.8,1067622.3,818036.8
1997-02,Basic,south Bohemia,92,1908556.2,1034962.6,776202.9
1997-02,Basic,south Moravia,139,2813451.4,1181957.1,849353.2
1997-02,Basic,west Bohemia,96,1801557.2,769353.4,506959.0
1997-02,Premium,Prague,123,5833155.2,2940583.4,2177984.1
1997-02,Premium,central Bohemia,127,5816316.9,3546924.7,2645682.9
1997-02,Premium,east Bohemia,115,5786431.2,2901937.1,1956889.2
1997-02,Premium,north Bohemia,111,5151653.8,2444162.6,2040221.8
1997-02,Premium,north Moravia,181,8705058.9,4336725.1,3310206.2
1997-02,Premium,south Bohemia,75,3424842.3,1812569.2,1175949.5
1997-02,Premium,south Moravia,174,8141143.9,4160953.1,2773514.2
1997-02,Premium,west Bohemia,98,4746511.9,2203354.3,1595481.0999999999
1997-02,Standard,Prague,243,7332504.5,3945546.6,2711337.9
1997-02,Standard,central Bohemia,232,7119465.3,3795059.6,2539027.8
1997-02,Standard,east Bohemia,208,6460888.7,3399776.7,2237452.0
1997-02,Standard,north Bohemia,176,5244024.8,2737637.5,1793929.4
1997-02,Standard,north Moravia,340,10914134.8,5489109.4,3959664.5
1997-02,Standard,south Bohemia,136,4143934.3,2061179.8,1543028.0
1997-02,Standard,south Moravia,335,10022106.3,5198540.1,3838390.1
1997-02,Standard,west Bohemia,161,4691789.5,2150693.0,1611145.5
1997-03,Basic,Prague,96,2077597.0,1016967.5,975159.7
1997-03,Basic,central Bohemia,119,2638623.0,1182571.1,947022.9
1997-03,Basic,east Bohemia,134,2502354.3,861048.5,781551.9
1997-03,Basic,north Bohemia,101,2265624.1,838690.1,539436.4
1997-03,Basic,north Moravia,140,2846372.2,1203969.8,1021227.4
1997-03,Basic,south Bohemia,93,2150642.8,1102542.2,860455.6
1997-03,Basic,south Moravia,147,2931972.3,1183966.8,1065445.9
1997-03,Basic,west Bohemia,100,1906212.5,798533.6,693878.3
1997-03,Premium,Prague,125,6142337.2,2942354.4,2633172.4
1997-03,Premium,central Bohemia,129,6204320.4,3323993.1,2935989.6
1997-03,Premium,east Bohemia,116,6275037.7,3386314.3,2897707.8
1997-03,Premium,north Bohemia,114,5670118.8,2912068.8,2393603.8
1997-03,Premium,north Moravia,181,9590462.6,4731058.7,3845655.0
1997-03,Premium,south Bohemia,75,3687137.5,2069570.3,1807275.0999999999
1997-03,Premium,south Moravia,175,8429231.9,4020834.8,3732746.8
1997-03,Premium,west Bohemia,98,5082150.2,2628069.6,2292431.3
1997-03,Standard,Prague,249,7913546.8,4359484.2,3778441.9
1997-03,Standard,central Bohemia,236,7416761.9,3686195.2,3388898.6
1997-03,Standard,east Bohemia,210,6794976.0,3299987.6,2965900.3
1997-03,Standard,north Bohemia,179,5700651.4,2843455.8,2386829.2
1997-03,Standard,north Moravia,348,11539970.8,5762377.8,5136541.8
1997-03,Standard,south Bohemia,139,4678131.8,2653719.4,2119521.9
1997-03,Standard,south Moravia,341,10607956.4,5559574.3,4973724.2
1997-03,Standard,west Bohemia,167,5198998.4,2398211.0,1891002.0999999999
1997-04,Basic,Prague,98,2171649.6,1117931.3,1023878.7
1997-04,Basic,central Bohemia,123,2781525.5,1167108.2,1024205.7
1997-04,Basic,east Bohemia,135,2642658.0,1003353.8,863050.1
1997-04,Basic,north Bohemia,105,2283008.1,729369.8,711985.8
1997-04,Basic,north Moravia,146,2971328.9,1203595.1,1078638.4
1997-04,Basic,south Bohemia,94,2139059.7,856700.5,868283.6
1997-04,Basic,south Moravia,151,3145935.7,1418752.4,1204789.0
1997-04,Basic,west Bohemia,101,2074644.2,963215.7,794784.0
1997-04,Premium,Prague,126,6614651.3,3164649.1,2692335.0
1997-04,Premium,central Bohemia,133,6707373.8,3851231.7,3348178.3
1997-04,Premium,east Bohemia,116,6494110.4,2854403.5,2635330.8
1997-04,Premium,north Bohemia,116,5965436.4,2850336.2,2555018.6
1997-04,Premium,north Moravia,183,9758599.5,4451102.1,4282965.2
1997-04,Premium,south Bohemia,78,3823523.6,1918894.8,1782508.7
1997-04,Premium,south Moravia,177,8770531.1,3865355.9,3524056.7
1997-04,Premium,west Bohemia,98,5294932.2,2677798.9,2465016.9
1997-04,Standard,Prague,257,8407370.1,4313220.1,3819396.8
1997-04,Standard,central Bohemia,236,7810594.8,3741868.2,3348035.3
1997-04,Standard,east Bohemia,215,7253832.5,3483001.0,3024144.5
1997-04,Standard,north Bohemia,181,5962164.3,2775397.1,2513884.2
1997-04,Standard,north Moravia,361,12043818.9,5832817.4,5328969.3
1997-04,Standard,south Bohemia,145,5151331.2,2803750.4,2330551.0
1997-04,Standard,south Moravia,348,11595193.9,5755250.5,4768013.0
1997-04,Standard,west Bohemia,171,5354688.9,2394186.6,2238496.1
1997-05,Basic,Prague,102,2150916.6,1097648.5,1118381.5
1997-05,Basic,central Bohemia,130,2739743.7,1217909.7,1259691.5
1997-05,Basic,east Bohemia,137,2774172.5,952722.3,821207.8
1997-05,Basic,north Bohemia,109,2304620.1,859834.3,838222.3
1997-05,Basic,north Moravia,150,2983033.9,1248271.2,1236566.2
1997-05,Basic,south Bohemia,96,2009615.2,930349.5,1059794.0
1997-05,Basic,south Moravia,155,3397097.9,1528327.2,1277165.0
1997-05,Basic,west Bohemia,102,2116403.0,776800.6,735041.8
1997-05,Premium,Prague,128,6767322.7,3293993.6,3141322.2
1997-05,Premium,central Bohemia,136,6788226.3,3744838.7,3663986.2
1997-05,Premium,east Bohemia,117,6281979.2,2631885.6,2844016.8
1997-05,Premium,north Bohemia,118,5988214.9,2762737.7,2739959.2
1997-05,Premium,north Moravia,184,9971431.9,4469280.8,4256448.4
1997-05,Premium,south Bohemia,79,4003383.0,1967287.5,1787428.0999999999
1997-05,Premium,south Moravia,179,9097238.6,4624188.5,4297481.0
1997-05,Premium,west Bohemia,99,5292125.4,2655769.1,2658575.9
1997-05,Standard,Prague,263,8804220.5,4788192.8,4391342.4
1997-05,Standard,central Bohemia,240,7950297.7,3736639.0,3596936.1
1997-05,Standard,east Bohemia,218,7405724.6,3531621.6,3379729.5
1997-05,Standard,north Bohemia,184,5984156.0,2864495.9,2842504.2
1997-05,Standard,north Moravia,367,12478116.1,5950616.4,5516319.2
1997-05,Standard,south Bohemia,150,5142431.7,2833170.7,2842070.2
1997-05,Standard,south Moravia,358,11623423.6,5493188.8,5464959.1
1997-05,Standard,west Bohemia,176,5920542.3,2735238.8,2169385.4
1997-06,Basic,Prague,106,2112783.4,1399410.8,1437544.0
1997-06,Basic,central Bohemia,135,2644026.7,1324701.6,1420418.6
1997-06,Basic,east Bohemia,140,2571669.3,1268418.3,1470921.5
1997-06,Basic,north Bohemia,111,2258681.0,1096570.0,1142509.1
1997-06,Basic,north Moravia,156,2758147.5,1560555.5,1785441.9
1997-06,Basic,south Bohemia,96,1927771.7,1083364.3,1165207.8
1997-06,Basic,south Moravia,158,3147968.6,1653785.4,1902914.7
1997-06,Basic,west Bohemia,105,2079541.9,1136983.4,1173844.5
1997-06,Premium,Prague,129,6091752.1,3838102.3,4513672.9
1997-06,Premium,central Bohemia,139,6589762.4,4802595.0,5001058.9
1997-06,Premium,east Bohemia,118,5769992.600000001,3832931.4,4344918.0
1997-06,Premium,north Bohemia,118,5645513.7,3677873.1,4020574.3
1997-06,Premium,north Moravia,185,9168081.9,6409321.5,7212671.5
1997-06,Premium,south Bohemia,79,3981816.9,2796889.0,2818455.1
1997-06,Premium,south Moravia,180,8472602.7,5429662.8,6054298.7
1997-06,Premium,west Bohemia,100,4845024.5,3512916.0,3960016.9
1997-06,Standard,Prague,268,8588746.9,5759836.8,5975310.399999999
1997-06,Standard,central Bohemia,246,7766319.6,5038803.7,5222781.8
1997-06,Standard,east Bohemia,224,7266842.0,4786367.9,4925250.5
1997-06,Standard,north Bohemia,187,5634974.2,3751884.8,4101066.6
1997-06,Standard,north Moravia,372,12211554.5,8492766.5,8759328.1
1997-06,Standard,south Bohemia,154,4964699.3,3492703.7,3670436.1
1997-06,Standard,south Moravia,364,11329151.7,7510547.6,7804819.5
1997-06,Standard,west Bohemia,181,5872903.5,3472460.6,3520099.4
1997-07,Basic,Prague,110,2225083.4,1160729.7,1048429.7
1997-07,Basic,central Bohemia,136,2882037.2,1182063.7,944053.2
1997-07,Basic,east Bohemia,141,2703848.1,1158044.7,1025865.9
1997-07,Basic,north Bohemia,112,2432408.4,1013327.7,839600.3
1997-07,Basic,north Moravia,164,3038162.6,1406702.9,1126687.8
1997-07,Basic,south Bohemia,98,1931022.8,887081.8,883830.7
1997-07,Basic,south Moravia,162,3265549.3,1536787.1,1419206.4
1997-07,Basic,west Bohemia,106,2043667.0999999999,860991.6,896866.4
1997-07,Premium,Prague,132,6549544.6,3018378.1,2560585.6
1997-07,Premium,central Bohemia,142,7380279.8,4101370.2,3310852.8
1997-07,Premium,east Bohemia,120,6528552.6,3308423.6,2549863.6
1997-07,Premium,north Bohemia,119,6364022.3,3265685.5,2547176.9
1997-07,Premium,north Moravia,185,9873880.8,4820568.6,4114769.7
1997-07,Premium,south Bohemia,80,4176447.2,2227587.8,2032957.5
1997-07,Premium,south Moravia,182,9295406.1,4342006.6,3519203.2
1997-07,Premium,west Bohemia,101,5061417.8,2551030.8,2334637.5
1997-07,Standard,Prague,273,9050390.4,4931497.7,4469854.2
1997-07,Standard,central Bohemia,253,8241368.4,4303892.2,3828843.4
1997-07,Standard,east Bohemia,232,7673939.1,3823268.9,3416171.8
1997-07,Standard,north Bohemia,191,5948642.6,3119609.8,2805941.4
1997-07,Standard,north Moravia,377,12720925.9,6217702.1,5708330.7
1997-07,Standard,south Bohemia,157,5397499.3,3050983.7,2618183.7
1997-07,Standard,south Moravia,371,11948746.9,5835997.4,5216402.2
1997-07,Standard,west Bohemia,186,6056520.2,2652027.5,2468410.8
1997-08,Basic,Prague,114,2462780.2,1327405.9,1089709.1
1997-08,Basic,central Bohemia,136,2967347.4,1279465.5,1194155.3
1997-08,Basic,east Bohemia,145,2824110.1,1166620.9,1046358.9
1997-08,Basic,north Bohemia,114,2449932.0,919332.2,901808.6
1997-08,Basic,north Moravia,169,3168369.8,1334286.2,1204079.0
1997-08,Basic,south Bohemia,101,2100839.2,1014437.7,844621.3
1997-08,Basic,south Moravia,165,3270051.8,1318645.7,1314143.2
1997-08,Basic,west Bohemia,108,2070103.2,848361.3,821925.2
1997-08,Premium,Prague,136,7418134.2,3826868.9,2958279.3
1997-08,Premium,central Bohemia,144,7500169.9,3758269.4,3638379.3
1997-08,Premium,east Bohemia,122,6740321.100000001,3519704.7,3307936.2
1997-08,Premium,north Bohemia,120,6459999.5,3103636.0,3007658.8
1997-08,Premium,north Moravia,188,10180446.9,4746142.5,4439576.4
1997-08,Premium,south Bohemia,82,4403718.4,2360805.4,2133534.2
1997-08,Premium,south Moravia,184,9643756.7,3934819.4,3586468.8
1997-08,Premium,west Bohemia,104,5720108.9,3124917.6,2466226.5
1997-08,Standard,Prague,276,9619026.5,4915703.2,4347067.1
1997-08,Standard,central Bohemia,258,8445850.6,4052947.3,3848465.1
1997-08,Standard,east Bohemia,236,7987253.9,3563861.2,3250546.4
1997-08,Standard,north Bohemia,197,6037228.6,2850405.6,2761819.6
1997-08,Standard,north Moravia,383,13212685.8,6557789.1,6066029.2
1997-08,Standard,south Bohemia,162,5576787.0,2820724.5,2641436.8
1997-08,Standard,south Moravia,379,12318735.4,5913808.4,5543819.9
1997-08,Standard,west Bohemia,190,6221606.4,2528670.7,2363584.5
1997-09,Basic,Prague,118,2498478.6,1309778.1,1274079.7
1997-09,Basic,central Bohemia,137,2958836.3,1244759.0,1253270.1
1997-09,Basic,east Bohemia,146,2864501.5,1080126.3,1039734.9
1997-09,Basic,north Bohemia,114,2417929.5,905221.3,937223.8
1997-09,Basic,north Moravia,172,3322156.0,1503690.1,1349903.9
1997-09,Basic,south Bohemia,103,2112081.5,947385.0,936142.7
1997-09,Basic,south Moravia,167,3396703.3,1564214.4,1437562.9
1997-09,Basic,west Bohemia,109,2164274.4,896723.0,802551.8
1997-09,Premium,Prague,139,7938329.7,3984502.7,3464307.2
1997-09,Premium,central Bohemia,145,7896035.3,4562582.1,4166716.7
1997-09,Premium,east Bohemia,123,7083948.7,3139400.2,2795772.6
1997-09,Premium,north Bohemia,122,6641363.4,2972893.3,2791529.4
1997-09,Premium,north Moravia,193,10637187.1,4744107.1,4287366.9
1997-09,Premium,south Bohemia,84,4452872.4,2023587.2,1974433.2
1997-09,Premium,south Moravia,186,10073024.2,4274148.8,3844881.3
1997-09,Premium,west Bohemia,105,5868089.8,2893715.2,2745734.3
1997-09,Standard,Prague,282,9858448.1,5057380.1,4817958.5
1997-09,Standard,central Bohemia,265,9028319.0,4432132.9,3849664.5
1997-09,Standard,east Bohemia,242,8187902.7,3849005.4,3648356.6
1997-09,Standard,north Bohemia,201,6563380.6,3258078.6,2731926.6
1997-09,Standard,north Moravia,396,13369201.9,6215959.2,6059443.1
1997-09,Standard,south Bohemia,164,5740019.0,3016086.9,2852854.9
1997-09,Standard,south Moravia,388,12996517.4,6525968.0,5848186.0
1997-09,Standard,west Bohemia,195,6422791.7,2668196.5,2467011.2
1997-10,Basic,Prague,120,2401086.6,1274428.4,1371820.4
1997-10,Basic,central Bohemia,141,2959455.4,1347071.1,1346452.0
1997-10,Basic,east Bohemia,151,2780450.6,1119130.7,1203181.6
1997-10,Basic,north Bohemia,115,2394278.6,997145.3,1020796.2
1997-10,Basic,north Moravia,174,3469216.6,1520610.9,1373550.3
1997-10,Basic,south Bohemia,105,2103862.3,941523.3,949742.5
1997-10,Basic,south Moravia,172,3473272.8,1773142.5,1696573.0
1997-10,Basic,west Bohemia,113,2153958.8,897804.3,908119.9
1997-10,Premium,Prague,140,7999716.3,3648515.9,3587129.3
1997-10,Premium,central Bohemia,147,7940599.8,4309585.8,4265021.3
1997-10,Premium,east Bohemia,126,7398246.5,3551434.4,3237136.6
1997-10,Premium,north Bohemia,122,6963429.3,3272982.1,2950916.2
1997-10,Premium,north Moravia,193,11063205.7,4895599.4,4469580.8
1997-10,Premium,south Bohemia,86,4576384.7,2365885.7,2242373.4
1997-10,Premium,south Moravia,187,10252226.8,4335853.4,4156650.8
1997-10,Premium,west Bohemia,105,6134829.7,2849338.4,2582598.5
1997-10,Standard,Prague,285,10319339.8,5558136.0,5097244.3
1997-10,Standard,central Bohemia,270,9085225.6,4189130.2,4132223.6
1997-10,Standard,east Bohemia,250,8355959.4,3606392.4,3438335.6999999997
1997-10,Standard,north Bohemia,207,7057165.3,3436220.1,2942435.4
1997-10,Standard,north Moravia,404,13787993.4,6309418.8,5890627.3
1997-10,Standard,south Bohemia,168,5855205.6,2652127.0,2536940.4
1997-10,Standard,south Moravia,393,13228534.4,6363146.9,6131129.9
1997-10,Standard,west Bohemia,200,6866634.2,2816395.3,2372552.8
1997-11,Basic,Prague,121,2528490.3,1275348.1,1147944.4
1997-11,Basic,central Bohemia,145,2936113.5,1271968.7,1295310.6
1997-11,Basic,east Bohemia,152,2819622.8,1103202.6,1064030.4
1997-11,Basic,north Bohemia,117,2363712.3,969789.9,1000356.2
1997-11,Basic,north Moravia,177,3438592.1,1321519.0,1352143.5
1997-11,Basic,south Bohemia,105,2172591.1,976551.1,907822.3
1997-11,Basic,south Moravia,174,3384631.5,1260773.7,1349415.0
1997-11,Basic,west Bohemia,115,2135377.6,814459.8,833041.0
1997-11,Premium,Prague,141,8368835.5,3402502.8,3033383.6
1997-11,Premium,central Bohemia,150,8438212.6,4321739.1,3824126.3
1997-11,Premium,east Bohemia,129,7421809.3,3529617.9,3506055.1
1997-11,Premium,north Bohemia,123,6900817.2,2742446.3,2805058.4
1997-11,Premium,north Moravia,195,11231540.4,4475126.2,4306791.5
1997-11,Premium,south Bohemia,88,4881424.2,2757301.8,2452262.3
1997-11,Premium,south Moravia,188,10834368.1,4397060.4,3814919.1
1997-11,Premium,west Bohemia,105,6435252.5,3056392.8,2755970.0
1997-11,Standard,Prague,288,10306553.0,5020978.2,5033765.0
1997-11,Standard,central Bohemia,275,9471943.0,4654580.3,4267862.9
1997-11,Standard,east Bohemia,256,8874613.1,4256705.9,3738052.1999999997
1997-11,Standard,north Bohemia,209,7139186.5,3145817.2,3063796.0
1997-11,Standard,north Moravia,410,14242257.9,6301165.9,5846901.4
1997-11,Standard,south Bohemia,171,6284221.8,3232412.1,2803395.9
1997-11,Standard,south Moravia,400,13768087.2,6510005.3,5970452.5
1997-11,Standard,west Bohemia,202,7155409.8,3006989.1,2718213.5
1997-12,Basic,Prague,121,2599717.2,1735390.4,1664163.5
1997-12,Basic,central Bohemia,146,3097965.6,1529170.4,1367318.3
1997-12,Basic,east Bohemia,154,2934055.8,1327105.2,1212672.2
1997-12,Basic,north Bohemia,119,2423411.3,1097997.2,1038298.2
1997-12,Basic,north Moravia,181,3535614.6,1857612.2,1760589.7
1997-12,Basic,south Bohemia,105,2144623.8,1216798.6,1244765.9
1997-12,Basic,south Moravia,181,3630282.2,2024194.7,1778544.0
1997-12,Basic,west Bohemia,118,2140214.9,956279.9,951442.6
1997-12,Premium,Prague,141,8336816.7,4400582.2,4432601.0
1997-12,Premium,central Bohemia,151,8832954.2,5309354.1,4914612.5
1997-12,Premium,east Bohemia,129,7920023.100000001,4447238.3,3949024.5
1997-12,Premium,north Bohemia,124,7339107.2,4172948.2,3734658.2
1997-12,Premium,north Moravia,197,12083274.5,6831853.2,5980119.1
1997-12,Premium,south Bohemia,88,5013949.2,3007681.7,2875156.7
1997-12,Premium,south Moravia,189,11282715.8,5533535.2,5085187.5
1997-12,Premium,west Bohemia,106,6388905.5,3786693.5,3833040.5
1997-12,Standard,Prague,292,10436496.6,6064539.2,5934595.6
1997-12,Standard,central Bohemia,277,9757697.7,5761570.3,5475815.6
1997-12,Standard,east Bohemia,261,9217360.9,5114851.4,4772103.6
1997-12,Standard,north Bohemia,214,7480264.5,4240706.7,3899628.6999999997
1997-12,Standard,north Moravia,415,14916089.0,8446865.8,7773034.7
1997-12,Standard,south Bohemia,177,6309518.1,3578302.3,3553006.0
1997-12,Standard,south Moravia,408,14603853.1,8554176.1,7718410.2
1997-12,Standard,west Bohemia,206,7581170.1,3907733.3,3481973.0
1998-01,Basic,Prague,121,1778093.8,1045676.6,1867300.0
1998-01,Basic,central Bohemia,146,2134830.4,951070.3,1914205.5
1998-01,Basic,east Bohemia,154,2183252.0,895812.9,1646616.7
1998-01,Basic,north Bohemia,119,1706784.1,814603.5,1531230.7
1998-01,Basic,north Moravia,181,2627454.4,1359579.4,2267739.6
1998-01,Basic,south Bohemia,105,1657608.3,829825.9,1316841.4
1998-01,Basic,south Moravia,181,2688365.5,1294247.6,2236164.3
1998-01,Basic,west Bohemia,118,1698172.4,787562.9,1229605.4
1998-01,Premium,Prague,141,7095496.1,4280631.4,5521952.0
1998-01,Premium,central Bohemia,151,7891686.3,5478139.1,6419407.0
1998-01,Premium,east Bohemia,129,6587284.600000001,4233762.9,5566501.4
1998-01,Premium,north Bohemia,124,6441984.3,3940426.4,4837549.3
1998-01,Premium,north Moravia,197,10380553.6,6255394.0,7958114.9
1998-01,Premium,south Bohemia,88,4121764.2,2528206.1,3420391.1
1998-01,Premium,south Moravia,189,9501803.2,5363892.0,7144804.6
1998-01,Premium,west Bohemia,106,5625632.0,3579852.5,4343126.0
1998-01,Standard,Prague,292,8047479.8,5034758.5,7423775.3
1998-01,Standard,central Bohemia,277,7535219.5,4458873.2,6681351.399999999
1998-01,Standard,east Bohemia,261,7154240.7,4247208.9,6310329.1
1998-01,Standard,north Bohemia,214,5708793.2,3141534.7,4913006.0
1998-01,Standard,north Moravia,415,11660643.5,6337332.8,9592778.3
1998-01,Standard,south Bohemia,177,4735725.1,2620933.4,4194726.399999999
1998-01,Standard,south Moravia,408,11406158.1,6557893.3,9755588.3
1998-01,Standard,west Bohemia,206,6093814.9,3232340.0,4719695.2
1998-02,Basic,Prague,121,1850752.1,918498.3,845840.0
1998-02,Basic,central Bohemia,146,2263502.7,1008750.5,880078.2
1998-02,Basic,east Bohemia,154,2405243.9,966294.7,744302.8
1998-02,Basic,north Bohemia,119,1863240.0,763411.7,606955.8
1998-02,Basic,north Moravia,181,2916321.9,1420005.1,1131137.6
1998-02,Basic,south Bohemia,105,1792812.3,824329.2,689125.2
1998-02,Basic,south Moravia,181,2911927.9,1257311.2,1033748.8
1998-02,Basic,west Bohemia,118,1861663.4,732142.5,568651.5
1998-02,Premium,Prague,141,8404405.1,3951598.6,2642689.6
1998-02,Premium,central Bohemia,151,9347894.8,5075266.1,3619057.6
1998-02,Premium,east Bohemia,129,8059136.7,4102984.5,2631132.4
1998-02,Premium,north Bohemia,124,7435170.9,3495807.8,2502621.2
1998-02,Premium,north Moravia,197,11752436.5,5330415.2,3958532.3
1998-02,Premium,south Bohemia,88,5049037.3,2391195.4,1463922.3
1998-02,Premium,south Moravia,189,11169631.0,5092592.2,3424764.4
1998-02,Premium,west Bohemia,106,6534806.2,2908376.5,1999202.3
1998-02,Standard,Prague,292,9077118.2,4375118.8,3345480.4
1998-02,Standard,central Bohemia,277,8859563.4,4613479.1,3289135.2
1998-02,Standard,east Bohemia,261,8187990.0,4084177.7,3050428.4
1998-02,Standard,north Bohemia,214,6642455.6,3198953.5,2265291.1
1998-02,Standard,north Moravia,415,13504564.6,6306331.0,4462409.9
1998-02,Standard,south Bohemia,177,5721494.4,3018454.7,2032685.4
1998-02,Standard,south Moravia,408,12517707.7,5710239.2,4598689.6
1998-02,Standard,west Bohemia,206,6842148.4,3083022.5,2334689.0
1998-03,Basic,Prague,121,1986051.3,1065916.7,930617.5
1998-03,Basic,central Bohemia,146,2315819.8,1017197.8,964880.7
1998-03,Basic,east Bohemia,154,2454010.4,991927.5,943161.0
1998-03,Basic,north Bohemia,119,1934382.3,810694.1,739551.8
1998-03,Basic,north Moravia,181,2943027.3,1348711.7,1322006.3
1998-03,Basic,south Bohemia,105,1800943.3,867452.6,859321.6
1998-03,Basic,south Moravia,181,2958551.5,1209009.6,1162386.0
1998-03,Basic,west Bohemia,118,1888335.3,730341.9,703670.0
1998-03,Premium,Prague,141,8876568.0,4572942.3,4100779.4
1998-03,Premium,central Bohemia,151,9304610.3,4720583.8,4763868.3
1998-03,Premium,east Bohemia,129,8342799.3,4138335.1,3854672.5
1998-03,Premium,north Bohemia,124,8012625.8,4127033.9,3549579.0
1998-03,Premium,north Moravia,197,12561086.1,6066062.3,5257412.7
1998-03,Premium,south Bohemia,88,5440949.3,2698044.5,2306132.5
1998-03,Premium,south Moravia,189,11617115.1,5369224.7,4921740.6
1998-03,Premium,west Bohemia,106,6860400.3,3436988.0,3111393.9
1998-03,Standard,Prague,292,9729422.4,4654204.2,4001900.0
1998-03,Standard,central Bohemia,277,9194039.7,4508219.1,4173742.8
1998-03,Standard,east Bohemia,261,8603813.0,3867115.8,3451292.8
1998-03,Standard,north Bohemia,214,6747783.7,3030811.0,2925482.9
1998-03,Standard,north Moravia,415,13570426.3,5887290.3,5821428.6
1998-03,Standard,south Bohemia,177,5936676.5,2965251.6,2750069.5
1998-03,Standard,south Moravia,408,13304785.4,6198627.3,5411549.6
1998-03,Standard,west Bohemia,206,7021463.5,3029550.0,2850234.9
1998-04,Basic,Prague,121,1951908.3,888340.8,922483.8
1998-04,Basic,central Bohemia,146,2347724.0,1008046.7,976142.5
1998-04,Basic,east Bohemia,154,2555301.2,1032745.4,931454.6
1998-04,Basic,north Bohemia,119,2047173.5,957461.5,844670.3
1998-04,Basic,north Moravia,181,2962535.8,1359927.3,1340418.8
1998-04,Basic,south Bohemia,105,1876923.2,856519.8,780539.9
1998-04,Basic,south Moravia,181,2998240.2,1214274.0,1174585.3
1998-04,Basic,west Bohemia,118,1972784.8,739324.4,654874.9
1998-04,Premium,Prague,141,9250152.1,4305578.2,3931994.1
1998-04,Premium,central Bohemia,151,9595879.0,4749526.7,4458258.0
1998-04,Premium,east Bohemia,129,8510330.0,4162053.8,3994523.1
1998-04,Premium,north Bohemia,124,8022400.6,3840425.4,3830650.6
1998-04,Premium,north Moravia,197,12735989.9,5667163.0,5492259.2
1998-04,Premium,south Bohemia,88,5725947.3,2903415.5,2618417.5
1998-04,Premium,south Moravia,189,12053822.9,5168354.6,4731646.8
1998-04,Premium,west Bohemia,106,6878104.6,2694474.2,2676769.9
1998-04,Standard,Prague,292,9802205.6,4554875.7,4482092.5
1998-04,Standard,central Bohemia,277,9415402.5,4432311.0,4210948.2
1998-04,Standard,east Bohemia,261,9086238.3,4077479.9,3595054.6
1998-04,Standard,north Bohemia,214,6860583.4,2928112.3,2815312.6
1998-04,Standard,north Moravia,415,14157231.9,6007792.3,5420986.7
1998-04,Standard,south Bohemia,177,5986829.6,2782568.7,2732415.6
1998-04,Standard,south Moravia,408,14094205.3,6476180.6,5686760.7
1998-04,Standard,west Bohemia,206,7410886.3,3276276.7,2886853.9
1998-05,Basic,Prague,121,1840744.1,905556.0,1016720.2
1998-05,Basic,central Bohemia,146,2370546.8,987000.7,964177.9
1998-05,Basic,east Bohemia,154,2546427.4,1012647.3,1021521.1
1998-05,Basic,north Bohemia,119,2018881.6,811464.5,839756.4
1998-05,Basic,north Moravia,181,2981718.8,1432081.6,1412898.6
1998-05,Basic,south Bohemia,105,1891009.1,859457.3,845371.4
1998-05,Basic,south Moravia,181,3048704.3000000003,1271282.9,1220818.8
1998-05,Basic,west Bohemia,118,1892068.8,713301.6,794017.6
1998-05,Premium,Prague,141,9347056.0,4097676.0,4000772.1
1998-05,Premium,central Bohemia,151,9522678.0,4472467.2,4545668.2
1998-05,Premium,east Bohemia,129,8452878.6,3920502.7,3977954.1
1998-05,Premium,north Bohemia,124,8132903.0,3574883.0,3464380.6
1998-05,Premium,north Moravia,197,13177669.8,6329642.6,5887962.7
1998-05,Premium,south Bohemia,88,5666337.8,2595321.5,2654931.0
1998-05,Premium,south Moravia,189,12284465.1,5619366.0,5388723.8
1998-05,Premium,west Bohemia,106,7277170.5,3745003.8,3345937.9
1998-05,Standard,Prague,292,10140578.9,4668692.2,4330318.9
1998-05,Standard,central Bohemia,277,9252574.7,3957403.3,4120231.1
1998-05,Standard,east Bohemia,261,8948141.2,3535289.9,3673387.0
1998-05,Standard,north Bohemia,214,7203353.7,3029639.3,2686869.0
1998-05,Standard,north Moravia,415,14473993.7,6305138.5,5988376.7
1998-05,Standard,south Bohemia,177,6155085.8,2768146.9,2599890.6999999997
1998-05,Standard,south Moravia,408,14106760.6,6300599.7,6288044.399999999
1998-05,Standard,west Bohemia,206,7428235.5,2960495.3,2943146.1
1998-06,Basic,Prague,121,1793772.1,1202792.4,1249764.4
1998-06,Basic,central Bohemia,146,2284855.8,1198855.6,1284546.6
1998-06,Basic,east Bohemia,154,2370376.4,1111366.6,1287417.6
1998-06,Basic,north Bohemia,119,2006878.1,1061693.9,1073697.4
1998-06,Basic,north Moravia,181,2858782.7,1795561.1,1918497.2
1998-06,Basic,south Bohemia,105,1822645.1,1106840.9,1175204.9
1998-06,Basic,south Moravia,181,2902380.3000000003,1474284.6,1620608.6
1998-06,Basic,west Bohemia,118,1815381.5,967068.6,1043755.9
1998-06,Premium,Prague,141,8404345.2,5484271.5,6426982.3
1998-06,Premium,central Bohemia,151,8911471.8,5966039.5,6577245.7
1998-06,Premium,east Bohemia,129,7676971.7,5316770.0,6092676.9
1998-06,Premium,north Bohemia,124,7631759.1,5082734.7,5583878.6
1998-06,Premium,north Moravia,197,11739505.3,7135689.2,8573853.7
1998-06,Premium,south Bohemia,88,5125365.1,3409498.9,3950471.6
1998-06,Premium,south Moravia,189,11355099.2,6433216.3,7362582.2
1998-06,Premium,west Bohemia,106,6208966.8,4217366.2,5285569.9
1998-06,Standard,Prague,292,9252863.8,5822372.7,6710087.8
1998-06,Standard,central Bohemia,277,8739228.7,5505618.3,6018964.3
1998-06,Standard,east Bohemia,261,8219563.3,5360777.3,6089355.2
1998-06,Standard,north Bohemia,214,7010848.5,4159942.3,4352447.5
1998-06,Standard,north Moravia,415,13229010.0,8186995.9,9431979.6
1998-06,Standard,south Bohemia,177,5733583.8,3759636.0,4181138.0
1998-06,Standard,south Moravia,408,13023944.0,8383052.6,9465869.2
1998-06,Standard,west Bohemia,206,6783080.0,4178915.4,4824070.899999999
1998-07,Basic,Prague,121,1702404.3,870825.8,962193.6
1998-07,Basic,central Bohemia,146,2248197.0,955287.0,991945.8
1998-07,Basic,east Bohemia,154,2509510.9,1005257.5,866123.0
1998-07,Basic,north Bohemia,119,1966859.1,834059.4,874078.4
1998-07,Basic,north Moravia,181,2741060.1,1334935.9,1452658.5
1998-07,Basic,south Bohemia,105,1742393.7,799133.7,879385.1
1998-07,Basic,south Moravia,181,2899913.4,1153567.1,1156034.0
1998-07,Basic,west Bohemia,118,1938352.8,814629.2,691657.9
1998-07,Premium,Prague,141,9055532.3,3936314.6,3285127.5
1998-07,Premium,central Bohemia,151,9540523.9,4910989.4,4281937.3
1998-07,Premium,east Bohemia,129,8531439.7,4216005.9,3361537.9
1998-07,Premium,north Bohemia,124,8017594.5,3589773.0,3203937.6
1998-07,Premium,north Moravia,197,12823212.4,5923987.7,4840280.6
1998-07,Premium,south Bohemia,88,5659885.8,3074289.0,2539768.3
1998-07,Premium,south Moravia,189,12135175.4,5371090.0,4591013.8
1998-07,Premium,west Bohemia,106,6804031.7,3072978.8,2477913.9
1998-07,Standard,Prague,292,9687610.3,5029690.6,4594944.1
1998-07,Standard,central Bohemia,277,9443824.9,4708198.9,4003602.7
1998-07,Standard,east Bohemia,261,8689494.9,4235116.3,3765184.7
1998-07,Standard,north Bohemia,214,7085489.6,3097309.9,3022668.8
1998-07,Standard,north Moravia,415,13815566.7,6411241.3,5824684.6
1998-07,Standard,south Bohemia,177,6148439.4,3222693.4,2807837.8
1998-07,Standard,south Moravia,408,13427854.7,6130620.1,5726709.4
1998-07,Standard,west Bohemia,206,7400450.4,3527634.9,2910264.5
1998-08,Basic,Prague,121,1819248.0,939327.3,822483.6
1998-08,Basic,central Bohemia,146,2285995.7,1068563.8,1030765.1
1998-08,Basic,east Bohemia,154,2451631.5,983932.6,1041812.0
1998-08,Basic,north Bohemia,119,1970688.6,743364.9,739535.4
1998-08,Basic,north Moravia,181,2657945.7,1317427.1,1400541.5
1998-08,Basic,south Bohemia,105,1850612.5,924067.0,815848.2
1998-08,Basic,south Moravia,181,2942612.1,1335413.7,1292715.0
1998-08,Basic,west Bohemia,118,1946930.3,778171.3,769593.8
1998-08,Premium,Prague,141,9491337.2,4060654.2,3624849.3
1998-08,Premium,central Bohemia,151,9769319.2,4957584.6,4728789.3
1998-08,Premium,east Bohemia,129,8543407.7,3640527.9,3628559.9
1998-08,Premium,north Bohemia,124,8205739.6,4093811.5,3905666.4
1998-08,Premium,north Moravia,197,13307768.8,6077623.1,5593066.7
1998-08,Premium,south Bohemia,88,5818250.7,2939726.2,2781361.3
1998-08,Premium,south Moravia,189,12371901.7,5200830.1,4964103.8
1998-08,Premium,west Bohemia,106,7103323.8,3277914.0,2978621.9
1998-08,Standard,Prague,292,9980531.8,4851974.5,4559053.0
1998-08,Standard,central Bohemia,277,9472270.7,4157093.1,4128647.3
1998-08,Standard,east Bohemia,261,9257458.5,4287410.6,3719447.0
1998-08,Standard,north Bohemia,214,7301687.2,3226162.4,3009964.8
1998-08,Standard,north Moravia,415,14285474.5,6327107.8,5857200.0
1998-08,Standard,south Bohemia,177,5893268.4,2567529.7,2822700.6999999997
1998-08,Standard,south Moravia,408,13634570.7,6341340.2,6134624.2
1998-08,Standard,west Bohemia,206,7460450.3,3125912.4,3065912.5
1998-09,Basic,Prague,121,1816518.0,917794.1,920524.1
1998-09,Basic,central Bohemia,146,2336836.2,1007583.9,956743.4
1998-09,Basic,east Bohemia,154,2491351.8,966670.1,926949.8
1998-09,Basic,north Bohemia,119,1987490.5,753343.3,736541.4
1998-09,Basic,north Moravia,181,2860847.9,1400987.6,1198085.4
1998-09,Basic,south Bohemia,105,1846182.5,997887.0,1002317.0
1998-09,Basic,south Moravia,181,3040263.3000000003,1298877.7,1201226.5
1998-09,Basic,west Bohemia,118,2026805.0999999999,747758.7,667883.9
1998-09,Premium,Prague,141,9563045.5,3921563.6,3849855.3
1998-09,Premium,central Bohemia,151,10252996.1,4818572.2,4334895.3
1998-09,Premium,east Bohemia,129,8836765.4,3771260.6,3477902.9
1998-09,Premium,north Bohemia,124,8447129.9,4055668.5,3814278.2
1998-09,Premium,north Moravia,197,13658792.6,5947309.3,5596285.5
1998-09,Premium,south Bohemia,88,6045659.0,2621625.6,2394217.3
1998-09,Premium,south Moravia,189,12609043.9,5122677.2,4885535.0
1998-09,Premium,west Bohemia,106,7335083.7,3500161.8,3268401.9
1998-09,Standard,Prague,292,10158273.4,4570038.3,4392296.7
1998-09,Standard,central Bohemia,277,9741071.7,4160363.6,3891562.6
1998-09,Standard,east Bohemia,261,9372601.8,3827276.0,3712132.7
1998-09,Standard,north Bohemia,214,7521167.0,3290629.3,3071149.5
1998-09,Standard,north Moravia,415,14486507.6,6216207.3,6015174.2
1998-09,Standard,south Bohemia,177,6012583.5,2802885.4,2683570.3
1998-09,Standard,south Moravia,408,14107862.3,6597886.1,6124594.5
1998-09,Standard,west Bohemia,206,7477887.5,2938990.0,2921552.8
1998-10,Basic,Prague,121,1884398.8,977914.7,910033.9
1998-10,Basic,central Bohemia,146,2466464.8,1137406.6,1007778.0
1998-10,Basic,east Bohemia,154,2520625.4,968978.8,939705.2
1998-10,Basic,north Bohemia,119,2043141.7,802128.7,746477.5
1998-10,Basic,north Moravia,181,2831971.3,1347485.9,1376362.5
1998-10,Basic,south Bohemia,105,1812888.8,838973.2,872266.9
1998-10,Basic,south Moravia,181,3224560.0,1381989.9,1197693.2
1998-10,Basic,west Bohemia,118,2046777.2,790074.2,770102.1
1998-10,Premium,Prague,141,9941796.7,4125085.5,3746334.3
1998-10,Premium,central Bohemia,151,10035264.7,4750818.9,4968550.3
1998-10,Premium,east Bohemia,129,8915979.2,4320416.0,4241202.2
1998-10,Premium,north Bohemia,124,8455793.4,3699003.7,3690340.2
1998-10,Premium,north Moravia,197,13672863.8,5775416.7,5761345.5
1998-10,Premium,south Bohemia,88,5973413.7,2709746.0,2781991.3
1998-10,Premium,south Moravia,189,13000834.6,5154052.7,4762262.0
1998-10,Premium,west Bohemia,106,7208162.7,3129197.1,3256118.1
1998-10,Standard,Prague,292,10418347.2,4904263.7,4644189.9
1998-10,Standard,central Bohemia,277,9626254.3,4044789.1,4159606.5
1998-10,Standard,east Bohemia,261,9618778.1,4189145.3,3942969.0
1998-10,Standard,north Bohemia,214,7538225.2,3294121.2,3277063.0
1998-10,Standard,north Moravia,415,14807735.9,6541819.1,6220590.8
1998-10,Standard,south Bohemia,177,6239736.7,2804844.5,2577691.3
1998-10,Standard,south Moravia,408,14110103.0,6086074.9,6083834.2
1998-10,Standard,west Bohemia,206,7790658.0,3247069.9,2934299.4
1998-11,Basic,Prague,121,2012746.7,993244.5,864896.6
1998-11,Basic,central Bohemia,146,2385236.4,1008623.5,1089851.9
1998-11,Basic,east Bohemia,154,2547257.2,1012848.8,986217.0
1998-11,Basic,north Bohemia,119,2152616.0,891957.9,782483.6
1998-11,Basic,north Moravia,181,2929326.8,1340830.0,1243474.5
1998-11,Basic,south Bohemia,105,1815529.7,855576.7,852935.8
1998-11,Basic,south Moravia,181,3203257.0,1353045.5,1374348.5
1998-11,Basic,west Bohemia,118,2082743.8,794811.4,758844.8
1998-11,Premium,Prague,141,10086408.8,4225569.0,4080956.9
1998-11,Premium,central Bohemia,151,10110007.7,4622781.8,4548038.8
1998-11,Premium,east Bohemia,129,9129340.1,3868255.1,3654894.2
1998-11,Premium,north Bohemia,124,8446215.9,3606389.7,3615967.2
1998-11,Premium,north Moravia,197,13854271.1,5959768.8,5778361.5
1998-11,Premium,south Bohemia,88,5795675.5,2424255.1,2601993.3
1998-11,Premium,south Moravia,189,13492123.9,5461205.3,4969916.0
1998-11,Premium,west Bohemia,106,7434638.5,3052270.9,2825795.1
1998-11,Standard,Prague,292,10533946.6,4665956.9,4550357.5
1998-11,Standard,central Bohemia,277,9972852.1,4339605.4,3993007.6
1998-11,Standard,east Bohemia,261,9658823.3,4229106.4,4189061.2
1998-11,Standard,north Bohemia,214,7511889.4,2920249.5,2946585.3
1998-11,Standard,north Moravia,415,15020374.7,6284650.7,6072011.9
1998-11,Standard,south Bohemia,177,6152639.399999999,2503631.5,2590728.8
1998-11,Standard,south Moravia,408,14443529.4,6231330.1,5897903.7
1998-11,Standard,west Bohemia,206,7764980.6,2950910.0,2976587.4
1998-12,Basic,Prague,121,2280830.3,1214223.3,946139.7
1998-12,Basic,central Bohemia,146,2696128.6,1356367.4,1045475.2
1998-12,Basic,east Bohemia,154,2769212.0,1132599.6,910644.8
1998-12,Basic,north Bohemia,119,2257522.0,911567.2,806661.2
1998-12,Basic,north Moravia,181,3376589.7,1761812.6,1314549.7
1998-12,Basic,south Bohemia,105,1930061.3,1074924.2,960392.6
1998-12,Basic,south Moravia,181,3507968.3000000003,1707419.8,1402708.5
1998-12,Basic,west Bohemia,118,2224861.6999999997,962096.6,819978.7
1998-12,Premium,Prague,141,10704216.4,4815248.2,4197440.6
1998-12,Premium,central Bohemia,151,11115264.7,5681151.4,4675894.4
1998-12,Premium,east Bohemia,129,9823029.5,4844114.6,4150425.2
1998-12,Premium,north Bohemia,124,9480017.4,5044935.6,4011134.1
1998-12,Premium,north Moravia,197,15022377.8,6826594.5,5658487.8
1998-12,Premium,south Bohemia,88,6315332.9,3508285.7,2988628.3
1998-12,Premium,south Moravia,189,14187898.3,6124336.7,5428562.3
1998-12,Premium,west Bohemia,106,7765144.4,3229058.4,2898552.5
1998-12,Standard,Prague,292,11913043.4,5819967.2,4440870.4
1998-12,Standard,central Bohemia,277,11341290.2,5759686.0,4391247.9
1998-12,Standard,east Bohemia,261,11069582.6,5329890.4,3919131.1
1998-12,Standard,north Bohemia,214,8428654.0,3939241.1,3022476.5
1998-12,Standard,north Moravia,415,16603796.4,8275965.9,6692544.2
1998-12,Standard,south Bohemia,177,7236414.399999999,3620492.6,2536717.6
1998-12,Standard,south Moravia,408,16327470.4,8116846.6,6232905.6
1998-12,Standard,west Bohemia,206,8774582.0,4099150.3,3089548.9
